{
"type": "FeatureCollection",
"name": "zona_sitp_sts",
"crs": { "type": "name", "properties": { "name": "urn:ogc:def:crs:OGC:1.3:CRS84" } },
"features": [
{ "type": "Feature", "properties": { "objectid": 1, "nombre": "Neutra", "zona": "Centro/Chapinero", "lim_norte": "Calle 100", "lim_sur": "Calle 6", "lim_este": "Cerros Orientales", "lim_oeste": "Av. NQS", "color": "Gris", "letra": "A", "rango": "000-099", "globalid": "{4131B6EB-5669-4C96-92CE-CBB77EA18BF0}", "shape_Length": 0.4503281925032076, "shape_Area": 0.0027654041217005428 }, "geometry": { "type": "MultiPolygon", "coordinates": [ [ [ [ -74.037993554999957, 4.679848597000046 ], [ -74.037736545999962, 4.679734293000024 ], [ -74.037603993999937, 4.679821816000072 ], [ -74.036613990999967, 4.680457089000072 ], [ -74.036539601999948, 4.680496912000024 ], [ -74.035943913999972, 4.681048259000022 ], [ -74.035076465999964, 4.681298763000029 ], [ -74.034663613999953, 4.681482022000068 ], [ -74.034583641999973, 4.681498641000076 ], [ -74.03408759499996, 4.681721868000068 ], [ -74.033481889999962, 4.681730318000064 ], [ -74.032895919999987, 4.681939617000069 ], [ -74.032833634999974, 4.68200138900005 ], [ -74.032522808999943, 4.682159733000049 ], [ -74.032126707999964, 4.68223294400002 ], [ -74.032117188999962, 4.682233422000024 ], [ -74.031754288999934, 4.68225129800004 ], [ -74.031476945999941, 4.682213514000068 ], [ -74.031224068999961, 4.682068876000073 ], [ -74.031217326999979, 4.68206910400005 ], [ -74.03121693099996, 4.682068877000063 ], [ -74.031079993999981, 4.682073474000049 ], [ -74.030846607999933, 4.682173998000053 ], [ -74.030784648999941, 4.682239467000045 ], [ -74.030476207999982, 4.682447099000058 ], [ -74.030452240999978, 4.682462214000054 ], [ -74.030391142999974, 4.682507315000066 ], [ -74.030142861999934, 4.682587157000057 ], [ -74.030114043999959, 4.682624001000022 ], [ -74.029934935999961, 4.682750485000042 ], [ -74.029887147999943, 4.682808869000041 ], [ -74.029852174999974, 4.682812676000026 ], [ -74.029634013999953, 4.683005611000056 ], [ -74.029362213999946, 4.68311817600005 ], [ -74.029001392999987, 4.683154047000073 ], [ -74.028927788999965, 4.683171284000025 ], [ -74.028880684999933, 4.683187635000024 ], [ -74.028877075999958, 4.683188888000075 ], [ -74.028545167999937, 4.683070980000025 ], [ -74.028205968999941, 4.683081905000051 ], [ -74.028125541999941, 4.683134078000023 ], [ -74.028059501999962, 4.68317279200005 ], [ -74.027768325999943, 4.683221682000067 ], [ -74.027734664999969, 4.68322613600003 ], [ -74.027489120999974, 4.683301735000043 ], [ -74.027460230999964, 4.683313635000047 ], [ -74.027431456999977, 4.683300082000073 ], [ -74.027340201999948, 4.68328368300007 ], [ -74.027249508999944, 4.683263895000039 ], [ -74.027130651999983, 4.683212454000056 ], [ -74.026991517999988, 4.683177967000063 ], [ -74.026910401999942, 4.683114661000047 ], [ -74.026819711999963, 4.683088089000023 ], [ -74.026728455999944, 4.683083561000046 ], [ -74.026695776999986, 4.683173426000053 ], [ -74.02662197799998, 4.683238417000041 ], [ -74.026608998999961, 4.683248010000057 ], [ -74.026548655999989, 4.683292615000028 ], [ -74.02654705499998, 4.683293800000058 ], [ -74.026459171999988, 4.683345227000075 ], [ -74.026362282999969, 4.683348045000059 ], [ -74.026360539999985, 4.683347445000038 ], [ -74.026270463999936, 4.683316387000048 ], [ -74.026184278999949, 4.683281905000058 ], [ -74.026171297999952, 4.68327905700005 ], [ -74.02608119599995, 4.683259289000034 ], [ -74.026001762999954, 4.683319760000074 ], [ -74.025918952999973, 4.683357620000038 ], [ -74.025868824999975, 4.683259273000033 ], [ -74.025804612999934, 4.683176184000047 ], [ -74.025738710999974, 4.683077273000038 ], [ -74.025641259999986, 4.683069917000068 ], [ -74.025549437999985, 4.68309025700006 ], [ -74.025459308999984, 4.683052948000068 ], [ -74.025367489999951, 4.683036551000043 ], [ -74.025253699999951, 4.683060845000057 ], [ -74.025148359999946, 4.683058576000064 ], [ -74.025058232999982, 4.682995833000064 ], [ -74.024942759999988, 4.682917262000046 ], [ -74.024787290999939, 4.682852818000072 ], [ -74.02471124799996, 4.682789511000067 ], [ -74.024620553999966, 4.68277424300004 ], [ -74.024400296999943, 4.682805314000063 ], [ -74.024303968999959, 4.68280304600006 ], [ -74.024171592999949, 4.682783254000071 ], [ -74.024263412999971, 4.682766870000023 ], [ -74.024345661999973, 4.68271487800007 ], [ -74.024404252999943, 4.682636886000068 ], [ -74.024425664999967, 4.682543632000034 ], [ -74.024481439999988, 4.682468467000035 ], [ -74.024632976999953, 4.682375785000033 ], [ -74.024716914999942, 4.682341879000035 ], [ -74.024813240999947, 4.68233284400003 ], [ -74.025014906999957, 4.682339642000045 ], [ -74.025110669999947, 4.682357735000039 ], [ -74.025201925999966, 4.682359435000023 ], [ -74.025307830999964, 4.682348706000028 ], [ -74.025400778999938, 4.682312540000055 ], [ -74.025477394999939, 4.682250940000074 ], [ -74.02564696099995, 4.682147523000026 ], [ -74.025659393999945, 4.682134437000059 ], [ -74.025715688999981, 4.682075183000052 ], [ -74.025859914999955, 4.681853639000053 ], [ -74.025903859999971, 4.681756992000032 ], [ -74.025914569999941, 4.681664868000041 ], [ -74.025866693999944, 4.681572736000021 ], [ -74.025892050999971, 4.681482310000035 ], [ -74.025959655999941, 4.681378884000026 ], [ -74.026037960999986, 4.681310500000052 ], [ -74.026135410999984, 4.681338201000074 ], [ -74.02622103899995, 4.681310514000074 ], [ -74.026312856999937, 4.681335955000065 ], [ -74.026369745999943, 4.681416216000059 ], [ -74.026450857999976, 4.68146878500005 ], [ -74.026521268999943, 4.681534917000022 ], [ -74.026613087999976, 4.681536620000031 ], [ -74.026664356999959, 4.68145071500004 ], [ -74.026734774999966, 4.681382896000059 ], [ -74.026829413999963, 4.681326950000027 ], [ -74.026842377999969, 4.681231999000033 ], [ -74.026898716999938, 4.681146093000052 ], [ -74.026982089999933, 4.681085058000065 ], [ -74.027075601999968, 4.681051152000066 ], [ -74.027153336999959, 4.681098635000069 ], [ -74.027250226999968, 4.681093553000039 ], [ -74.027330784999947, 4.681039868000028 ], [ -74.027403457999981, 4.680959616000052 ], [ -74.02748401499997, 4.680915537000033 ], [ -74.027518939999936, 4.680944364000027 ], [ -74.02749470599997, 4.681076051000048 ], [ -74.027538639999989, 4.681161963000022 ], [ -74.027703115999941, 4.681315708000056 ], [ -74.027778595999962, 4.681372798000041 ], [ -74.027933502999986, 4.681451371000037 ], [ -74.028023628999961, 4.68149037400002 ], [ -74.028179653999985, 4.681659379000052 ], [ -74.028266400999939, 4.681715904000043 ], [ -74.02849509899994, 4.681814263000035 ], [ -74.028586919999952, 4.681823314000042 ], [ -74.028706901999954, 4.68188040800004 ], [ -74.028820683999982, 4.681953323000073 ], [ -74.028891657999964, 4.682023978000075 ], [ -74.028964884999937, 4.682083895000062 ], [ -74.029043745999957, 4.682134201000054 ], [ -74.02914739299996, 4.682168121000075 ], [ -74.029241465999974, 4.682165302000044 ], [ -74.029352437999989, 4.682179437000059 ], [ -74.029444823999938, 4.682168143000069 ], [ -74.029564246999939, 4.682156280000072 ], [ -74.029659444999936, 4.68217889500005 ], [ -74.02974224999997, 4.682215638000059 ], [ -74.029830121999964, 4.68226990200003 ], [ -74.029921941999987, 4.682292515000029 ], [ -74.030041926999957, 4.682301568000071 ], [ -74.030136562999985, 4.682301009000071 ], [ -74.030116291999946, 4.682204359000025 ], [ -74.030069539999943, 4.682120141000041 ], [ -74.030066170999987, 4.682015016000037 ], [ -74.030105043999981, 4.681926284000042 ], [ -74.030128144999935, 4.681830767000065 ], [ -74.030141671999957, 4.681734120000044 ], [ -74.030156890999933, 4.681600170000024 ], [ -74.030150700999968, 4.681504087000064 ], [ -74.030081420999977, 4.681383697000058 ], [ -74.029967640999985, 4.681242956000062 ], [ -74.029974409999966, 4.681113527000036 ], [ -74.030083126999955, 4.681141794000041 ], [ -74.030210435999948, 4.681169497000042 ], [ -74.030305632999955, 4.681173459000036 ], [ -74.030384500999958, 4.681114685000068 ], [ -74.030422811999983, 4.681031039000061 ], [ -74.030449858999987, 4.680938914000023 ], [ -74.030533231999982, 4.680877315000032 ], [ -74.030623929999933, 4.68079536700003 ], [ -74.030736041999944, 4.680626382000071 ], [ -74.030893786999968, 4.68037036100003 ], [ -74.030963641999961, 4.680290672000069 ], [ -74.031053769999971, 4.680321199000048 ], [ -74.031119673999967, 4.680383942000049 ], [ -74.031191209999974, 4.680438767000055 ], [ -74.031283590999976, 4.680476077000037 ], [ -74.031357944999968, 4.680531471000052 ], [ -74.031445255999984, 4.68055634600006 ], [ -74.031531441999959, 4.68059082700006 ], [ -74.031682967999984, 4.680693137000048 ], [ -74.031777600999987, 4.680728186000067 ], [ -74.031875053999954, 4.680740060000062 ], [ -74.031986027999949, 4.680711243000076 ], [ -74.032160092999959, 4.680695995000065 ], [ -74.032338102999972, 4.680651356000055 ], [ -74.032441190999975, 4.680623668000067 ], [ -74.032534140999985, 4.680582981000043 ], [ -74.032606810999937, 4.68051798700003 ], [ -74.032660328999953, 4.680441690000066 ], [ -74.032769057999985, 4.680343354000058 ], [ -74.032849613999986, 4.680285143000049 ], [ -74.032943122999939, 4.680280629000038 ], [ -74.03303606999998, 4.680287981000049 ], [ -74.033129578999933, 4.680303246000051 ], [ -74.033222526999964, 4.680289124000069 ], [ -74.033312653999985, 4.680316259000051 ], [ -74.033403906, 4.680398217000061 ], [ -74.033491779999963, 4.680424787000049 ], [ -74.033626978999962, 4.680376755000054 ], [ -74.033837096999946, 4.680337769000062 ], [ -74.033949199999938, 4.680307820000053 ], [ -74.034039895999967, 4.680248480000046 ], [ -74.034086655999943, 4.680155226000068 ], [ -74.034109194999985, 4.680045015000076 ], [ -74.034145253999952, 4.67994610900007 ], [ -74.034162358999936, 4.679917397000054 ], [ -74.034202153999956, 4.679850596000051 ], [ -74.034490026999947, 4.679542017000074 ], [ -74.034545796999964, 4.679466286000036 ], [ -74.03460720399994, 4.679393943000036 ], [ -74.034708040999988, 4.679319910000061 ], [ -74.034802680999974, 4.679262831000074 ], [ -74.034870845999933, 4.679202359000044 ], [ -74.034965481999961, 4.67919106100004 ], [ -74.035055611999951, 4.679193327000064 ], [ -74.035151373999952, 4.679201245000058 ], [ -74.035356984999964, 4.679179781000073 ], [ -74.03546683199994, 4.679152658000021 ], [ -74.03555414899995, 4.679109143000062 ], [ -74.035715822999975, 4.679031157000054 ], [ -74.035803702999942, 4.678996120000022 ], [ -74.035887075999938, 4.678931128000045 ], [ -74.035982278999938, 4.678883659000064 ], [ -74.03604086699994, 4.678811316000065 ], [ -74.036090445999946, 4.678714106000029 ], [ -74.036150721999945, 4.678642328000024 ], [ -74.03634225899998, 4.678471653000031 ], [ -74.036465630999942, 4.678316232000043 ], [ -74.036567596999987, 4.678216764000069 ], [ -74.036614920999966, 4.678139901000065 ], [ -74.036672948999978, 4.678006518000075 ], [ -74.036747875999936, 4.677879354000027 ], [ -74.036826185999985, 4.677714888000025 ], [ -74.036867315999984, 4.677573593000034 ], [ -74.036951257999988, 4.677415343000064 ], [ -74.036991823999983, 4.677313045000062 ], [ -74.03705210399994, 4.677213575000053 ], [ -74.037181112999974, 4.677018591000035 ], [ -74.03725772699994, 4.676906123000037 ], [ -74.037301108999941, 4.676825866000058 ], [ -74.037338295999973, 4.676663092000069 ], [ -74.037338305999981, 4.676497492000067 ], [ -74.037318031999973, 4.676405928000065 ], [ -74.037274096999965, 4.676322279000033 ], [ -74.037209882999946, 4.676254452000023 ], [ -74.037137221999956, 4.676200754000035 ], [ -74.037093849999962, 4.676120493000042 ], [ -74.037076957999943, 4.676016498000024 ], [ -74.037039784999934, 4.675917022000021 ], [ -74.037047110999936, 4.675826589000053 ], [ -74.037058946999935, 4.675731640000038 ], [ -74.037059516999989, 4.675634991000038 ], [ -74.037043186999938, 4.675499909000052 ], [ -74.037070232999952, 4.675411176000068 ], [ -74.037178389999951, 4.675392530000067 ], [ -74.037277530999972, 4.675385188000064 ], [ -74.037403711999957, 4.675385197000026 ], [ -74.037496659999988, 4.675356940000029 ], [ -74.037592987999972, 4.675309470000059 ], [ -74.03773212699997, 4.675264827000035 ], [ -74.037822257999949, 4.675243357000056 ], [ -74.037902250999934, 4.67518797200006 ], [ -74.037973794999971, 4.675121847000071 ], [ -74.03802787799998, 4.675047247000066 ], [ -74.038041960999976, 4.675021814000047 ], [ -74.038118576999977, 4.674957384000038 ], [ -74.038208706999967, 4.674922347000063 ], [ -74.038340521999942, 4.674889008000036 ], [ -74.038497124999935, 4.674814412000046 ], [ -74.038570360999984, 4.674752245000036 ], [ -74.038618246999988, 4.674665208000022 ], [ -74.038677396999958, 4.674592301000075 ], [ -74.038767526999948, 4.674570264000067 ], [ -74.038919056999987, 4.674566881000032 ], [ -74.039010314999985, 4.674541451000039 ], [ -74.039094813999952, 4.674491155000055 ], [ -74.039201848999937, 4.674388860000022 ], [ -74.039346063999972, 4.674226094000062 ], [ -74.039402963999976, 4.674125490000051 ], [ -74.039449723999951, 4.674013586000058 ], [ -74.039502116999984, 4.673932767000053 ], [ -74.039588870999978, 4.673832730000072 ], [ -74.039675064999983, 4.673686351000072 ], [ -74.039718448999963, 4.67353883800007 ], [ -74.039760701999967, 4.673442756000043 ], [ -74.039799010999957, 4.673320113000045 ], [ -74.039808593999965, 4.673227423000071 ], [ -74.039793389999943, 4.673130208000032 ], [ -74.039737628999944, 4.672973646000059 ], [ -74.03965483099995, 4.672839692000025 ], [ -74.039651314999958, 4.67282573600005 ], [ -74.039630049999971, 4.672741346000066 ], [ -74.039626675999955, 4.672620959000028 ], [ -74.03960133399994, 4.672530528000038 ], [ -74.039542752999978, 4.672448007000071 ], [ -74.039488117999952, 4.672363224000037 ], [ -74.039462976999971, 4.67229231500005 ], [ -74.039389309999933, 4.672326068000075 ], [ -74.039324367999939, 4.672359928000049 ], [ -74.039328919999946, 4.672243639000044 ], [ -74.039345369999978, 4.671964581000054 ], [ -74.039346188999957, 4.671913888000063 ], [ -74.039341764999961, 4.671891777000042 ], [ -74.039318593999951, 4.671775978000028 ], [ -74.039308460999962, 4.671682157000021 ], [ -74.039326488999961, 4.671617161000029 ], [ -74.039350715999944, 4.671526731000029 ], [ -74.03936650199995, 4.671291611000072 ], [ -74.03937157699994, 4.671200051000028 ], [ -74.03935017699996, 4.671104533000062 ], [ -74.039327647999983, 4.671009579000042 ], [ -74.039337230999934, 4.670916887000033 ], [ -74.039353673999983, 4.670855775000064 ], [ -74.039362020999988, 4.670824760000073 ], [ -74.039389063999977, 4.670736029000068 ], [ -74.039410473999965, 4.670640511000045 ], [ -74.039423432999968, 4.670607242000074 ], [ -74.039436722999938, 4.67037704400002 ], [ -74.039439293999976, 4.670332524000059 ], [ -74.039454887999966, 4.670143371000052 ], [ -74.039460090999967, 4.670052266000027 ], [ -74.039456405999942, 4.670028218000027 ], [ -74.039448250999953, 4.669978671000024 ], [ -74.039447698999936, 4.669796679000058 ], [ -74.039434746999973, 4.66969890200005 ], [ -74.039445458999978, 4.669532735000075 ], [ -74.039451096999983, 4.669440609000048 ], [ -74.039436456999965, 4.669347350000066 ], [ -74.039403228999959, 4.669220746000065 ], [ -74.03940154299994, 4.669128619000048 ], [ -74.039413941999953, 4.669038189000048 ], [ -74.039440421999984, 4.668909327000051 ], [ -74.039479860999961, 4.668823419000034 ], [ -74.03950690399995, 4.668734120000067 ], [ -74.039528877999942, 4.668607519000034 ], [ -74.039531264999937, 4.668570414000044 ], [ -74.039533589999962, 4.668534303000058 ], [ -74.039540152999962, 4.668432309000025 ], [ -74.039558858999953, 4.668413865000048 ], [ -74.039597297999933, 4.668375966000042 ], [ -74.039681341999938, 4.66838782700006 ], [ -74.039899441999978, 4.668418607000035 ], [ -74.039912496999989, 4.66842667800006 ], [ -74.039933918999964, 4.668440904000022 ], [ -74.039947173999963, 4.668449704000068 ], [ -74.039989104999961, 4.668477549000045 ], [ -74.039993032999973, 4.668476277000025 ], [ -74.040069301999949, 4.668451595000022 ], [ -74.040072126999974, 4.668450681000024 ], [ -74.040076417999956, 4.668449293000037 ], [ -74.040080930999977, 4.668452392000063 ], [ -74.040084798999942, 4.668455048000055 ], [ -74.040151334999962, 4.668500731000051 ], [ -74.040202590999968, 4.66858155500006 ], [ -74.040239764999967, 4.668664641000021 ], [ -74.040296653999974, 4.668742076000058 ], [ -74.040345095999953, 4.668778816000042 ], [ -74.040373822999982, 4.66880029400005 ], [ -74.040402192999977, 4.668815682000059 ], [ -74.040457188999937, 4.668845513000065 ], [ -74.040526932999967, 4.668865199000038 ], [ -74.04054505299996, 4.668805227000064 ], [ -74.040580038999963, 4.668696922000038 ], [ -74.040596135999976, 4.668650459000048 ], [ -74.040621877999968, 4.668576160000043 ], [ -74.040800521999984, 4.668622683000024 ], [ -74.040974399999982, 4.668676391000076 ], [ -74.041154966999954, 4.66870913200006 ], [ -74.041329694999945, 4.668671413000027 ], [ -74.041513608999935, 4.668680665000068 ], [ -74.041680806999977, 4.668686563000051 ], [ -74.04189398699998, 4.668658075000053 ], [ -74.042053657999986, 4.668662293000068 ], [ -74.042129731999978, 4.668662304000065 ], [ -74.042281891999949, 4.668597740000052 ], [ -74.042665577999969, 4.668800784000041 ], [ -74.04277566899998, 4.668607547000022 ], [ -74.042816094999978, 4.668536588000052 ], [ -74.042455509999968, 4.668440988000043 ], [ -74.042480596999951, 4.66840533200002 ], [ -74.042473842999982, 4.668303598000023 ], [ -74.042456949999973, 4.668214296000031 ], [ -74.042454845999941, 4.668179893000058 ], [ -74.042453835999936, 4.668163328000048 ], [ -74.042579724999939, 4.668201846000045 ], [ -74.042598170999952, 4.668207391000067 ], [ -74.042735357999959, 4.668249031000073 ], [ -74.042764292999948, 4.668257895000067 ], [ -74.04277353599997, 4.668260727000074 ], [ -74.042944826999985, 4.668313205000061 ], [ -74.043002572999967, 4.668329676000042 ], [ -74.043046444999959, 4.668314854000073 ], [ -74.043074524999952, 4.668304582000076 ], [ -74.043078019999939, 4.668304164000062 ], [ -74.042989366999961, 4.668259701000068 ], [ -74.042959220999933, 4.668190105000065 ], [ -74.042959459999963, 4.668175740000038 ], [ -74.042960414999982, 4.668159478000064 ], [ -74.042958986999963, 4.668140822000055 ], [ -74.042957559999934, 4.668121210000038 ], [ -74.042957563999948, 4.668103033000023 ], [ -74.042957565999984, 4.668088204000071 ], [ -74.042960427999958, 4.668073376000052 ], [ -74.042968056999939, 4.668057593000071 ], [ -74.042975210999941, 4.668039417000045 ], [ -74.042983795999987, 4.66802363100004 ], [ -74.042994077999936, 4.668003037000062 ], [ -74.043000141999983, 4.667982197000072 ], [ -74.043001874999959, 4.667957886000067 ], [ -74.043001011999934, 4.667941822000046 ], [ -74.042929198999957, 4.667838916000051 ], [ -74.042883766999978, 4.667821544000049 ], [ -74.042854788999989, 4.66774730000003 ], [ -74.042838350999943, 4.667703449000044 ], [ -74.042810242999963, 4.667591 ], [ -74.042793378999988, 4.667515020000053 ], [ -74.04272502799995, 4.667407341000057 ], [ -74.042727643999967, 4.667275794000034 ], [ -74.042729814999973, 4.667216315000076 ], [ -74.042687864999948, 4.667073038000069 ], [ -74.042664943999966, 4.666990980000037 ], [ -74.04265715799994, 4.666967100000022 ], [ -74.042593992999969, 4.666920202000028 ], [ -74.042609139999968, 4.66690501000005 ], [ -74.042620824999972, 4.666883738000024 ], [ -74.042628615999945, 4.666862031000051 ], [ -74.042630349999968, 4.666840758000035 ], [ -74.042629054999964, 4.666815577000023 ], [ -74.042622134999988, 4.666796473000034 ], [ -74.042616511999938, 4.666784316000076 ], [ -74.042610454999988, 4.666775634000032 ], [ -74.042620588999966, 4.666751004000048 ], [ -74.042564120999941, 4.666727155000046 ], [ -74.042554732999974, 4.666723432000026 ], [ -74.042496331999985, 4.666700160000062 ], [ -74.04248559399997, 4.666696038000055 ], [ -74.042441119999978, 4.666677250000021 ], [ -74.042395673999977, 4.666659003000063 ], [ -74.042375443999958, 4.666651843000068 ], [ -74.042303815999958, 4.666503447000025 ], [ -74.04229030099998, 4.666411321000055 ], [ -74.042305514999953, 4.666320890000065 ], [ -74.042341569999962, 4.666232158000071 ], [ -74.042325238999979, 4.666142289000049 ], [ -74.042347775999986, 4.666051860000039 ], [ -74.042363554999952, 4.665932605000023 ], [ -74.04239735699997, 4.66584387100005 ], [ -74.042467210999973, 4.66572857500006 ], [ -74.04247397499995, 4.665632494000022 ], [ -74.04241032699997, 4.665540365000027 ], [ -74.042404694999959, 4.665531320000071 ], [ -74.04240131399996, 4.665526799000077 ], [ -74.042392867999979, 4.665509277000069 ], [ -74.042332601999988, 4.665379281000071 ], [ -74.042314017999956, 4.665247024000053 ], [ -74.042325287999972, 4.665151507000076 ], [ -74.042341065999949, 4.665061643000058 ], [ -74.04233093199997, 4.664952559000028 ], [ -74.042341637999982, 4.664855912000064 ], [ -74.042355188999977, 4.664816616000053 ], [ -74.042362055999945, 4.664796701000057 ], [ -74.042372624999985, 4.664766047000057 ], [ -74.042380665999985, 4.664748256000053 ], [ -74.042410933999975, 4.664681271000063 ], [ -74.042440228999965, 4.664589711000076 ], [ -74.042445174999955, 4.664497008000069 ], [ -74.042449813999951, 4.664409979000027 ], [ -74.04244362299994, 4.664317853000057 ], [ -74.042521354999963, 4.664367593000065 ], [ -74.042631755999935, 4.664514549000046 ], [ -74.04268413799997, 4.66459085200006 ], [ -74.042774263999945, 4.664630421000027 ], [ -74.042963293999946, 4.664675544000033 ], [ -74.043014539999945, 4.664682728000059 ], [ -74.043069363999962, 4.66468751900004 ], [ -74.043115846999967, 4.664692310000021 ], [ -74.043165902999988, 4.664701884000067 ], [ -74.043254094999952, 4.664724618000037 ], [ -74.043306534999942, 4.664737780000053 ], [ -74.043347056999949, 4.664743765000026 ], [ -74.043394728999942, 4.664755731000071 ], [ -74.043442399999947, 4.664770087000022 ], [ -74.043462660999978, 4.664776071000063 ], [ -74.043539414999941, 4.664777756000035 ], [ -74.043595431999961, 4.664777764000064 ], [ -74.043626419999953, 4.664781356000049 ], [ -74.043676475999973, 4.664786147000029 ], [ -74.043734876999963, 4.664782569000067 ], [ -74.043849296999952, 4.664761061000036 ], [ -74.043945840999982, 4.664737155000068 ], [ -74.044018544999972, 4.66471922900007 ], [ -74.044122237999943, 4.664700111000059 ], [ -74.04418898299997, 4.66469294500007 ], [ -74.044262876999937, 4.664688171000023 ], [ -74.044324851999988, 4.664689377000059 ], [ -74.04446668199995, 4.664692986000034 ], [ -74.044669294999949, 4.664700190000076 ], [ -74.044887399999936, 4.664707397000029 ], [ -74.044929112999966, 4.66471099000006 ], [ -74.04499943199994, 4.664714588000038 ], [ -74.045084053999972, 4.664719383000033 ], [ -74.045228300999952, 4.664486215000068 ], [ -74.045287367999947, 4.664272766000067 ], [ -74.045248749999985, 4.664252972000043 ], [ -74.045183403999943, 4.664220047000072 ], [ -74.045183184999985, 4.664217260000044 ], [ -74.045172822999973, 4.664085124000053 ], [ -74.045146350999971, 4.663992431000054 ], [ -74.045140156999935, 4.66394269400007 ], [ -74.045136782999975, 4.663828524000053 ], [ -74.045148616999938, 4.663723399000048 ], [ -74.045144677999986, 4.663631271000042 ], [ -74.04514130299998, 4.663531799000054 ], [ -74.045114833999946, 4.663410845000044 ], [ -74.045112585999959, 4.663291589000039 ], [ -74.045087807999948, 4.663149159000056 ], [ -74.045067533999941, 4.66305533700006 ], [ -74.045042750999983, 4.662963210000044 ], [ -74.045034868999949, 4.662871648000021 ], [ -74.045025333999945, 4.662839822000024 ], [ -74.044818464999935, 4.662808824000024 ], [ -74.044816018999938, 4.662793687000033 ], [ -74.044799704999946, 4.662692656000047 ], [ -74.044780959999969, 4.662501140000074 ], [ -74.044778899999983, 4.662329507000038 ], [ -74.044794223999986, 4.662194366000051 ], [ -74.044817728999988, 4.662104806000059 ], [ -74.044848430999934, 4.662015491000034 ], [ -74.044847096999945, 4.661994846000027 ], [ -74.044844517999934, 4.661954896000054 ], [ -74.044871559999933, 4.661866160000045 ], [ -74.044905362999941, 4.661778556000058 ], [ -74.044898608999972, 4.661597697000047 ], [ -74.044930159999979, 4.661515180000038 ], [ -74.044978050999987, 4.661252366000042 ], [ -74.044974674999935, 4.661161935000052 ], [ -74.044989889999954, 4.661069244000032 ], [ -74.044977500999948, 4.660967509000045 ], [ -74.044945960999939, 4.660881599000049 ], [ -74.044880058999979, 4.660777599000028 ], [ -74.044810349999977, 4.660638246000076 ], [ -74.044808526999986, 4.660634601000027 ], [ -74.044770227999948, 4.660544169000048 ], [ -74.044725167999957, 4.660459953000043 ], [ -74.044734183999935, 4.660366132000036 ], [ -74.044935836999969, 4.660506875000067 ], [ -74.044961736999937, 4.66054428800004 ], [ -74.044987092999975, 4.660580918000051 ], [ -74.045058628999982, 4.66064422200003 ], [ -74.045148756999936, 4.660663441000054 ], [ -74.045234941999979, 4.660634623000021 ], [ -74.045374082999956, 4.660517067000058 ], [ -74.045465901999989, 4.660483726000052 ], [ -74.045517719999964, 4.660490032000041 ], [ -74.045624854999971, 4.660322524000037 ], [ -74.045629444999975, 4.660325494000062 ], [ -74.045692369999983, 4.660366246000024 ], [ -74.04573722799995, 4.660397201000023 ], [ -74.04579820899994, 4.660436775000051 ], [ -74.045856384999979, 4.660475293000047 ], [ -74.045901596999954, 4.660505544000046 ], [ -74.045961877999957, 4.660544942000058 ], [ -74.045967499999961, 4.660548535000032 ], [ -74.045918226999959, 4.660623756000064 ], [ -74.045927429999949, 4.660628152000072 ], [ -74.045982435999974, 4.660654438000051 ], [ -74.046065803999966, 4.660687222000035 ], [ -74.04616269099995, 4.660694009000053 ], [ -74.046173866999936, 4.660684437000043 ], [ -74.046192136999935, 4.660668789000056 ], [ -74.04623197799998, 4.660634668000057 ], [ -74.046271413999989, 4.660547063000024 ], [ -74.046600402999957, 4.660033316000067 ], [ -74.046634765999954, 4.659947975000023 ], [ -74.046675328999982, 4.659862068000052 ], [ -74.046760951999943, 4.659824202000038 ], [ -74.046849951999945, 4.659782949000032 ], [ -74.046953603999953, 4.659698738000031 ], [ -74.046987297999976, 4.659652610000023 ], [ -74.046872294999957, 4.659550134000028 ], [ -74.046808995999982, 4.659492239000031 ], [ -74.046716469999978, 4.659411543000033 ], [ -74.046623740999962, 4.659330672000067 ], [ -74.046624966999957, 4.659327767000036 ], [ -74.046650688999989, 4.659266817000059 ], [ -74.04669430499996, 4.659153006000054 ], [ -74.046714498999961, 4.659093924000047 ], [ -74.046741395999959, 4.65902429700003 ], [ -74.046776936999947, 4.658937971000057 ], [ -74.046779768999954, 4.65893109600006 ], [ -74.046826665999959, 4.658808388000068 ], [ -74.046850245999963, 4.658745766000038 ], [ -74.046872683999936, 4.658688850000033 ], [ -74.046919221999985, 4.658563940000022 ], [ -74.046960381999952, 4.658453016000067 ], [ -74.046988637999959, 4.658388412000022 ], [ -74.047011831999953, 4.658259556000075 ], [ -74.047022489999961, 4.658195305000049 ], [ -74.047050061999983, 4.658033869000064 ], [ -74.047054983999942, 4.657997178000073 ], [ -74.04705847799994, 4.657795223000051 ], [ -74.04706314699996, 4.657589142000063 ], [ -74.047066997999934, 4.657436386000029 ], [ -74.047069913999962, 4.657377971000074 ], [ -74.047107707999942, 4.65727862600005 ], [ -74.047113811999964, 4.657262576000051 ], [ -74.047156498999982, 4.657246131000022 ], [ -74.04721146299994, 4.657224958000029 ], [ -74.047241228999951, 4.657213285000068 ], [ -74.047247750999986, 4.657155946000046 ], [ -74.047270291999951, 4.656963216000065 ], [ -74.047265175999939, 4.656940109000061 ], [ -74.047263027999975, 4.656930410000029 ], [ -74.047262125999964, 4.656926334000048 ], [ -74.047258500999988, 4.656909967000047 ], [ -74.047248891999971, 4.656866567000066 ], [ -74.047190873999966, 4.656782917000044 ], [ -74.047175932999949, 4.656768452000051 ], [ -74.047111454999936, 4.656706047000057 ], [ -74.04702808899998, 4.656654045000039 ], [ -74.046974014999989, 4.656578872000068 ], [ -74.046936844999948, 4.656477701000028 ], [ -74.046857433999946, 4.656119365000052 ], [ -74.046861381999975, 4.656017063000036 ], [ -74.046863634999966, 4.656011977000048 ], [ -74.046874904999981, 4.655921547000048 ], [ -74.046904210999969, 4.655570563000026 ], [ -74.046895204999942, 4.655391396000027 ], [ -74.046870990999935, 4.655263662000038 ], [ -74.046818610999935, 4.655106536000062 ], [ -74.04680622099994, 4.65501723400007 ], [ -74.046837770999957, 4.654928501000029 ], [ -74.046934092999948, 4.654935852000051 ], [ -74.04705069399995, 4.65496468200007 ], [ -74.047194893999972, 4.655017816000054 ], [ -74.047372329999973, 4.655060215000049 ], [ -74.047501886999953, 4.655071523000061 ], [ -74.047593703999951, 4.655093005000026 ], [ -74.047689462999983, 4.65508283500003 ], [ -74.047775083999966, 4.655038753000042 ], [ -74.047852818999957, 4.654983367000057 ], [ -74.047925490999944, 4.654877115000033 ], [ -74.04797224899994, 4.654788946000053 ], [ -74.048010557999987, 4.654656127000067 ], [ -74.048037599999986, 4.65452896100004 ], [ -74.04810529699995, 4.654299054000035 ], [ -74.048120979999965, 4.654245802000048 ], [ -74.048173367999937, 4.654167242000028 ], [ -74.048246598999981, 4.654101684000068 ], [ -74.048353064999958, 4.654045168000039 ], [ -74.048422915999936, 4.653973391000022 ], [ -74.04848375499995, 4.653830400000061 ], [ -74.04852318899998, 4.653739406000057 ], [ -74.048555864999969, 4.65365349800004 ], [ -74.04860318599998, 4.65351954700003 ], [ -74.048632482999949, 4.653426291000073 ], [ -74.04864318999995, 4.653332470000066 ], [ -74.048625166999955, 4.653242603000024 ], [ -74.048527726999964, 4.652966221000042 ], [ -74.048506892999967, 4.652839617000041 ], [ -74.048439308999946, 4.652537234000022 ], [ -74.048383549999983, 4.652396499000076 ], [ -74.048368345999961, 4.652303242000073 ], [ -74.048383557999955, 4.65221168100004 ], [ -74.048508618999961, 4.651913265000076 ], [ -74.048529464999945, 4.651816052000072 ], [ -74.048526653999943, 4.651706403000048 ], [ -74.048532290999958, 4.651592235000066 ], [ -74.04851297099998, 4.651488412000049 ], [ -74.048401569999953, 4.651441383000076 ], [ -74.048284507999938, 4.651393148000068 ], [ -74.048237055999948, 4.65137345100004 ], [ -74.048167802999956, 4.651344701000028 ], [ -74.048095435999983, 4.651263206000067 ], [ -74.048020508999969, 4.651171130000023 ], [ -74.047945579999976, 4.651083056000061 ], [ -74.048054956999977, 4.650993018000065 ], [ -74.048042252999949, 4.650988587000029 ], [ -74.047975224999959, 4.650913979000052 ], [ -74.047944811999969, 4.650826374000076 ], [ -74.047944813999948, 4.650733117000073 ], [ -74.047970170999974, 4.650540952000028 ], [ -74.047966232999954, 4.650444870000058 ], [ -74.047907099999975, 4.650147575000062 ], [ -74.047791121999978, 4.649921601000074 ], [ -74.047771921999981, 4.649884189000034 ], [ -74.047733622999942, 4.649773975000073 ], [ -74.047699829999942, 4.649665457000026 ], [ -74.04769138599994, 4.649550721000026 ], [ -74.047678995999945, 4.649481767000054 ], [ -74.047743771999933, 4.649498726000047 ], [ -74.047853048999968, 4.649555250000049 ], [ -74.047919514999933, 4.649581251000029 ], [ -74.048047379999957, 4.649607256000024 ], [ -74.048145953999949, 4.649646258000075 ], [ -74.048243965999973, 4.649665479000021 ], [ -74.048335784999949, 4.649643440000034 ], [ -74.048377728999981, 4.649624613000071 ], [ -74.048279211999954, 4.649574763000032 ], [ -74.048293850999983, 4.649546742000041 ], [ -74.048623524999982, 4.649503992000064 ], [ -74.048624770999936, 4.649501832000055 ], [ -74.048675221999986, 4.649414301000036 ], [ -74.048682197999938, 4.649402200000054 ], [ -74.048699272999954, 4.649372572000061 ], [ -74.048700541999949, 4.649370368000064 ], [ -74.048691667999947, 4.649355480000054 ], [ -74.048672305999958, 4.649322999000049 ], [ -74.048622388999945, 4.649246633000075 ], [ -74.04854241399994, 4.649139210000044 ], [ -74.048513745999969, 4.649100703000045 ], [ -74.048539102999939, 4.649083779000023 ], [ -74.048558183999944, 4.649070914000049 ], [ -74.048569762999989, 4.649063108000064 ], [ -74.048926783999946, 4.648826556000074 ], [ -74.048929578999946, 4.648824703000059 ], [ -74.049038912999947, 4.648752263000063 ], [ -74.04887372099995, 4.648587548000023 ], [ -74.048844178999957, 4.64855274100006 ], [ -74.048653289999947, 4.648369991000038 ], [ -74.048653025999954, 4.648368499000071 ], [ -74.048652792999974, 4.648367181000026 ], [ -74.048652437999976, 4.648366599000042 ], [ -74.048651849999942, 4.648365564000073 ], [ -74.048651298999971, 4.648364507000053 ], [ -74.048650785999939, 4.648363431000064 ], [ -74.04865031099996, 4.648362339000073 ], [ -74.048649871999942, 4.648361229000045 ], [ -74.048649473999944, 4.64836010700003 ], [ -74.048649113999943, 4.648358969000071 ], [ -74.048648793999973, 4.648357822000037 ], [ -74.048648515999957, 4.648356662000026 ], [ -74.048648276999984, 4.648355495000033 ], [ -74.048648077999985, 4.648354318000031 ], [ -74.048647919999951, 4.648353136000026 ], [ -74.048647803999984, 4.648351949000073 ], [ -74.048647728999981, 4.648350760000028 ], [ -74.048647696999979, 4.648349567000025 ], [ -74.048647704999951, 4.648348374000022 ], [ -74.048647753999944, 4.648347183000055 ], [ -74.048647844999948, 4.648345995000057 ], [ -74.048647977999963, 4.648344809000037 ], [ -74.048648150999952, 4.648343631000046 ], [ -74.048648365999952, 4.648342456000023 ], [ -74.048648621999973, 4.648341293000044 ], [ -74.04864891699998, 4.648340138000037 ], [ -74.048649250999972, 4.648338993000038 ], [ -74.048649626999975, 4.648337862000062 ], [ -74.048650040999973, 4.648336744000062 ], [ -74.048650493999958, 4.648335642000063 ], [ -74.048650985999984, 4.648334555000076 ], [ -74.048651513999971, 4.648333488000048 ], [ -74.048652080999943, 4.648332437000022 ], [ -74.048652680999965, 4.648331410000026 ], [ -74.048653316999946, 4.648330403000045 ], [ -74.048653987999955, 4.648329420000039 ], [ -74.048654692999946, 4.648328459000027 ], [ -74.048655432999965, 4.64832752500007 ], [ -74.048656200999972, 4.64832661600002 ], [ -74.04865700299996, 4.648325735000071 ], [ -74.048657564999985, 4.648325157000045 ], [ -74.048657833999982, 4.648324883000043 ], [ -74.048658695999961, 4.648324062000029 ], [ -74.04865958399995, 4.648323269000059 ], [ -74.048660498999936, 4.648322510000071 ], [ -74.048661441999968, 4.64832178100005 ], [ -74.048693746999959, 4.648281713000074 ], [ -74.048701260999962, 4.648273370000027 ], [ -74.04873515099996, 4.648234823000053 ], [ -74.048879630999977, 4.648087459000067 ], [ -74.048910447999958, 4.648053701000038 ], [ -74.048972663999962, 4.647985548000065 ], [ -74.049018332999935, 4.647935522000068 ], [ -74.049047645999963, 4.647903413000051 ], [ -74.049072367999941, 4.647883268000044 ], [ -74.049115486999938, 4.647851265000043 ], [ -74.049231087999942, 4.647716496000044 ], [ -74.049438725999948, 4.647491512000045 ], [ -74.049838487999978, 4.647069740000063 ], [ -74.050034868999944, 4.646862656000053 ], [ -74.050102278999987, 4.646792037000068 ], [ -74.050118134999934, 4.646774940000057 ], [ -74.050256947999969, 4.646624397000039 ], [ -74.050299379999956, 4.646573294000063 ], [ -74.050383638999961, 4.646481872000038 ], [ -74.050386364999952, 4.646484401000066 ], [ -74.05096032199998, 4.647016973000063 ], [ -74.050970640999935, 4.647012537000023 ], [ -74.050980280999966, 4.647008380000045 ], [ -74.050988569999959, 4.647004313000025 ], [ -74.050997398999982, 4.646999704000052 ], [ -74.051012084999968, 4.646991933000038 ], [ -74.051025958999958, 4.64698497400002 ], [ -74.051033798999981, 4.646980454000072 ], [ -74.051044879999949, 4.646972592000054 ], [ -74.051055963999943, 4.646965273000035 ], [ -74.051063350999982, 4.646957409000038 ], [ -74.051072631999943, 4.646946834000062 ], [ -74.05107911999994, 4.64693761500007 ], [ -74.051086957999985, 4.646928396000021 ], [ -74.051097591999962, 4.646915562000061 ], [ -74.051106420999986, 4.64690263600005 ], [ -74.051115162999963, 4.646888809000075 ], [ -74.051120298999933, 4.646876334000069 ], [ -74.051123995999944, 4.646866662000036 ], [ -74.051126427999975, 4.646852833000025 ], [ -74.051127330999975, 4.64684035800002 ], [ -74.051127872999984, 4.646825532000037 ], [ -74.051128415999983, 4.646811251000031 ], [ -74.051129408999941, 4.646796425000048 ], [ -74.051130312999987, 4.646782144000042 ], [ -74.051133648999951, 4.646766867000053 ], [ -74.051135991999956, 4.646754846000022 ], [ -74.051139237999962, 4.646738305000042 ], [ -74.051143024999988, 4.646720225000024 ], [ -74.051145819999988, 4.646701333000067 ], [ -74.051147713999967, 4.646684701000027 ], [ -74.051149606999957, 4.646670872000072 ], [ -74.051151684999979, 4.646655517000056 ], [ -74.050883598999974, 4.646492756000043 ], [ -74.050880543999938, 4.64648706600002 ], [ -74.051004003999935, 4.646349317000045 ], [ -74.051096898999958, 4.64627394200005 ], [ -74.051248494999982, 4.646219576000021 ], [ -74.051352158999975, 4.646180276000052 ], [ -74.051367453999944, 4.646172049000029 ], [ -74.051411020999979, 4.646130292000066 ], [ -74.051428253999973, 4.646109363000051 ], [ -74.051443752999944, 4.64608602800007 ], [ -74.05148113499996, 4.646005067000033 ], [ -74.051505869999971, 4.64592708400005 ], [ -74.051513171999943, 4.645881306000035 ], [ -74.051528368999982, 4.645742270000028 ], [ -74.051548822999962, 4.645609387000036 ], [ -74.051549340999941, 4.645607926000025 ], [ -74.051571156999955, 4.645546367000065 ], [ -74.051600208999957, 4.645482439000034 ], [ -74.051614902999972, 4.645447404000038 ], [ -74.05162977699996, 4.645407544000022 ], [ -74.051629915999968, 4.645407168000077 ], [ -74.05162990599996, 4.645404772000063 ], [ -74.051629787999957, 4.645378939000068 ], [ -74.051628369999946, 4.645365483000035 ], [ -74.05162741099997, 4.645359047000056 ], [ -74.051627597999982, 4.645358138000063 ], [ -74.051626962999933, 4.645352113000058 ], [ -74.051635033999958, 4.645317026000043 ], [ -74.051645616999963, 4.64520267100005 ], [ -74.051670176999949, 4.645176459000027 ], [ -74.051725163999947, 4.645114056000068 ], [ -74.051741784999933, 4.64509655300003 ], [ -74.051843954999981, 4.645004361000076 ], [ -74.051864526999964, 4.644986994000021 ], [ -74.051989128999935, 4.644884069000057 ], [ -74.051997453999945, 4.644876013000044 ], [ -74.052050314999974, 4.644827410000062 ], [ -74.052089956999964, 4.644783345000064 ], [ -74.052210413999944, 4.644644219000043 ], [ -74.052212409999981, 4.644641913000044 ], [ -74.052409396999963, 4.644708767000054 ], [ -74.052444392999973, 4.644720646000053 ], [ -74.052495745999977, 4.644738072000052 ], [ -74.052742360999957, 4.644816989000049 ], [ -74.052756354999985, 4.644790920000048 ], [ -74.052774286999977, 4.644756753000024 ], [ -74.052780014999939, 4.644747722000034 ], [ -74.052788162999946, 4.644735152000067 ], [ -74.052795371999935, 4.644724666000059 ], [ -74.052802670999938, 4.644714363000048 ], [ -74.05281015099996, 4.644704148000073 ], [ -74.05281780699994, 4.644694025000035 ], [ -74.052825737999967, 4.644684084000062 ], [ -74.052833755999984, 4.644674231000067 ], [ -74.052841956999941, 4.644664560000024 ], [ -74.052850244999945, 4.644655069000066 ], [ -74.052858805999961, 4.644645670000045 ], [ -74.052867455999944, 4.644636450000064 ], [ -74.052907279999943, 4.644593609000026 ], [ -74.05293043599994, 4.644567489000053 ], [ -74.052953141999978, 4.644541006000054 ], [ -74.052975398999934, 4.644514162000064 ], [ -74.052997202999961, 4.644486864000044 ], [ -74.053018466999958, 4.644459206000022 ], [ -74.053039281999986, 4.644431097000052 ], [ -74.053059645999951, 4.644402716000059 ], [ -74.053067848999945, 4.644390822000048 ], [ -74.053079469999943, 4.644373972000039 ], [ -74.053098751999983, 4.644344958000033 ], [ -74.053117584999939, 4.644315493000022 ], [ -74.05313995399996, 4.644279126000072 ], [ -74.053294514999948, 4.644330719000038 ], [ -74.053337402999944, 4.644285029000059 ], [ -74.053416264999953, 4.644226251000021 ], [ -74.053460768999969, 4.644143734000068 ], [ -74.05346809699995, 4.643971351000062 ], [ -74.053454585999987, 4.643730578000032 ], [ -74.053368963999958, 4.643767878000062 ], [ -74.053251797999962, 4.643903519000048 ], [ -74.053157728999963, 4.643909732000054 ], [ -74.053081124999949, 4.643852646000028 ], [ -74.053095773999985, 4.643758826000067 ], [ -74.053127883999935, 4.643652571000075 ], [ -74.053163373999951, 4.643569488000026 ], [ -74.053307581999945, 4.64333550300006 ], [ -74.053337438999961, 4.64323885400006 ], [ -74.05338306799996, 4.643141078000042 ], [ -74.05341574199997, 4.643021822000037 ], [ -74.053465876999951, 4.642936481000049 ], [ -74.053558256999963, 4.642892398000072 ], [ -74.053634866999971, 4.642829666000068 ], [ -74.053626419999944, 4.642730190000066 ], [ -74.053738524999972, 4.642419338000025 ], [ -74.053777955999976, 4.642334559000062 ], [ -74.053846678999946, 4.642262783000035 ], [ -74.053932298999939, 4.64220343900007 ], [ -74.054006091999952, 4.642132792000041 ], [ -74.054042708999987, 4.642027105000068 ], [ -74.05407876299995, 4.641915760000074 ], [ -74.054128334999973, 4.641819115000033 ], [ -74.054206072999989, 4.641668775000028 ], [ -74.054210543999943, 4.641656846000046 ], [ -74.054213079999954, 4.641650070000026 ], [ -74.054239310999947, 4.641580042000044 ], [ -74.054284374999952, 4.64149526500006 ], [ -74.054327751999949, 4.641415575000053 ], [ -74.05460377299994, 4.640997904000074 ], [ -74.054577304999953, 4.64080178100005 ], [ -74.053973477999989, 4.640408385000057 ], [ -74.053847309999981, 4.640268214000059 ], [ -74.053749308999954, 4.639987875000031 ], [ -74.053735797999934, 4.639707538000039 ], [ -74.053542040999957, 4.639383676000023 ], [ -74.053549933999989, 4.639198857000054 ], [ -74.053402364999954, 4.638904386000036 ], [ -74.053889595999976, 4.639040616000045 ], [ -74.054339307999953, 4.639298177000057 ], [ -74.05470971699998, 4.639510318000021 ], [ -74.054939404999971, 4.639610497000035 ], [ -74.055239756999981, 4.639741498000035 ], [ -74.05546505999996, 4.640050102000032 ], [ -74.055883565999977, 4.640437272000042 ], [ -74.05612012399996, 4.641057298000021 ], [ -74.056194466999955, 4.641415631000029 ], [ -74.056253608999953, 4.641483457000049 ], [ -74.056271629999969, 4.641651887000023 ], [ -74.056301479999945, 4.641739492000056 ], [ -74.056392732999939, 4.64177623300003 ], [ -74.056435061999935, 4.641780095000058 ], [ -74.056424590999939, 4.641757205000033 ], [ -74.056354702999954, 4.641602775000024 ], [ -74.05634570999996, 4.641582509000045 ], [ -74.056499584999983, 4.641429041000038 ], [ -74.056513123999935, 4.641428914000073 ], [ -74.056503574999965, 4.641434873000037 ], [ -74.056497194999963, 4.641441671000052 ], [ -74.056493639999985, 4.641447190000065 ], [ -74.05649090299994, 4.641453777000038 ], [ -74.05649028299996, 4.641459664000024 ], [ -74.056490228999962, 4.641469092000023 ], [ -74.056491476999952, 4.641477115000043 ], [ -74.056494019999946, 4.641484200000036 ], [ -74.056497791999959, 4.641491555000073 ], [ -74.056501820999983, 4.641496501000063 ], [ -74.056506837999962, 4.641502661000061 ], [ -74.056514089999951, 4.641508240000064 ], [ -74.056521817999965, 4.64151240800004 ], [ -74.056532834999985, 4.641516478000028 ], [ -74.056551132999971, 4.641521649000026 ], [ -74.056561692999935, 4.64152312300007 ], [ -74.056571786999939, 4.641524830000037 ], [ -74.05658303499996, 4.641524766000032 ], [ -74.056602796999982, 4.641524652000044 ], [ -74.056620535999969, 4.641524280000056 ], [ -74.056640985999934, 4.641522040000041 ], [ -74.056651569999985, 4.641519859000027 ], [ -74.056669917999955, 4.641515367000068 ], [ -74.056688750999967, 4.641508520000059 ], [ -74.056711714999949, 4.641498041000034 ], [ -74.056726795999964, 4.641489878000073 ], [ -74.056737616999953, 4.641483548000053 ], [ -74.05678762399998, 4.641443525000057 ], [ -74.056854566999959, 4.64138994800004 ], [ -74.056905890999985, 4.641348869000069 ], [ -74.056952741999964, 4.64131012200005 ], [ -74.056980581999937, 4.641288710000026 ], [ -74.056995556999937, 4.641278305000071 ], [ -74.057035647999953, 4.641255609000041 ], [ -74.05706306999997, 4.641243714000041 ], [ -74.057082288999936, 4.641235379000022 ], [ -74.05708741899997, 4.641232069000068 ], [ -74.057127402999981, 4.641214555000033 ], [ -74.057137467999951, 4.641211442000042 ], [ -74.057174444999987, 4.641195400000072 ], [ -74.057227548999947, 4.641172364000056 ], [ -74.057262023999954, 4.641157211000063 ], [ -74.057291369999973, 4.641144556000029 ], [ -74.057319157999984, 4.641132574000039 ], [ -74.057349188999979, 4.641118600000027 ], [ -74.057380184999943, 4.641099682000061 ], [ -74.057413458999974, 4.641073351000045 ], [ -74.057440033999967, 4.641046748000065 ], [ -74.057449321999968, 4.641034261000073 ], [ -74.057505626999955, 4.640954247000025 ], [ -74.057526940999935, 4.640923957000041 ], [ -74.057542945999955, 4.640897530000075 ], [ -74.057554342999936, 4.64087614400006 ], [ -74.057564681999963, 4.640854635000039 ], [ -74.05757596899997, 4.640827663000039 ], [ -74.057583516999955, 4.640805593000039 ], [ -74.057587337999962, 4.640794419000031 ], [ -74.057618969999965, 4.640662712000051 ], [ -74.057631607999951, 4.64060203400004 ], [ -74.057640714999934, 4.640558327000065 ], [ -74.057651761999978, 4.64051227300007 ], [ -74.057663788999946, 4.640462134000074 ], [ -74.057670308999946, 4.64043070300005 ], [ -74.057673412999975, 4.640400665000072 ], [ -74.057672839999952, 4.640377327000067 ], [ -74.057670953999946, 4.640357634000054 ], [ -74.057666506999965, 4.640333801000054 ], [ -74.057659588999968, 4.640310660000068 ], [ -74.057539623999958, 4.640013798000041 ], [ -74.05744690299997, 4.639791537000065 ], [ -74.057412281999973, 4.639709740000058 ], [ -74.057383501999936, 4.639640390000068 ], [ -74.057375410999953, 4.639618208000059 ], [ -74.057368545999964, 4.639591309000025 ], [ -74.057364335999978, 4.639568871000051 ], [ -74.057362091999948, 4.63954878200002 ], [ -74.057357132999982, 4.639538093000056 ], [ -74.057361385999968, 4.639513143000045 ], [ -74.057362574999956, 4.639487724000048 ], [ -74.057365656999934, 4.639464862000068 ], [ -74.057408401999965, 4.639237412000057 ], [ -74.057332550999945, 4.638701825000055 ], [ -74.057328684999959, 4.638658111000041 ], [ -74.057326505999981, 4.638646034000033 ], [ -74.05732425399998, 4.638635934000035 ], [ -74.057318272999964, 4.638628095000058 ], [ -74.057312924999962, 4.638619338000069 ], [ -74.057306943999947, 4.63861100500003 ], [ -74.057301524999957, 4.638603093000029 ], [ -74.05729054699998, 4.63859708800004 ], [ -74.057278229999952, 4.638596946000064 ], [ -74.057267601999968, 4.638598782000031 ], [ -74.057257467999989, 4.638600051000026 ], [ -74.057246486999986, 4.638603226000043 ], [ -74.057237196999949, 4.638610994000032 ], [ -74.05722994599995, 4.638617418000024 ], [ -74.057221991999938, 4.638623705000043 ], [ -74.057215092999968, 4.638634296000021 ], [ -74.057209108999984, 4.638642064000067 ], [ -74.057203547999961, 4.638651738000021 ], [ -74.05719791599995, 4.638662260000046 ], [ -74.057191932999956, 4.638670026000057 ], [ -74.057185385999958, 4.63867829000003 ], [ -74.057179473999952, 4.638684642000044 ], [ -74.057171659999938, 4.638689726000052 ], [ -74.057161032999943, 4.638696506000031 ], [ -74.057151811999972, 4.638700104000065 ], [ -74.057142589999955, 4.638701869000045 ], [ -74.057132103999948, 4.638702716000068 ], [ -74.057121546999952, 4.638701725000033 ], [ -74.057113241999957, 4.638698476000059 ], [ -74.057102684999961, 4.638694306000048 ], [ -74.057092691999969, 4.63868915200004 ], [ -74.057084950999979, 4.638683571000058 ], [ -74.057078123999986, 4.638678062000054 ], [ -74.057068481999977, 4.638671 ], [ -74.057059403999972, 4.638663087000054 ], [ -74.057051662999982, 4.638657083000055 ], [ -74.057041107999964, 4.638649174000022 ], [ -74.057032451999987, 4.638641758000063 ], [ -74.057023795999953, 4.638634835000062 ], [ -74.057009649999941, 4.638620426000045 ], [ -74.05700148699998, 4.638616753000065 ], [ -74.056990507999956, 4.638615267000034 ], [ -74.05698227299996, 4.63861103000005 ], [ -74.056974461999971, 4.638604532000045 ], [ -74.056968550999954, 4.638598104000039 ], [ -74.056965878999961, 4.638588853000044 ], [ -74.05696510699994, 4.638575929000069 ], [ -74.056963275999976, 4.638567171000034 ], [ -74.056964685999958, 4.638556579000067 ], [ -74.056968980999955, 4.638544715000023 ], [ -74.056972219999977, 4.638533628000062 ], [ -74.056976443999986, 4.638520847000052 ], [ -74.056979682999952, 4.638511171000061 ], [ -74.05698390799995, 4.638503403000072 ], [ -74.056987146999973, 4.638492317000043 ], [ -74.056990525999936, 4.638480877000063 ], [ -74.056992357999945, 4.638468942000031 ], [ -74.056995175999987, 4.638459692000026 ], [ -74.056997989999957, 4.638450934000048 ], [ -74.056999892999954, 4.63844182400004 ], [ -74.057000878999986, 4.638431232000073 ], [ -74.057000950999964, 4.638421557000072 ], [ -74.056998700999941, 4.638410964000059 ], [ -74.056994196999938, 4.638399876000051 ], [ -74.056988355999977, 4.638389210000071 ], [ -74.05698476799995, 4.638380948000076 ], [ -74.056980688999943, 4.638369437000051 ], [ -74.05697801599996, 4.638359761000061 ], [ -74.056973933999984, 4.638346838000075 ], [ -74.056970767999985, 4.638338503000057 ], [ -74.056967601999986, 4.638329746000068 ], [ -74.056963591999988, 4.638316822000036 ], [ -74.05695775199996, 4.638301636000051 ], [ -74.056954092999945, 4.638293303000069 ], [ -74.056948253999963, 4.638281297000049 ], [ -74.056942764999974, 4.63827296300002 ], [ -74.056938754999976, 4.638264206000031 ], [ -74.056934251999962, 4.638254529000051 ], [ -74.056928340999946, 4.638245207000068 ], [ -74.056923344999973, 4.638235531000021 ], [ -74.056919685999958, 4.638226773000042 ], [ -74.05691567599996, 4.638218016000053 ], [ -74.056911593999985, 4.63820643400004 ], [ -74.056908007999937, 4.638197182000056 ], [ -74.056902588999947, 4.638187507000055 ], [ -74.05689618599996, 4.638175076000039 ], [ -74.056891259999986, 4.638163493000036 ], [ -74.056885419999958, 4.638154736000047 ], [ -74.056879438999943, 4.63814732000003 ], [ -74.056872613999985, 4.638141315000041 ], [ -74.056865294999966, 4.638131993000059 ], [ -74.056858115999944, 4.638122318000057 ], [ -74.056849038999985, 4.638110806000043 ], [ -74.056840805999968, 4.638101482000025 ], [ -74.056830249999962, 4.638091311000039 ], [ -74.056823002999977, 4.638082906000022 ], [ -74.056816669999989, 4.638073230000032 ], [ -74.056808927999953, 4.63806256700002 ], [ -74.056803509999952, 4.63805289000004 ], [ -74.056796261999978, 4.638044627000056 ], [ -74.056792181999981, 4.638036293000027 ], [ -74.056785776999959, 4.638028875000032 ], [ -74.05677845799994, 4.638015951000057 ], [ -74.056769945999974, 4.638001544000076 ], [ -74.056766356999958, 4.637993281000035 ], [ -74.056759460999956, 4.637981698000033 ], [ -74.056751720999955, 4.637972447000038 ], [ -74.056745456999977, 4.63796043800005 ], [ -74.056737718999955, 4.637947514000075 ], [ -74.056733636999979, 4.637938758000075 ], [ -74.056725402999973, 4.637924915000042 ], [ -74.056717804999948, 4.637912908000033 ], [ -74.056712737999987, 4.637904574000061 ], [ -74.056706404999943, 4.637892991000058 ], [ -74.056702393999956, 4.637883034000026 ], [ -74.056792035999933, 4.63755487100002 ], [ -74.056795061999935, 4.637552117000041 ], [ -74.05680055299996, 4.637544772000069 ], [ -74.05680702899997, 4.637537924000071 ], [ -74.05681350499998, 4.637530156000025 ], [ -74.056819980999933, 4.637523731000044 ], [ -74.056826456999943, 4.637515538000059 ], [ -74.056832440999983, 4.637509114000068 ], [ -74.056849123999939, 4.637492662000056 ], [ -74.056855106999933, 4.637486236000029 ], [ -74.056863411999984, 4.637476633000063 ], [ -74.056870381999943, 4.637466537000023 ], [ -74.056877278999934, 4.637458274000039 ], [ -74.056884249999939, 4.637451 ], [ -74.056888403999949, 4.637442739000051 ], [ -74.056896778999942, 4.637435466000056 ], [ -74.056903184999953, 4.637427203000072 ], [ -74.056909659999974, 4.637418448000062 ], [ -74.056915714999946, 4.637409339000044 ], [ -74.056922190999956, 4.637401572000044 ], [ -74.05692817399995, 4.637394651000022 ], [ -74.056933736999952, 4.637387800000056 ], [ -74.056939295999939, 4.637380457000063 ], [ -74.056944857999952, 4.637373609000065 ], [ -74.056951826999978, 4.637364501000036 ], [ -74.056959217999974, 4.637355250000041 ], [ -74.056965694999974, 4.637345716000027 ], [ -74.05697308799995, 4.637337454000033 ], [ -74.05697956299997, 4.637330604000056 ], [ -74.056985051999959, 4.637323755000068 ], [ -74.056992021999974, 4.63731733000003 ], [ -74.056996244999937, 4.637307302000067 ], [ -74.057000398999946, 4.637296710000044 ], [ -74.057005538999988, 4.637285693000024 ], [ -74.057010186999946, 4.637276443000076 ], [ -74.057015323999963, 4.637266840000052 ], [ -74.057020392999959, 4.637259566000068 ], [ -74.057024615999978, 4.637251305000063 ], [ -74.057029684999975, 4.637241631000052 ], [ -74.057033487999945, 4.637233439000056 ], [ -74.057036232999963, 4.637224682000067 ], [ -74.057038557999988, 4.637215006000076 ], [ -74.057042852999984, 4.637203496000041 ], [ -74.05704799199998, 4.637190220000036 ], [ -74.057051230999946, 4.637181536000071 ], [ -74.057054961999938, 4.637171437000063 ], [ -74.057058271999949, 4.637160421000033 ], [ -74.057062003999988, 4.637147992000052 ], [ -74.057066157999941, 4.637136057000021 ], [ -74.05707038099996, 4.637126382000076 ], [ -74.057075520999945, 4.637114449000023 ], [ -74.057079253999973, 4.637103926000066 ], [ -74.057082561999948, 4.637094322000053 ], [ -74.057090939999966, 4.637073137000073 ], [ -74.057094178999989, 4.637064947000056 ], [ -74.057096994999938, 4.637055693000036 ], [ -74.057099881999989, 4.637043761000029 ], [ -74.057102698999984, 4.637033663000068 ], [ -74.057104531999983, 4.637022646000048 ], [ -74.057107416999941, 4.637013393000075 ], [ -74.057110654999974, 4.637004285000046 ], [ -74.057113472999959, 4.636993693000022 ], [ -74.057115373999977, 4.636984512000026 ], [ -74.057116853999958, 4.636974837000025 ], [ -74.057119670999953, 4.636963821000052 ], [ -74.057123825999952, 4.636954216000049 ], [ -74.057126219999986, 4.636944966000044 ], [ -74.057128120999948, 4.636934445000065 ], [ -74.057130093999945, 4.636922508000055 ], [ -74.057131078999987, 4.636913681000067 ], [ -74.057132066999941, 4.636903159000042 ], [ -74.057132629999955, 4.636891647000027 ], [ -74.057132630999945, 4.636881973000072 ], [ -74.057133618999956, 4.63686905000003 ], [ -74.057133761999978, 4.636849346000076 ], [ -74.057125670999937, 4.63682618200005 ], [ -74.057119268999941, 4.636817421000046 ], [ -74.057111104999933, 4.636809583000058 ], [ -74.057106107999971, 4.636799907000068 ], [ -74.057100691999949, 4.636789668000063 ], [ -74.05709520299996, 4.636780910000027 ], [ -74.057088445999966, 4.63676982100003 ], [ -74.05708120099996, 4.636760569000046 ], [ -74.057073880999951, 4.636754494000058 ], [ -74.057065224999974, 4.636747996000054 ], [ -74.057058820999941, 4.636742063000042 ], [ -74.057049178999989, 4.636735565000038 ], [ -74.057040523999945, 4.636728571000049 ], [ -74.05703144499995, 4.636723415000063 ], [ -74.057023140999945, 4.636716917000058 ], [ -74.057015963999959, 4.636709077000035 ], [ -74.057011880999937, 4.636697494000032 ], [ -74.057010123999987, 4.636687326000072 ], [ -74.057008859999939, 4.636676309000052 ], [ -74.057009774999983, 4.636667128000056 ], [ -74.057018924999966, 4.636665294000068 ], [ -74.05702955199996, 4.636660351000046 ], [ -74.057037856999955, 4.63665717300006 ], [ -74.057046585999956, 4.636653574000036 ], [ -74.057056228999954, 4.636649478000038 ], [ -74.057065449999982, 4.636647220000043 ], [ -74.057075514999951, 4.636641784000062 ], [ -74.057084805999978, 4.636635357000046 ], [ -74.057094872999983, 4.636628581000025 ], [ -74.057100925999976, 4.636622154000065 ], [ -74.057108738999943, 4.63661664600005 ], [ -74.057117043999938, 4.636613046000036 ], [ -74.057128515999977, 4.636613118000071 ], [ -74.057139003999964, 4.636612767000031 ], [ -74.057150545999946, 4.636611004000031 ], [ -74.057159765999984, 4.636609239000052 ], [ -74.057171166999979, 4.63660655700005 ], [ -74.057183625999983, 4.636602039000024 ], [ -74.057195590999982, 4.636597521000056 ], [ -74.057205234999969, 4.636594345000049 ], [ -74.057216705999963, 4.636590744000046 ], [ -74.057225856999935, 4.636587144000032 ], [ -74.057234584999946, 4.636583543000029 ], [ -74.057243874999983, 4.636580791000029 ], [ -74.05725253199995, 4.63658001400006 ], [ -74.057263159999934, 4.636579099000073 ], [ -74.057273716999987, 4.636576910000031 ], [ -74.057286033999958, 4.63657373500007 ], [ -74.057294831999968, 4.636572887000057 ], [ -74.05730630499994, 4.636570206000044 ], [ -74.057315523999989, 4.636569359000021 ], [ -74.057325166999988, 4.636568090000026 ], [ -74.057334809999986, 4.636564489000023 ], [ -74.057347196999956, 4.636561313000072 ], [ -74.057358247999957, 4.636558560000026 ], [ -74.057366482999953, 4.636555453000028 ], [ -74.057375702999934, 4.636553195000033 ], [ -74.057386259999987, 4.636550514000021 ], [ -74.057395902999986, 4.636546912000028 ], [ -74.057405547999963, 4.636545573000035 ], [ -74.057414696999956, 4.636544797000056 ], [ -74.057423916999937, 4.636543385000039 ], [ -74.057434051999962, 4.636539786000071 ], [ -74.057443692999982, 4.636534844000039 ], [ -74.057455165999954, 4.636530324000034 ], [ -74.057464880999987, 4.63652432300006 ], [ -74.057472763999954, 4.636519380000038 ], [ -74.057481490999976, 4.636514298000066 ], [ -74.057489726999961, 4.636507519000077 ], [ -74.057497117999958, 4.636500176000027 ], [ -74.057505423999942, 4.636492904000022 ], [ -74.057514293999986, 4.636484642000028 ], [ -74.057523021999941, 4.636474615000054 ], [ -74.05753864899998, 4.636457174000043 ], [ -74.057544281999981, 4.636447147000069 ], [ -74.057549419999987, 4.636439308000035 ], [ -74.057555473999969, 4.636428786000067 ], [ -74.057561035999981, 4.636418265000032 ], [ -74.057565188999945, 4.636410427000044 ], [ -74.05757032799994, 4.636401246000048 ], [ -74.057576381999979, 4.636391219000075 ], [ -74.057581450999976, 4.63638196900007 ], [ -74.057585604999986, 4.636372860000051 ], [ -74.057591658999968, 4.636360926000066 ], [ -74.057596797999963, 4.636349413000062 ], [ -74.057600951999973, 4.636341646000062 ], [ -74.057606513999986, 4.636328371000047 ], [ -74.057611230999953, 4.636317779000024 ], [ -74.057615032999934, 4.636306762000061 ], [ -74.057619258999978, 4.636293980000062 ], [ -74.057622003999938, 4.636278727000047 ], [ -74.057624469999951, 4.636262200000033 ], [ -74.057627286999946, 4.636248361000071 ], [ -74.057630596999957, 4.636235083000031 ], [ -74.057632920999936, 4.636225409000076 ], [ -74.057637710999984, 4.636199632000057 ], [ -74.057639612999935, 4.63618776800007 ], [ -74.057642922999946, 4.636174422000067 ], [ -74.05764580999994, 4.636161500000071 ], [ -74.057649539999943, 4.636150058000055 ], [ -74.057653765999987, 4.636139043000071 ], [ -74.057657918999951, 4.636129015000051 ], [ -74.057658482999955, 4.636120187000074 ], [ -74.05766080799998, 4.636110089000056 ], [ -74.057662215999983, 4.636100839000051 ], [ -74.057662501999971, 4.636070965000044 ], [ -74.057660742999985, 4.636061289000054 ], [ -74.057659830999967, 4.636051122000026 ], [ -74.057659478999938, 4.636039186000062 ], [ -74.057655398999941, 4.636028521000071 ], [ -74.057650472999967, 4.636021247000031 ], [ -74.057652796999946, 4.636012490000041 ], [ -74.05765286899998, 4.636003238000058 ], [ -74.057649558999969, 4.636011572000029 ], [ -74.057640480999964, 4.636007334000055 ], [ -74.057628586999954, 4.636004083000046 ], [ -74.057619790999979, 4.63599892600007 ], [ -74.057611625999982, 4.635994618000041 ], [ -74.057604308999942, 4.635985859000073 ], [ -74.057598046999942, 4.635974771000065 ], [ -74.057592064999938, 4.635968344000048 ], [ -74.057584816999963, 4.635960505000071 ], [ -74.057577005999974, 4.635949838000045 ], [ -74.057568840999977, 4.635939174000043 ], [ -74.057561170999975, 4.635930840000071 ], [ -74.057554766999942, 4.635923425000044 ], [ -74.057547519999957, 4.635918338000067 ], [ -74.057541536999963, 4.635911840000063 ], [ -74.057537034999939, 4.635904 ], [ -74.057527885999946, 4.635896584000022 ], [ -74.057520567999973, 4.635890017000065 ], [ -74.057514726999955, 4.635882670000058 ], [ -74.057511983999973, 4.635870595000029 ], [ -74.057511209999973, 4.635861908000038 ], [ -74.057510718999936, 4.635852232000047 ], [ -74.057511704999968, 4.635842134000029 ], [ -74.057514522999952, 4.63583337700004 ], [ -74.057518745999971, 4.635824692000028 ], [ -74.057524377999982, 4.635813675000065 ], [ -74.057528953999963, 4.635804990000054 ], [ -74.05753451399994, 4.635793056000068 ], [ -74.057540568999968, 4.635784723000029 ], [ -74.057549860999984, 4.635777027000074 ], [ -74.057559012999945, 4.635770671000046 ], [ -74.057565979999936, 4.635763752000059 ], [ -74.057574706999958, 4.635759729000029 ], [ -74.057585265999933, 4.635757469000055 ], [ -74.057597159999943, 4.635757119000061 ], [ -74.057607365999957, 4.635756272000037 ], [ -74.057618343999934, 4.635754932000054 ], [ -74.057628410999939, 4.63575408600002 ], [ -74.057637629999988, 4.63575366300006 ], [ -74.057647695999947, 4.635749145000034 ], [ -74.057657336999966, 4.635747452000032 ], [ -74.057666064999978, 4.635745193000048 ], [ -74.057674792999933, 4.63574109800004 ], [ -74.057687249999958, 4.635737922000033 ], [ -74.057696400999987, 4.635732981000046 ], [ -74.05770055399995, 4.635725071000024 ], [ -74.057706608, 4.635716455000022 ], [ -74.057711747999974, 4.635706781000067 ], [ -74.057718224999974, 4.635698097000045 ], [ -74.05772568499998, 4.635682982000048 ], [ -74.057730754999966, 4.635672391000071 ], [ -74.057736808999948, 4.635665542000027 ], [ -74.057742861999941, 4.635659115000067 ], [ -74.057748846999971, 4.635649089000026 ], [ -74.057754406999948, 4.635641321000037 ], [ -74.057758629999967, 4.635633483000049 ], [ -74.057767358999968, 4.635623881000072 ], [ -74.057777988999987, 4.635613358000057 ], [ -74.057783549999954, 4.635604178000051 ], [ -74.057787281999936, 4.635594575000027 ], [ -74.057787567999981, 4.635561384000027 ], [ -74.057787075999954, 4.635552626000049 ], [ -74.057786303999933, 4.635542951000048 ], [ -74.057785037999963, 4.635531511000067 ], [ -74.057783701999938, 4.635519009000063 ], [ -74.057782436999958, 4.635509335000052 ], [ -74.05778152399995, 4.635500154000056 ], [ -74.057778356999961, 4.635490477000076 ], [ -74.057774275999975, 4.635482568000043 ], [ -74.057771181999954, 4.635470633000068 ], [ -74.057770759999983, 4.635461876000022 ], [ -74.057775827999933, 4.635454533000029 ], [ -74.057779206999953, 4.63544577600004 ], [ -74.057785683999953, 4.635434831000055 ], [ -74.057793921999973, 4.635425157000043 ], [ -74.057805464999944, 4.635414707000052 ], [ -74.057815669999968, 4.635408351000024 ], [ -74.057826650999971, 4.635401504000072 ], [ -74.05783594199994, 4.63539281900006 ], [ -74.057842838999989, 4.635385051000071 ], [ -74.057848895999939, 4.635375942000053 ], [ -74.057857200999933, 4.635364925000033 ], [ -74.057865013999958, 4.635356239000032 ], [ -74.057871559999967, 4.63534981600003 ], [ -74.05787754399995, 4.635341554000036 ], [ -74.057887327999936, 4.635332939000023 ], [ -74.05789464999998, 4.635325099000056 ], [ -74.057903446999944, 4.635318746000053 ], [ -74.057911259999969, 4.635309566000046 ], [ -74.057917314999941, 4.63530137500004 ], [ -74.057922804999976, 4.635294031000058 ], [ -74.057928367999978, 4.635286265000047 ], [ -74.057934842999941, 4.635279838000031 ], [ -74.057944626999983, 4.63526839900004 ], [ -74.057950118999941, 4.635261479000064 ], [ -74.057957015999989, 4.635252794000053 ], [ -74.057962648999933, 4.635245026000064 ], [ -74.057969545999981, 4.635237754000059 ], [ -74.057978273999936, 4.635235918000035 ], [ -74.057982426999956, 4.635224477000065 ], [ -74.057986651999954, 4.635215792000054 ], [ -74.057991790999949, 4.635206118000042 ], [ -74.057995522999988, 4.635196513000039 ], [ -74.058000663999962, 4.635180907000063 ], [ -74.058005801999968, 4.635170316000028 ], [ -74.058010024999987, 4.635159299000065 ], [ -74.058011928999974, 4.635146022000072 ], [ -74.058012, 4.635133027000052 ], [ -74.058013478999953, 4.63511932800003 ], [ -74.058013973999948, 4.635109228000033 ], [ -74.058015946999944, 4.635088043000053 ], [ -74.058017427999971, 4.635076462000029 ], [ -74.058018413999946, 4.635065868000027 ], [ -74.058019822999938, 4.635055347000048 ], [ -74.058019051999963, 4.635038328000064 ], [ -74.058017362999976, 4.635029075000034 ], [ -74.058019687999945, 4.635018552000076 ], [ -74.058024825999951, 4.635009374000049 ], [ -74.058029401999988, 4.63500061700006 ], [ -74.058030388999953, 4.634990943000048 ], [ -74.058029615999942, 4.634980419000044 ], [ -74.058027365999976, 4.634971590000021 ], [ -74.05802194599994, 4.634962410000071 ], [ -74.058017795999945, 4.634954077000032 ], [ -74.058009139999967, 4.634946659000036 ], [ -74.058001820999948, 4.634936984000035 ], [ -74.057996895999963, 4.634925400000043 ], [ -74.057992814999977, 4.634917561000066 ], [ -74.05798690499995, 4.634910146000038 ], [ -74.057981978999976, 4.634900471000037 ], [ -74.05798022099998, 4.63489037100004 ], [ -74.057978884999955, 4.634878293000043 ], [ -74.05797705699996, 4.634868619000031 ], [ -74.057976704999987, 4.634858096000073 ], [ -74.057975441999986, 4.634848845000022 ], [ -74.057975090999946, 4.634832743000061 ], [ -74.057975231999933, 4.634820739000077 ], [ -74.057977978999986, 4.634807039000066 ], [ -74.057980866999969, 4.634795951000058 ], [ -74.057982347999939, 4.634785853000039 ], [ -74.057986922999987, 4.634775754000032 ], [ -74.057990722999989, 4.634766151000065 ], [ -74.057994876999942, 4.634756476000064 ], [ -74.058001776999959, 4.63474588400004 ], [ -74.058008744999938, 4.634738681000044 ], [ -74.058013250999977, 4.634733032000042 ], [ -74.057154904999948, 4.634656552000024 ], [ -74.057152005999967, 4.634656293000035 ], [ -74.057150418999981, 4.634681847000024 ], [ -74.057149347999939, 4.634681734000026 ], [ -74.057043876999956, 4.634670633000042 ], [ -74.057044947999941, 4.634643629000038 ], [ -74.056939708999948, 4.634633802000053 ], [ -74.056934694999939, 4.634633334000057 ], [ -74.056673171999989, 4.634608912000033 ], [ -74.05666070999996, 4.634619935000046 ], [ -74.056535609999969, 4.634610659000032 ], [ -74.056538279999984, 4.634594037000056 ], [ -74.056382971999938, 4.634577783000054 ], [ -74.056380354999988, 4.634577509000053 ], [ -74.056379342999946, 4.634584662000066 ], [ -74.056371276999982, 4.634583869000039 ], [ -74.056373504999954, 4.634596033000037 ], [ -74.056200201999957, 4.634577395000065 ], [ -74.056202695999957, 4.634556029000066 ], [ -74.055937845999949, 4.634527931000036 ], [ -74.055935671999976, 4.634537069000032 ], [ -74.055935504999979, 4.63453776700004 ], [ -74.055931752999982, 4.634537411000053 ], [ -74.055928678999976, 4.634549511000046 ], [ -74.055825439999978, 4.634540582000056 ], [ -74.055851631999985, 4.634303703000057 ], [ -74.055852180999977, 4.634298736000062 ], [ -74.05590568599996, 4.633814838000035 ], [ -74.055906145999984, 4.633810668000024 ], [ -74.055911073999937, 4.633766104000074 ], [ -74.055920624999942, 4.633653828000035 ], [ -74.055949154999951, 4.633327902000076 ], [ -74.055949515999941, 4.633323778000033 ], [ -74.055987397999957, 4.632891001000075 ], [ -74.055989775999933, 4.632857012000045 ], [ -74.055990183999938, 4.63285120200004 ], [ -74.055994672999987, 4.632722179000041 ], [ -74.056018983999934, 4.632419789000039 ], [ -74.056022036999934, 4.632368454000073 ], [ -74.056022256999938, 4.632364761000076 ], [ -74.056029122999973, 4.632249314000035 ], [ -74.056035231999942, 4.631922566000071 ], [ -74.05603595499997, 4.631908044000056 ], [ -74.056036222999978, 4.631902665000041 ], [ -74.056041338999989, 4.631799960000023 ], [ -74.056543014999988, 4.631946068000047 ], [ -74.057156849999956, 4.63214812700005 ], [ -74.057211675999952, 4.632152088000055 ], [ -74.057493778999969, 4.632253419000051 ], [ -74.057492058999969, 4.632241927000052 ], [ -74.057517519999976, 4.632251653000026 ], [ -74.057621930999971, 4.632291536000025 ], [ -74.057682990999979, 4.632314860000065 ], [ -74.057691615999943, 4.632318155000064 ], [ -74.057693944999983, 4.632237885000052 ], [ -74.057695655999964, 4.632169529000066 ], [ -74.057665521999979, 4.632072338000057 ], [ -74.057633495999937, 4.631968866000022 ], [ -74.057608588999983, 4.631889453000042 ], [ -74.057586867999987, 4.63182153300005 ], [ -74.057552315999942, 4.631746566000061 ], [ -74.057519820999971, 4.631676969000068 ], [ -74.057480365999936, 4.631626354000048 ], [ -74.057440014999941, 4.631574657000044 ], [ -74.057387851999977, 4.631464491000031 ], [ -74.05736552999997, 4.631417931000044 ], [ -74.057326818999968, 4.631335733000071 ], [ -74.057330762999982, 4.631276706000051 ], [ -74.057484904999967, 4.631037024000022 ], [ -74.057519045999982, 4.630983994000076 ], [ -74.057634679999978, 4.630661063000048 ], [ -74.057648595999979, 4.630622221000067 ], [ -74.058180930999981, 4.630811979000043 ], [ -74.058176475999971, 4.630821534000063 ], [ -74.057962968999959, 4.63127946000003 ], [ -74.057935314999952, 4.631365933000041 ], [ -74.057907342999954, 4.631453391000036 ], [ -74.057888675999948, 4.631585025000049 ], [ -74.05788092399996, 4.631671112000049 ], [ -74.057879784999955, 4.631758894000029 ], [ -74.057906784999943, 4.631955858000026 ], [ -74.057867529999953, 4.631968426000071 ], [ -74.05777713699996, 4.631997366000064 ], [ -74.057775233999962, 4.63201332400007 ], [ -74.057769879999967, 4.632061419000024 ], [ -74.057760073999987, 4.632221232000063 ], [ -74.057745417999968, 4.632343967000054 ], [ -74.058224338999935, 4.632515075000072 ], [ -74.058633376999978, 4.63264203600005 ], [ -74.058633657999962, 4.632640977000051 ], [ -74.058636356999955, 4.632632115000035 ], [ -74.058636474999957, 4.632631727000046 ], [ -74.058638375999976, 4.632621203000042 ], [ -74.058640276999938, 4.632612517000041 ], [ -74.058643586999949, 4.632599099000061 ], [ -74.058645910999985, 4.632588507000037 ], [ -74.058649291999984, 4.632578409000075 ], [ -74.058654429999933, 4.632561955000028 ], [ -74.058658091999973, 4.632549525000059 ], [ -74.058661893999954, 4.632541263000064 ], [ -74.058665556999983, 4.632531589000052 ], [ -74.058669778999956, 4.632521138000072 ], [ -74.058673931999977, 4.632511888000067 ], [ -74.058677312999976, 4.63250221200002 ], [ -74.058677805999935, 4.632490279000024 ], [ -74.058678793999945, 4.632479685000021 ], [ -74.058679007999956, 4.632454403000054 ], [ -74.058678586999974, 4.632443810000041 ], [ -74.058677742999976, 4.632434628000055 ], [ -74.05867872999994, 4.632424954000044 ], [ -74.058679294999934, 4.632414360000041 ], [ -74.058677958999965, 4.632403343000021 ], [ -74.058684160999974, 4.632354546000045 ], [ -74.058690212999977, 4.632341764000046 ], [ -74.058694789999947, 4.632324251000057 ], [ -74.058696129999987, 4.632315 ], [ -74.058697045999963, 4.632303065000031 ], [ -74.058698876999983, 4.632290141000055 ], [ -74.058700637999948, 4.632281385000056 ], [ -74.058703454999943, 4.632268884000041 ], [ -74.058709859999965, 4.632256528000028 ], [ -74.058716266999966, 4.632249537000064 ], [ -74.058730061999938, 4.632238028000074 ], [ -74.058741465999958, 4.632231601000058 ], [ -74.058756597999945, 4.632224613000062 ], [ -74.058768070999974, 4.632218541000043 ], [ -74.058781865999947, 4.632213035000063 ], [ -74.058793338999976, 4.632209788000068 ], [ -74.058803473999944, 4.632206541000073 ], [ -74.058812623999984, 4.632203788000027 ], [ -74.05882128099995, 4.63219962200003 ], [ -74.058830502999967, 4.632191712000065 ], [ -74.058845142999985, 4.632179710000059 ], [ -74.058852464999973, 4.632172860000026 ], [ -74.058865767999976, 4.632159374000025 ], [ -74.058872172999941, 4.63215344300005 ], [ -74.058878155999935, 4.632146030000058 ], [ -74.058884069999976, 4.632136780000053 ], [ -74.058886886999971, 4.632124279000038 ], [ -74.058884987999988, 4.632111920000057 ], [ -74.058880835999958, 4.632100902000047 ], [ -74.058876684999973, 4.632090237000057 ], [ -74.058871127999964, 4.632080634000033 ], [ -74.058866553999962, 4.632072794000067 ], [ -74.058857334999971, 4.632062623000024 ], [ -74.058847270999934, 4.632056689000024 ], [ -74.058837067999946, 4.632044329000053 ], [ -74.05883115599994, 4.632032252000045 ], [ -74.058827920999988, 4.63202172900003 ], [ -74.058826443999976, 4.632009653000068 ], [ -74.058819055999948, 4.632001884000033 ], [ -74.058804416999976, 4.632001883000044 ], [ -74.058792943999947, 4.63200336400007 ], [ -74.05878970699996, 4.631994112000029 ], [ -74.058789708999939, 4.631982106000066 ], [ -74.058788724999943, 4.631970594000052 ], [ -74.058786476999956, 4.631958165000071 ], [ -74.05878133899995, 4.631945312000028 ], [ -74.058777609999936, 4.631935637000026 ], [ -74.058772120999947, 4.63192179300006 ], [ -74.058768886999985, 4.631904703000032 ], [ -74.058765087999973, 4.631888176000075 ], [ -74.05876466899997, 4.631872005000048 ], [ -74.058763684999974, 4.631857245000049 ], [ -74.058762349999938, 4.631844885000021 ], [ -74.058761365999942, 4.631832387000031 ], [ -74.058758551999972, 4.631816779000076 ], [ -74.058757216999936, 4.631807527000035 ], [ -74.058756724999967, 4.631797429000073 ], [ -74.058756657999936, 4.631773489000068 ], [ -74.05875799599994, 4.631762825000067 ], [ -74.058758912999963, 4.631752230000075 ], [ -74.058760745999962, 4.631738814000073 ], [ -74.058760746999951, 4.631728716000055 ], [ -74.058761662999984, 4.631715368000073 ], [ -74.058762508999962, 4.631700609000063 ], [ -74.058763917999954, 4.631687261000025 ], [ -74.058766172999981, 4.631673843000044 ], [ -74.058771664999938, 4.631662404000053 ], [ -74.058783066999979, 4.631651742000031 ], [ -74.05879228799995, 4.631643833000055 ], [ -74.058802776999983, 4.631635501000062 ], [ -74.058812418999935, 4.631629146000023 ], [ -74.05882023099997, 4.631624486000021 ], [ -74.058829802999981, 4.63161933300006 ], [ -74.058843599999989, 4.631613403000074 ], [ -74.058853241999941, 4.631609661000027 ], [ -74.058862885999986, 4.631604081000035 ], [ -74.058873019999965, 4.631599917000074 ], [ -74.058882170999937, 4.631597095000075 ], [ -74.058891813999935, 4.631593846000044 ], [ -74.058901877999972, 4.631591165000032 ], [ -74.058919825999965, 4.631586012000071 ], [ -74.058934536999971, 4.631581423000057 ], [ -74.05894460199994, 4.63157725800005 ], [ -74.058956988999967, 4.631574010000065 ], [ -74.05897261299998, 4.63156977500006 ], [ -74.058981271999983, 4.631566598000063 ], [ -74.058992814999954, 4.631562364000047 ], [ -74.059003795999956, 4.631556856000032 ], [ -74.059012099999961, 4.631550855000057 ], [ -74.059019841999941, 4.63154344000003 ], [ -74.059027655999955, 4.63153426100007 ], [ -74.059032723999962, 4.63152592800003 ], [ -74.05904004599995, 4.631513429000051 ], [ -74.059049691999974, 4.631497259000071 ], [ -74.059058349999987, 4.631480734000036 ], [ -74.05906559999994, 4.631466329000034 ], [ -74.05907158399998, 4.63145206400003 ], [ -74.059077990999981, 4.631438223000032 ], [ -74.059084819999953, 4.631423960000063 ], [ -74.059089395999933, 4.631414709000069 ], [ -74.059094887999947, 4.631402279000042 ], [ -74.059098125999981, 4.631390275000058 ], [ -74.059100872999977, 4.631378765000022 ], [ -74.059104887999979, 4.631359839000027 ], [ -74.059109042999978, 4.631341901000042 ], [ -74.059112210999956, 4.631327566000039 ], [ -74.059115449999979, 4.63131605500007 ], [ -74.059118618999946, 4.631303131000038 ], [ -74.05912178799997, 4.631288795000046 ], [ -74.059123547999945, 4.631278273000021 ], [ -74.059125449999954, 4.631269023000073 ], [ -74.059126787999958, 4.631258006000053 ], [ -74.059128621999946, 4.631239574000062 ], [ -74.05912995999995, 4.631230817000073 ], [ -74.059130875999983, 4.631219659000067 ], [ -74.059130806999974, 4.63120821900003 ], [ -74.059129894999955, 4.631198968000035 ], [ -74.059128556999951, 4.631189292000045 ], [ -74.059135384999934, 4.631182372000069 ], [ -74.059145448999971, 4.631179054000029 ], [ -74.059150518999957, 4.631179902000042 ], [ -74.059179486999938, 4.630859359000056 ], [ -74.059183714999961, 4.630812751000065 ], [ -74.059265757999981, 4.629905990000054 ], [ -74.059257632999959, 4.62961905700007 ], [ -74.059272142999987, 4.629531913000051 ], [ -74.059381866999956, 4.629522817000066 ], [ -74.059379263999972, 4.629516886000033 ], [ -74.059374267999942, 4.629507208000064 ], [ -74.059369624999988, 4.629497957000069 ], [ -74.059363642999983, 4.629489270000022 ], [ -74.059356675999936, 4.629480088000037 ], [ -74.05934794999996, 4.629474086000073 ], [ -74.059340209999959, 4.629468152000072 ], [ -74.059330003999946, 4.629462146000037 ], [ -74.059320853999964, 4.629458475000035 ], [ -74.059311636999951, 4.629454306000071 ], [ -74.059302487999958, 4.629449787000055 ], [ -74.059293689999947, 4.62944738300007 ], [ -74.059284540999954, 4.629445617000044 ], [ -74.059283203999939, 4.629435941000054 ], [ -74.059284049999974, 4.629425843000035 ], [ -74.059284544999969, 4.629416167000045 ], [ -74.059284475999959, 4.629405573000042 ], [ -74.059283563999941, 4.629395899000031 ], [ -74.059286730999986, 4.629387568000027 ], [ -74.059299608999936, 4.62939074600007 ], [ -74.059314811999968, 4.629391171000066 ], [ -74.059323890999963, 4.629389265000043 ], [ -74.059339586999954, 4.629387503000032 ], [ -74.059349228999963, 4.629386021000073 ], [ -74.059383644999969, 4.629385954000043 ], [ -74.059391949999963, 4.62938228400003 ], [ -74.05940011499996, 4.629372115000024 ], [ -74.059405607999963, 4.629363783000031 ], [ -74.059411589999968, 4.62935234400004 ], [ -74.059419825999953, 4.629346270000042 ], [ -74.059429045999934, 4.629339774000073 ], [ -74.059439110999961, 4.629334692000043 ], [ -74.059448753999959, 4.629328760000021 ], [ -74.059459312999934, 4.629328693000048 ], [ -74.05946712399998, 4.629334696000058 ], [ -74.059476763999953, 4.629344724000021 ], [ -74.05948548899994, 4.629354401000057 ], [ -74.059494285999961, 4.629359064000028 ], [ -74.059508502999961, 4.629359487000045 ], [ -74.059529196999961, 4.629354761000059 ], [ -74.05953932999995, 4.629352501000028 ], [ -74.059548972999949, 4.629348831000073 ], [ -74.059559038999964, 4.629345160000071 ], [ -74.059567201999982, 4.629340005000074 ], [ -74.059575085999938, 4.629334922000055 ], [ -74.059583391999979, 4.629327507000028 ], [ -74.059593880999955, 4.629319175000035 ], [ -74.059603453999955, 4.629309995000028 ], [ -74.059610422999981, 4.629303994000054 ], [ -74.059617670999955, 4.62929841700003 ], [ -74.05962464199996, 4.629291991000059 ], [ -74.059629567999934, 4.629284153000071 ], [ -74.059640195999975, 4.629280411000025 ], [ -74.059649346999947, 4.629275328000062 ], [ -74.059656242999949, 4.629269325000053 ], [ -74.059663072999967, 4.629262900000072 ], [ -74.059670955999934, 4.629258734000075 ], [ -74.059683694999933, 4.629250404000061 ], [ -74.059691087999965, 4.62924016300002 ], [ -74.059696085999974, 4.629229148000036 ], [ -74.059701154999971, 4.629220391000047 ], [ -74.059708050999973, 4.629212976000076 ], [ -74.059714456999984, 4.629206551000038 ], [ -74.05972543699994, 4.629204223000045 ], [ -74.059734656999979, 4.629206483000075 ], [ -74.059742890999985, 4.629213900000025 ], [ -74.059749434999958, 4.629221668000071 ], [ -74.059756682999989, 4.62922767200007 ], [ -74.059767309999984, 4.62923360700006 ], [ -74.059777442999973, 4.629237773000057 ], [ -74.059788422999986, 4.629239118000044 ], [ -74.059798556999965, 4.629241802000024 ], [ -74.059809113999961, 4.62924420500002 ], [ -74.059821994999936, 4.629243642000063 ], [ -74.05983297299997, 4.629249151000067 ], [ -74.059839939999961, 4.629254661000061 ], [ -74.059848666999983, 4.629251908000072 ], [ -74.059859225999958, 4.629241740000055 ], [ -74.059869291999973, 4.629233901000021 ], [ -74.059879285999955, 4.629225146000067 ], [ -74.059887591999939, 4.629219145000036 ], [ -74.059903639999959, 4.629208061000043 ], [ -74.059914197999944, 4.629200646000072 ], [ -74.05992658599996, 4.629194151000036 ], [ -74.05993848199995, 4.62918723100006 ], [ -74.059947701999988, 4.629181230000029 ], [ -74.059955514999956, 4.629176570000027 ], [ -74.05996565199996, 4.62917198100007 ], [ -74.05997571599994, 4.62916591000004 ], [ -74.059988524999937, 4.629161743000054 ], [ -74.059997674999977, 4.629160403000071 ], [ -74.060011470999939, 4.629157156000076 ], [ -74.060026179999966, 4.629155251000043 ], [ -74.060037230999967, 4.629153346000066 ], [ -74.060050039999965, 4.629150099000071 ], [ -74.060060103999945, 4.629148334000035 ], [ -74.060079390999988, 4.62914360700006 ], [ -74.060090930999934, 4.629140783000025 ], [ -74.06010099699995, 4.629137537000076 ], [ -74.060113385999955, 4.629134430000022 ], [ -74.060124433999988, 4.62913203100004 ], [ -74.060136328999988, 4.629130619000023 ], [ -74.060148291999951, 4.629131046000055 ], [ -74.060156596999946, 4.62913521400003 ], [ -74.060163002999957, 4.629141640000057 ], [ -74.060174965999977, 4.629140653000036 ], [ -74.060190592999959, 4.629136487000039 ], [ -74.06020065599995, 4.629131901000051 ], [ -74.060212129999968, 4.629126815000063 ], [ -74.060226768999939, 4.629122581000047 ], [ -74.060238312999957, 4.629119404000051 ], [ -74.060254357999952, 4.629113333000021 ], [ -74.060269492999964, 4.629109662000076 ], [ -74.060278711999956, 4.629109098000072 ], [ -74.060287438999978, 4.629109593000067 ], [ -74.060297079999941, 4.629110444000048 ], [ -74.060305808999942, 4.629104935000043 ], [ -74.060314113999937, 4.629096179000044 ], [ -74.060320941999976, 4.629088342000045 ], [ -74.060328264999953, 4.629078174000028 ], [ -74.060334598999987, 4.62907167700007 ], [ -74.06034339699994, 4.629065251000043 ], [ -74.060353885999973, 4.629057414000044 ], [ -74.060367259999964, 4.629049576000057 ], [ -74.060378238999988, 4.629043010000032 ], [ -74.060390695999956, 4.629037080000046 ], [ -74.060402098999987, 4.629030091000061 ], [ -74.060409420999974, 4.629024087000062 ], [ -74.060417724999979, 4.629020347000051 ], [ -74.06042645399998, 4.62901392200007 ], [ -74.060432367999965, 4.629002834000062 ], [ -74.060436871999968, 4.628992242000038 ], [ -74.060437788999934, 4.628982568000026 ], [ -74.060435960999939, 4.628971550000074 ], [ -74.060433639999985, 4.628962792000038 ], [ -74.060429979999981, 4.628953541000044 ], [ -74.060426743999983, 4.628943441000047 ], [ -74.060424915999988, 4.628933766000046 ], [ -74.06042526799996, 4.628924515000051 ], [ -74.060430336999957, 4.628916677000063 ], [ -74.060434489999977, 4.628908344000024 ], [ -74.06044131799996, 4.62890107100003 ], [ -74.060450537999941, 4.628898247000052 ], [ -74.060461588999942, 4.628895918000069 ], [ -74.060476720999986, 4.628889848000028 ], [ -74.060485377999953, 4.62888476400002 ], [ -74.060495444999958, 4.628877843000055 ], [ -74.060503749999953, 4.628870078000034 ], [ -74.060510576999945, 4.628864003000047 ], [ -74.060519304999957, 4.628855672000043 ], [ -74.060530778999976, 4.628844656000069 ], [ -74.060540843999945, 4.628832654000064 ], [ -74.060547250999946, 4.628824745000031 ], [ -74.060551896999982, 4.628815987000053 ], [ -74.060555979999947, 4.628808149000065 ], [ -74.06056154099997, 4.62879889900006 ], [ -74.060566540999957, 4.628789225000048 ], [ -74.060569707999946, 4.62878046700007 ], [ -74.060570386999984, 4.62877934100004 ], [ -74.060478316999934, 4.628744439000059 ], [ -74.060386327999936, 4.628709569000023 ], [ -74.060379454999975, 4.628704672000026 ], [ -74.060365445999935, 4.628694688000053 ], [ -74.060235341999942, 4.628601977000073 ], [ -74.060213823999959, 4.628603043000055 ], [ -74.060163213999942, 4.628605549000042 ], [ -74.060139301999982, 4.628606735000062 ], [ -74.060129183999948, 4.62860723600005 ], [ -74.060018830999979, 4.62857101000003 ], [ -74.059907414999941, 4.628593145000025 ], [ -74.059863331999964, 4.628564972000049 ], [ -74.059804885999938, 4.628527622000036 ], [ -74.059694718999936, 4.62845722000003 ], [ -74.059691135999969, 4.628454932000068 ], [ -74.05960368999996, 4.62839905200002 ], [ -74.05946986899994, 4.628313609000031 ], [ -74.059420818999968, 4.628307978000066 ], [ -74.059400183999969, 4.628297185000065 ], [ -74.059397627999942, 4.628295850000029 ], [ -74.059222745999989, 4.628204392000043 ], [ -74.059187504999954, 4.628185962000032 ], [ -74.059132803999944, 4.628159750000066 ], [ -74.059129722999955, 4.628158276000022 ], [ -74.059086960999934, 4.628137787000071 ], [ -74.058865554999954, 4.628042136000033 ], [ -74.058847184999934, 4.628034418000027 ], [ -74.058843412999977, 4.62803283300002 ], [ -74.058820361999949, 4.628023148000068 ], [ -74.058598251999967, 4.627933474000031 ], [ -74.058493717999966, 4.627890105000063 ], [ -74.058477036999989, 4.627883186000076 ], [ -74.058430094999949, 4.627858923000076 ], [ -74.058421726999939, 4.627853997000045 ], [ -74.058408793999945, 4.627846380000051 ], [ -74.058403820999956, 4.627843453000025 ], [ -74.058201332999943, 4.627756594000061 ], [ -74.057962756999984, 4.627654966000023 ], [ -74.057937532999972, 4.627649688000076 ], [ -74.057802306999974, 4.627591666000058 ], [ -74.057621538999967, 4.627516411000045 ], [ -74.057516119999946, 4.627466986000059 ], [ -74.057514413999968, 4.627466186000049 ], [ -74.057509785999969, 4.627464016000033 ], [ -74.057444204999967, 4.627432431000045 ], [ -74.057405804999973, 4.627424183000073 ], [ -74.057315348999964, 4.627407391000077 ], [ -74.057304339999973, 4.627405356000054 ], [ -74.057277366999983, 4.627400372000068 ], [ -74.057157344999951, 4.627378191000048 ], [ -74.056988832999934, 4.627349694000031 ], [ -74.056868312999939, 4.627326474000029 ], [ -74.056583840999963, 4.627274406000026 ], [ -74.056351564999943, 4.627230433000022 ], [ -74.056090212999948, 4.62718258700005 ], [ -74.055904994999935, 4.62714810600005 ], [ -74.05590313099998, 4.627147759000025 ], [ -74.055870613999957, 4.627149496000072 ], [ -74.055857235999952, 4.62715021300005 ], [ -74.055803985999944, 4.62713087100002 ], [ -74.055584672999942, 4.627091819000043 ], [ -74.055352047999975, 4.627052063000065 ], [ -74.055033938999941, 4.626996123000026 ], [ -74.054994758999953, 4.626989140000035 ], [ -74.054995559999952, 4.626986430000045 ], [ -74.055050901999948, 4.626799119000054 ], [ -74.055059520999976, 4.626758360000053 ], [ -74.055070619999981, 4.626705863000041 ], [ -74.055086415999938, 4.626648229000068 ], [ -74.055088990999934, 4.626648450000062 ], [ -74.055089039999984, 4.626648208000063 ], [ -74.055115987999955, 4.626512056000024 ], [ -74.055127907999974, 4.626453351000066 ], [ -74.055256137999947, 4.626433331000044 ], [ -74.055301394999958, 4.626426389000073 ], [ -74.055320251999945, 4.626423497000076 ], [ -74.055320290999987, 4.626423311000053 ], [ -74.055371083999944, 4.626184806000026 ], [ -74.055374553999968, 4.626167745000032 ], [ -74.055378301999951, 4.626149326000075 ], [ -74.055396327999972, 4.626060714000062 ], [ -74.05541315399995, 4.625983025000039 ], [ -74.055466794999973, 4.625722888000041 ], [ -74.055489792999936, 4.625616434000051 ], [ -74.055519730999947, 4.625477870000054 ], [ -74.055548, 4.625338897000063 ], [ -74.055548475999956, 4.625336553000068 ], [ -74.055790210999987, 4.625383343000067 ], [ -74.055892086999961, 4.625403066000047 ], [ -74.055897413999958, 4.625404098000047 ], [ -74.055931157999964, 4.625406875000067 ], [ -74.055957321999983, 4.625409028000036 ], [ -74.056061371999988, 4.625428026000066 ], [ -74.05625966499997, 4.625466020000033 ], [ -74.056510156999934, 4.625507888000072 ], [ -74.056710373999977, 4.625541636000037 ], [ -74.056730591999951, 4.625545155000054 ], [ -74.056735255999968, 4.62554596700005 ], [ -74.056745216999957, 4.625498027000049 ], [ -74.056767770999954, 4.62549391400006 ], [ -74.056909456999961, 4.625468086000069 ], [ -74.056921055999965, 4.625573625000072 ], [ -74.057088273999966, 4.625598619000073 ], [ -74.057223972999964, 4.625618944000053 ], [ -74.057444052999983, 4.625649127000031 ], [ -74.05744883999995, 4.625649782000039 ], [ -74.057486412999936, 4.625654936000046 ], [ -74.057659272999956, 4.62567892800007 ], [ -74.057852866999951, 4.625702624000041 ], [ -74.057882562999964, 4.625706260000072 ], [ -74.058008306999966, 4.625721258000056 ], [ -74.058055540999987, 4.62572771400005 ], [ -74.058057080999959, 4.625727924000046 ], [ -74.05806701299997, 4.625885064000045 ], [ -74.058079260999989, 4.626084153000022 ], [ -74.058092504999934, 4.626296893000074 ], [ -74.058092624999972, 4.626299030000041 ], [ -74.058107673999984, 4.62653085200003 ], [ -74.058113869999943, 4.626645814000028 ], [ -74.058123480999939, 4.626827389000027 ], [ -74.05812982599997, 4.626941220000049 ], [ -74.058134327999937, 4.627029711000034 ], [ -74.058134588999962, 4.627035346000071 ], [ -74.058138153999948, 4.627101602000039 ], [ -74.058188664999989, 4.62709867600006 ], [ -74.058272383999963, 4.627089536000028 ], [ -74.058317083999953, 4.62708021900005 ], [ -74.058472671999937, 4.627063215000021 ], [ -74.058646730999953, 4.627046236000069 ], [ -74.05890329999994, 4.627018961000033 ], [ -74.059178126999939, 4.626989356000024 ], [ -74.059393327999942, 4.626966135000032 ], [ -74.059446311999977, 4.626960417000021 ], [ -74.059549868999966, 4.62694910700003 ], [ -74.059727441999939, 4.626934478000067 ], [ -74.05980378299995, 4.626934486000039 ], [ -74.05991847699994, 4.626830067000071 ], [ -74.059943866999959, 4.626806950000059 ], [ -74.060022203999949, 4.626738687000056 ], [ -74.060205432999965, 4.626626141000031 ], [ -74.060221033999937, 4.626617152000051 ], [ -74.060279122999987, 4.626578860000052 ], [ -74.060316746999945, 4.626603942000031 ], [ -74.060457611999936, 4.626697854000042 ], [ -74.060489307999944, 4.626718984000036 ], [ -74.060504468999966, 4.626729092000062 ], [ -74.060567527999979, 4.626771396000038 ], [ -74.060572958999956, 4.626751549000062 ], [ -74.060591349999982, 4.626684341000043 ], [ -74.060596416999942, 4.626665826000021 ], [ -74.060611029999961, 4.626611209000032 ], [ -74.060616320999941, 4.626760747000048 ], [ -74.060616546999938, 4.626768516000027 ], [ -74.060644739999987, 4.626779492000026 ], [ -74.060745183999984, 4.626795234000042 ], [ -74.060776377999957, 4.626800124000056 ], [ -74.060868358999983, 4.626814540000055 ], [ -74.060992842999951, 4.626761415000033 ], [ -74.060984960999974, 4.626644984000052 ], [ -74.06097970899998, 4.626634017000072 ], [ -74.060805284999958, 4.62626969300004 ], [ -74.060475777999955, 4.626054344000067 ], [ -74.060288770999989, 4.626045296000029 ], [ -74.060172736999959, 4.626116507000063 ], [ -74.060012198999971, 4.62633975600005 ], [ -74.059914188999983, 4.626403055000026 ], [ -74.059762668999952, 4.626384965000057 ], [ -74.059762672999966, 4.626304709000067 ], [ -74.059994183999947, 4.625946382000052 ], [ -74.059914201999959, 4.625812993000068 ], [ -74.05978859399994, 4.625812989000053 ], [ -74.05969227199995, 4.625946374000023 ], [ -74.059576800999935, 4.625901155000065 ], [ -74.059059734999948, 4.625356293000038 ], [ -74.059193809999954, 4.624675240000045 ], [ -74.059148750999952, 4.624576330000025 ], [ -74.058890216999941, 4.624388678000059 ], [ -74.058299915999953, 4.624259234000021 ], [ -74.057896053999968, 4.624126966000063 ], [ -74.057550652999964, 4.623933819000058 ], [ -74.057507731999976, 4.623909817000026 ], [ -74.057305757999984, 4.623796877000075 ], [ -74.057596971999942, 4.623661238000068 ], [ -74.058009858999981, 4.623226616000068 ], [ -74.058373168999935, 4.623199495000051 ], [ -74.058544402999985, 4.623097200000075 ], [ -74.058655933999944, 4.622943472000031 ], [ -74.058789442999966, 4.622485102000041 ], [ -74.058851402999949, 4.622412759000042 ], [ -74.059031649999952, 4.622337593000054 ], [ -74.059309345999964, 4.622118870000065 ], [ -74.059590414999946, 4.62218217800006 ], [ -74.059682791999933, 4.622131313000068 ], [ -74.059935701999962, 4.621962327000062 ], [ -74.060350267999979, 4.621881515000041 ], [ -74.060500098999967, 4.621754349000071 ], [ -74.060638669999946, 4.621485885000027 ], [ -74.061134347999939, 4.621320860000026 ], [ -74.061206449999986, 4.621148477000077 ], [ -74.061038043999986, 4.620742100000029 ], [ -74.06106790299998, 4.620464026000036 ], [ -74.061279696999975, 4.620131696000044 ], [ -74.061643569999944, 4.620005101000061 ], [ -74.061727499999961, 4.619810675000053 ], [ -74.061741026999982, 4.619519035000053 ], [ -74.061979856999983, 4.619145447000051 ], [ -74.062166745999946, 4.61832049800006 ], [ -74.062178203999963, 4.618269916000031 ], [ -74.062209689999975, 4.618130929000074 ], [ -74.062697484999944, 4.617798040000025 ], [ -74.062711996999951, 4.617781745000059 ], [ -74.062743490999935, 4.617746384000043 ], [ -74.062718638999968, 4.617733178000037 ], [ -74.062664070999972, 4.617704987000025 ], [ -74.062668397999971, 4.617688181000062 ], [ -74.06266990599994, 4.617682319000039 ], [ -74.062701127999958, 4.617569297000045 ], [ -74.062741412999969, 4.617423458000076 ], [ -74.062769592999985, 4.617321440000069 ], [ -74.062733686999934, 4.617311117000042 ], [ -74.062610091999943, 4.617282972000055 ], [ -74.062477996999974, 4.617275283000026 ], [ -74.062526232999971, 4.617173525000055 ], [ -74.062581224999974, 4.61705786400006 ], [ -74.062677606999955, 4.616858544000024 ], [ -74.062690000999964, 4.616832918000057 ], [ -74.062689787999943, 4.616814349000038 ], [ -74.062689259999956, 4.616768455000056 ], [ -74.062688738999952, 4.616722958000025 ], [ -74.062692296999955, 4.616638843000032 ], [ -74.062724455999955, 4.616559557000073 ], [ -74.062745995999933, 4.61652986100006 ], [ -74.062774407999939, 4.616490688000056 ], [ -74.062787209999954, 4.616478063000045 ], [ -74.062835385999961, 4.616430556000068 ], [ -74.062904347999961, 4.616360408000048 ], [ -74.062976460999948, 4.616286246000072 ], [ -74.063016571999981, 4.616244158000029 ], [ -74.063045786999965, 4.616209755000057 ], [ -74.063116917999935, 4.61611609800002 ], [ -74.06318487599998, 4.616025626000066 ], [ -74.063216635999936, 4.61594470700004 ], [ -74.063230890999989, 4.615908895000075 ], [ -74.063275703999977, 4.615924095000025 ], [ -74.063284022999937, 4.615904356000044 ], [ -74.063286864999952, 4.615897614000062 ], [ -74.063361172999976, 4.615721271000041 ], [ -74.063432044999956, 4.615557654000042 ], [ -74.063451010999984, 4.615512473000024 ], [ -74.063461229999973, 4.615488129000028 ], [ -74.063470090999942, 4.615464604000067 ], [ -74.06347937299995, 4.615435639000054 ], [ -74.063502923999977, 4.615362147000042 ], [ -74.063598300999956, 4.615074111000069 ], [ -74.063656768999977, 4.614895511000043 ], [ -74.063658230999977, 4.61489104900005 ], [ -74.063667094999971, 4.61486396600003 ], [ -74.063674915999968, 4.614835736000032 ], [ -74.063676341999951, 4.614832949000061 ], [ -74.06371556299996, 4.614756280000051 ], [ -74.063814020999985, 4.614567049000073 ], [ -74.063832859999934, 4.614530836000029 ], [ -74.063839585999972, 4.614517913000043 ], [ -74.063848444999962, 4.61449648100006 ], [ -74.063867844999947, 4.614473891000046 ], [ -74.063890607999951, 4.614454721000072 ], [ -74.06391614599994, 4.614439468000057 ], [ -74.063931518999937, 4.614433387000076 ], [ -74.063932965999982, 4.614432444000045 ], [ -74.063946392999981, 4.614425682000046 ], [ -74.063951697999983, 4.61442437900007 ], [ -74.063961786999982, 4.614421907000064 ], [ -74.063939837999953, 4.614321134000022 ], [ -74.063914201999978, 4.614203429000042 ], [ -74.06396413899995, 4.61413017600006 ], [ -74.064220063999983, 4.613754731000029 ], [ -74.064351864999935, 4.613561377000053 ], [ -74.064379429999974, 4.613172783000039 ], [ -74.064393558999939, 4.612973577000048 ], [ -74.064718287999938, 4.612424213000054 ], [ -74.065043016999937, 4.611874850000049 ], [ -74.06508019599994, 4.611648772000024 ], [ -74.064991203999966, 4.611477519000061 ], [ -74.064411618999941, 4.611038351000047 ], [ -74.064335580999966, 4.610867097000039 ], [ -74.064335583999934, 4.610679452000056 ], [ -74.064468518999945, 4.610399684000072 ], [ -74.064838021999947, 4.610112005000076 ], [ -74.065017142999977, 4.609701679000068 ], [ -74.064949557999967, 4.609459208000033 ], [ -74.064752423999948, 4.60910765400007 ], [ -74.064802567999948, 4.60830790600005 ], [ -74.064885372999981, 4.607895880000058 ], [ -74.064882718999968, 4.607882561000054 ], [ -74.064836275999937, 4.607950493000033 ], [ -74.064788359999966, 4.608020802000055 ], [ -74.064740798999935, 4.608090396000023 ], [ -74.064697172999956, 4.608150660000035 ], [ -74.064535912999986, 4.608295934000068 ], [ -74.064265597999963, 4.60849967300004 ], [ -74.064180521999958, 4.608383426000046 ], [ -74.064059699999973, 4.608215873000063 ], [ -74.063952104999942, 4.608062311000026 ], [ -74.063798042999963, 4.607839864000027 ], [ -74.063805059999936, 4.607832863000056 ], [ -74.063922116999947, 4.607716109000023 ], [ -74.063984710999989, 4.607514497000068 ], [ -74.063905720999969, 4.607317173000069 ], [ -74.063713056999973, 4.606995703000052 ], [ -74.063863572999935, 4.606998234000059 ], [ -74.064132073999986, 4.606998268000041 ], [ -74.064125286999968, 4.606939433000036 ], [ -74.06419178799996, 4.606934058000036 ], [ -74.064184644999955, 4.606870201000049 ], [ -74.064311923999981, 4.606864117000043 ], [ -74.064311215999965, 4.606802412000036 ], [ -74.064279754999973, 4.606801689000065 ], [ -74.064259747999984, 4.606679711000027 ], [ -74.06418002099997, 4.60667862400004 ], [ -74.064180026999964, 4.606629475000034 ], [ -74.06430480299997, 4.60663379600004 ], [ -74.064307669999948, 4.606576752000024 ], [ -74.064383464999935, 4.606575687000031 ], [ -74.06438491199998, 4.606445817000065 ], [ -74.064407092999943, 4.60632025700005 ], [ -74.064398520999987, 4.606257833000029 ], [ -74.064186148999966, 4.606272872000034 ], [ -74.063998090999974, 4.606284690000052 ], [ -74.063990227999966, 4.606281459000058 ], [ -74.063889398999947, 4.606329520000031 ], [ -74.063770697999985, 4.606354618000069 ], [ -74.063756766999973, 4.606249860000048 ], [ -74.063743188999979, 4.606199273000072 ], [ -74.063718172999984, 4.606107787000042 ], [ -74.063696371999981, 4.606047514000068 ], [ -74.063655980999954, 4.605976118000058 ], [ -74.063634533999959, 4.605934141000034 ], [ -74.063729639999963, 4.605895048000036 ], [ -74.063875874999951, 4.605839103000051 ], [ -74.063937370999952, 4.605819019000023 ], [ -74.064024964999987, 4.605794994000064 ], [ -74.064193719999935, 4.605771696000033 ], [ -74.06451687699996, 4.605749029000037 ], [ -74.064384116999975, 4.605589877000057 ], [ -74.064358209999966, 4.605558791000021 ], [ -74.064220787999943, 4.604931425000075 ], [ -74.064202771999987, 4.604446486000029 ], [ -74.064060279999978, 4.603908417000071 ], [ -74.063806817999989, 4.603752986000075 ], [ -74.063542088999952, 4.603840021000053 ], [ -74.063264408999942, 4.60368967200003 ], [ -74.062714676999974, 4.60356136300004 ], [ -74.06203258499994, 4.603242014000045 ], [ -74.061397807999981, 4.602931142000045 ], [ -74.061222074999989, 4.602857098000072 ], [ -74.061126886999944, 4.602806229000066 ], [ -74.060830055999986, 4.602682445000028 ], [ -74.060632918999943, 4.602602746000059 ], [ -74.060452681999948, 4.602513442000031 ], [ -74.060098399999958, 4.602309964000028 ], [ -74.060039824999933, 4.602233095000031 ], [ -74.05990464599995, 4.602166964000048 ], [ -74.059845506999977, 4.602132485000027 ], [ -74.059777915999973, 4.602104225000062 ], [ -74.059676532999958, 4.602052790000073 ], [ -74.059625278999988, 4.602029615000049 ], [ -74.059550366999986, 4.60198213700005 ], [ -74.059503616999962, 4.601957268000035 ], [ -74.059418004999941, 4.601898485000049 ], [ -74.059347035999963, 4.601832922000028 ], [ -74.059311552999986, 4.60179166000006 ], [ -74.059255793999966, 4.601663926000072 ], [ -74.059224254999947, 4.601533929000027 ], [ -74.059230451999952, 4.601480236000043 ], [ -74.059247915999947, 4.601416370000038 ], [ -74.059274953999989, 4.601285246000032 ], [ -74.059290164999936, 4.60122024900005 ], [ -74.059323398999936, 4.601151296000069 ], [ -74.059362262999969, 4.601107211000055 ], [ -74.059431544999939, 4.601007739000067 ], [ -74.05948280399997, 4.600943307000023 ], [ -74.059526173999984, 4.600901486000055 ], [ -74.05959827099997, 4.600849488000051 ], [ -74.059696840999948, 4.600787886000035 ], [ -74.059719935999965, 4.60077319100003 ], [ -74.059721625999941, 4.600772625000047 ], [ -74.059836528999938, 4.600696328000026 ], [ -74.05995143399997, 4.600627941000027 ], [ -74.060026347999951, 4.600600814000074 ], [ -74.060104640999953, 4.600582729000052 ], [ -74.060305720999963, 4.60055786700002 ], [ -74.060508488999972, 4.600562392000029 ], [ -74.060636347999946, 4.600552787000026 ], [ -74.060803068999974, 4.600548835000041 ], [ -74.06086277299994, 4.600530751000065 ], [ -74.060924731999989, 4.600478753000061 ], [ -74.060969793999959, 4.60043127900002 ], [ -74.061058227, 4.600318242000071 ], [ -74.061224952999964, 4.600114210000072 ], [ -74.061333097999977, 4.600042433000056 ], [ -74.061400688999981, 4.600014740000063 ], [ -74.061442369999952, 4.600005699000064 ], [ -74.061492500999975, 4.599991005000049 ], [ -74.061546008999983, 4.599991006000039 ], [ -74.061600642999963, 4.599998354000036 ], [ -74.061651335999954, 4.600014744000021 ], [ -74.061891838999941, 4.600149266000074 ], [ -74.061981393999986, 4.600189963000048 ], [ -74.062081090999982, 4.600209747000065 ], [ -74.062130092999951, 4.600210879000031 ], [ -74.06217289999995, 4.600200706000066 ], [ -74.06221908699996, 4.600175837000052 ], [ -74.062259640999969, 4.600139667000064 ], [ -74.062420171999975, 4.599911332000033 ], [ -74.062469739999983, 4.599836728000071 ], [ -74.062540711999986, 4.599723690000076 ], [ -74.062660686999948, 4.599600480000049 ], [ -74.062764325999979, 4.599526441000023 ], [ -74.062849940999968, 4.599481228000059 ], [ -74.062928233999969, 4.599434883000072 ], [ -74.063009342999976, 4.59937780100006 ], [ -74.06309214099997, 4.599322978000032 ], [ -74.063155224999946, 4.599274938000065 ], [ -74.063243656999987, 4.599192421000055 ], [ -74.063301673999945, 4.599150032000068 ], [ -74.063405874999944, 4.599069778000057 ], [ -74.063461073999974, 4.599038692000022 ], [ -74.063531480999984, 4.599013825000043 ], [ -74.063608645999977, 4.599021740000069 ], [ -74.063677923999933, 4.599065826000071 ], [ -74.063742135999973, 4.599104260000047 ], [ -74.063835068999936, 4.599170956000023 ], [ -74.063907725999968, 4.599232563000044 ], [ -74.063968555999963, 4.599298693000037 ], [ -74.064018683999961, 4.599359169000024 ], [ -74.064082893999966, 4.599424168000041 ], [ -74.064124008999954, 4.599472775000038 ], [ -74.064171884999951, 4.599526469000068 ], [ -74.064232150999942, 4.599571687000036 ], [ -74.064283970999952, 4.599601641000049 ], [ -74.064358317999961, 4.599624251000023 ], [ -74.064419148999946, 4.599631034000026 ], [ -74.064487301999975, 4.599621993000028 ], [ -74.064536304999933, 4.599609559000044 ], [ -74.064602769999965, 4.599570562000054 ], [ -74.064655715999947, 4.599535522000053 ], [ -74.064696271999935, 4.599495392000051 ], [ -74.064739076999956, 4.599443396000026 ], [ -74.06499817699995, 4.599151195000047 ], [ -74.065065207999965, 4.599036462000072 ], [ -74.065077034999945, 4.598986724000042 ], [ -74.065081542999962, 4.598927945000071 ], [ -74.065081544999941, 4.598848253000028 ], [ -74.065074785999968, 4.598757821000049 ], [ -74.065041556999972, 4.598634043000061 ], [ -74.06499649999995, 4.598536829000068 ], [ -74.064939202999938, 4.598473644000023 ], [ -74.064888357999962, 4.598417572000074 ], [ -74.064879289999965, 4.598405788000036 ], [ -74.064770839999937, 4.598264836000055 ], [ -74.064768457999946, 4.598248062000039 ], [ -74.064853437999943, 4.598212405000027 ], [ -74.06487427899998, 4.598185276000038 ], [ -74.064856818999942, 4.598138929000072 ], [ -74.064778530999945, 4.597952980000059 ], [ -74.064696302999948, 4.597701467000036 ], [ -74.064682786999981, 4.597597471000029 ], [ -74.064703627999961, 4.597510430000057 ], [ -74.064793750999968, 4.597310919000051 ], [ -74.064833741999962, 4.597266269000045 ], [ -74.064879424999958, 4.597232564000024 ], [ -74.064891192999937, 4.597223880000058 ], [ -74.064946955999972, 4.597198448000029 ], [ -74.064990327999965, 4.597189406000041 ], [ -74.06502468399998, 4.597175841000023 ], [ -74.065048905999959, 4.597169625000049 ], [ -74.065059042999962, 4.597157190000075 ], [ -74.065062421999983, 4.59712836500006 ], [ -74.065059044999941, 4.597087671000054 ], [ -74.065059418999965, 4.597086010000055 ], [ -74.065293012999973, 4.597097947000066 ], [ -74.065315170999952, 4.59710048200003 ], [ -74.065340554999977, 4.597107286000039 ], [ -74.065408230999935, 4.59707970200003 ], [ -74.065510649999965, 4.597126177000064 ], [ -74.065578837999965, 4.597165507000057 ], [ -74.065672156999938, 4.597211892000075 ], [ -74.065751969999951, 4.597233054000071 ], [ -74.065824936999945, 4.59724499500004 ], [ -74.065932317999966, 4.597229641000069 ], [ -74.066019433999941, 4.597175143000072 ], [ -74.066102139999941, 4.597095516000024 ], [ -74.066157828999962, 4.596949264000045 ], [ -74.066280279999944, 4.596718682000073 ], [ -74.066375438999955, 4.596464955000044 ], [ -74.066373831999954, 4.596350335000068 ], [ -74.066337805999979, 4.596286059000022 ], [ -74.06628868699994, 4.596254404000035 ], [ -74.066271165999979, 4.596237638000048 ], [ -74.066208083999982, 4.596200335000049 ], [ -74.066177102999973, 4.596122336000064 ], [ -74.066093557999977, 4.596073668000031 ], [ -74.066026717999989, 4.596034731000032 ], [ -74.065860000999976, 4.595904733000054 ], [ -74.065813814999956, 4.595833517000074 ], [ -74.065759467999953, 4.595704264000062 ], [ -74.065701170999944, 4.595565613000076 ], [ -74.06568466799996, 4.595512978000045 ], [ -74.065676118999988, 4.595485702000076 ], [ -74.065622319999989, 4.595314101000042 ], [ -74.065559555999982, 4.595093405000057 ], [ -74.065566757999989, 4.59503761600007 ], [ -74.065866125999946, 4.594847463000065 ], [ -74.065891038999951, 4.594814181000061 ], [ -74.065977173999954, 4.594760780000058 ], [ -74.066034624999986, 4.594668656000067 ], [ -74.066014351999968, 4.594488359000025 ], [ -74.065972673999966, 4.594329537000021 ], [ -74.065993516999981, 4.594224412000074 ], [ -74.066156297999953, 4.593961035000063 ], [ -74.066226704999963, 4.59382256300006 ], [ -74.066228043999956, 4.593772766000029 ], [ -74.066231214999959, 4.593654700000059 ], [ -74.066202491999945, 4.593516792000059 ], [ -74.066106181999942, 4.593282234000071 ], [ -74.066055627999958, 4.593199141000071 ], [ -74.066017317999979, 4.593096175000028 ], [ -74.065884832999984, 4.59288987900004 ], [ -74.065814051999951, 4.592688109000051 ], [ -74.065722724999944, 4.592550516000074 ], [ -74.065665506999949, 4.592678960000057 ], [ -74.065676647999965, 4.592733618000068 ], [ -74.065671927999972, 4.592737380000074 ], [ -74.065686420999953, 4.592781570000056 ], [ -74.065727176999985, 4.592981519000034 ], [ -74.065841367999951, 4.593261213000062 ], [ -74.065921240999955, 4.593506465000075 ], [ -74.065903041999945, 4.593584448000058 ], [ -74.065867922999985, 4.59363378200004 ], [ -74.065798077999943, 4.593688605000068 ], [ -74.06560488599996, 4.593751337000072 ], [ -74.065466890999971, 4.593776203000061 ], [ -74.065259052999977, 4.593851936000021 ], [ -74.065171746999965, 4.593956495000043 ], [ -74.06513571499994, 4.594057329000066 ], [ -74.065124770999944, 4.594087958000046 ], [ -74.065070358999947, 4.594240222000053 ], [ -74.065046213999949, 4.594267479000052 ], [ -74.064861134999944, 4.59433606500005 ], [ -74.064851405999946, 4.594342886000049 ], [ -74.064775217999966, 4.594358907000071 ], [ -74.064757485999962, 4.594373116000043 ], [ -74.064691291999964, 4.594426165000073 ], [ -74.064626989999965, 4.594495373000029 ], [ -74.064590469999985, 4.594534679000049 ], [ -74.064518935999956, 4.594609849000051 ], [ -74.064356151999959, 4.594862486000068 ], [ -74.064248005999957, 4.595112303000064 ], [ -74.064208038999936, 4.595254269000066 ], [ -74.06416291499994, 4.595348797000042 ], [ -74.064155147999941, 4.59536223200007 ], [ -74.064013403999979, 4.595470594000062 ], [ -74.063935662999938, 4.595472845000074 ], [ -74.063915148999968, 4.595266560000027 ], [ -74.063910901999975, 4.59522697500006 ], [ -74.064009189999979, 4.595017343000052 ], [ -74.064070023999989, 4.594870396000033 ], [ -74.064088051999988, 4.594696315000022 ], [ -74.064072846999977, 4.59453862600003 ], [ -74.064069469999936, 4.594393937000063 ], [ -74.064166917999955, 4.594104558000026 ], [ -74.064275625999983, 4.593963827000039 ], [ -74.064524583999969, 4.593731537000053 ], [ -74.064692279999974, 4.593629780000072 ], [ -74.064806458999954, 4.593577287000073 ], [ -74.064802756999939, 4.593529830000023 ], [ -74.064832682999963, 4.593500378000044 ], [ -74.064854085999968, 4.593390731000056 ], [ -74.064841696999963, 4.593290126000056 ], [ -74.064743695999937, 4.593191780000041 ], [ -74.064632436999943, 4.593084459000067 ], [ -74.064539896999975, 4.592995193000036 ], [ -74.064516238999943, 4.592972374000055 ], [ -74.064347445999942, 4.592809553000052 ], [ -74.064317768999956, 4.592772624000077 ], [ -74.064130518999946, 4.592508917000032 ], [ -74.064045307999947, 4.592400729000076 ], [ -74.063980171999958, 4.592294374000062 ], [ -74.063961566999978, 4.592165127000044 ], [ -74.064130670999987, 4.592016086000058 ], [ -74.06434769699996, 4.591885493000063 ], [ -74.064347698999939, 4.591854589000036 ], [ -74.064388313999984, 4.591809308000052 ], [ -74.064424363999933, 4.591691748000073 ], [ -74.064385502999983, 4.591521624000052 ], [ -74.064177470999937, 4.591130644000032 ], [ -74.064130801999966, 4.590977723000037 ], [ -74.063998432999938, 4.590548965000039 ], [ -74.063911716999939, 4.590262493000068 ], [ -74.063767890999941, 4.589994273000059 ], [ -74.063637748999952, 4.589799366000022 ], [ -74.063598961999958, 4.589464722000059 ], [ -74.063532788999964, 4.589178162000053 ], [ -74.063509593999981, 4.589072716000032 ], [ -74.063509144999955, 4.589063577000047 ], [ -74.063501824999946, 4.588881018000052 ], [ -74.063456770999949, 4.588686590000066 ], [ -74.063401013999965, 4.58850798800006 ], [ -74.063367797999945, 4.588468245000058 ], [ -74.063341193999975, 4.588377602000037 ], [ -74.063239242999941, 4.588192911000021 ], [ -74.063065309999956, 4.588069684000061 ], [ -74.062952085999939, 4.588009646000046 ], [ -74.062901374999967, 4.587962001000051 ], [ -74.062906471999952, 4.587899433000075 ], [ -74.063026643999933, 4.587785350000047 ], [ -74.063032448999934, 4.587779840000053 ], [ -74.06311777999997, 4.587851127000022 ], [ -74.063346035999984, 4.588077718000022 ], [ -74.063377048999939, 4.588082095000061 ], [ -74.063657779999971, 4.588122139000063 ], [ -74.063699301999975, 4.588129755000068 ], [ -74.063763251999944, 4.588125636000029 ], [ -74.063827265999976, 4.588121510000065 ], [ -74.064307850999967, 4.588115652000056 ], [ -74.06435253099994, 4.588088567000057 ], [ -74.064396303999956, 4.588076569000066 ], [ -74.06443870399994, 4.588085511000031 ], [ -74.064533792999953, 4.588113699000075 ], [ -74.064629627999977, 4.588142109000046 ], [ -74.06499968299994, 4.58817026600002 ], [ -74.065032934999977, 4.588143023000043 ], [ -74.065076886999975, 4.588138085000026 ], [ -74.065473527999984, 4.588071882000065 ], [ -74.065966630999981, 4.587309448000042 ], [ -74.06609939599997, 4.587256444000047 ], [ -74.066125546999956, 4.587253814000064 ], [ -74.066154058999984, 4.587238820000039 ], [ -74.066343149999966, 4.587222824000037 ], [ -74.066412105999973, 4.587195184000052 ], [ -74.066430765999939, 4.587200262000067 ], [ -74.066567524999982, 4.587198303000037 ], [ -74.066636803999984, 4.587064027000054 ], [ -74.066644525999948, 4.587053595000043 ], [ -74.066710822999937, 4.587033693000024 ], [ -74.067029548999983, 4.58711626500002 ], [ -74.067076957999973, 4.58712854700002 ], [ -74.067218710999953, 4.587214273000029 ], [ -74.067239815999983, 4.587257051000051 ], [ -74.067260153999939, 4.587308476000032 ], [ -74.067341079999949, 4.587489619000053 ], [ -74.067345925999973, 4.587507450000032 ], [ -74.067529742999966, 4.587862557000051 ], [ -74.067567046999955, 4.587907757000039 ], [ -74.067603374999976, 4.587936377000062 ], [ -74.067607428999963, 4.58794209000007 ], [ -74.067619623999974, 4.58795927400007 ], [ -74.067692242999954, 4.588046319000057 ], [ -74.06770344399996, 4.588069726000072 ], [ -74.06775909199996, 4.588117290000071 ], [ -74.067779157999951, 4.588128919000042 ], [ -74.067799355999966, 4.588140511000063 ], [ -74.067916149999974, 4.588205343000027 ], [ -74.067935340999952, 4.588223223000057 ], [ -74.067945565999935, 4.58822916400004 ], [ -74.068027790999963, 4.588276944000029 ], [ -74.068042717999958, 4.588289008000061 ], [ -74.068074947999946, 4.588300949000029 ], [ -74.068130553999936, 4.588343475000045 ], [ -74.068149304999963, 4.588368057000025 ], [ -74.068207770999948, 4.588430462000076 ], [ -74.06822140099996, 4.588450015000035 ], [ -74.068233937999935, 4.588476140000068 ], [ -74.068288244999962, 4.588562350000075 ], [ -74.068305840999983, 4.588595911000027 ], [ -74.068344749999937, 4.588643558000058 ], [ -74.068409755999937, 4.588678525000034 ], [ -74.06845081299997, 4.588734075000048 ], [ -74.068464436999989, 4.58890210900006 ], [ -74.068465703999948, 4.589023653000027 ], [ -74.068485548999945, 4.589148650000027 ], [ -74.068509080999945, 4.589232996000021 ], [ -74.068521243999953, 4.589276591000043 ], [ -74.068628975999957, 4.589467159000037 ], [ -74.068693420999978, 4.589529828000025 ], [ -74.06876385399994, 4.58954505600002 ], [ -74.068904243999953, 4.589577102000021 ], [ -74.069114109999987, 4.589625006000063 ], [ -74.070030299999985, 4.589738840000052 ], [ -74.070974039999953, 4.58982314800005 ], [ -74.071082407999938, 4.589821480000069 ], [ -74.071206679999989, 4.589819567000063 ], [ -74.071431014999973, 4.58981611400003 ], [ -74.071431365999956, 4.589815790000046 ], [ -74.071434744999976, 4.589812684000037 ], [ -74.07143812299995, 4.589809648000028 ], [ -74.07144150299996, 4.589806540000041 ], [ -74.071444879999945, 4.589803433000043 ], [ -74.071448259999954, 4.589800328000024 ], [ -74.071451636999939, 4.589797221000026 ], [ -74.07145501499997, 4.589794184000027 ], [ -74.071458392999943, 4.58979107600004 ], [ -74.071461772999953, 4.589787969000042 ], [ -74.071465151999973, 4.589784933000033 ], [ -74.071468530999937, 4.589781827000024 ], [ -74.071471907999978, 4.589778789000036 ], [ -74.071475285999952, 4.589775683000028 ], [ -74.071478663999983, 4.58977257600003 ], [ -74.071482043999936, 4.589769541000067 ], [ -74.071485421999967, 4.589766434000069 ], [ -74.071488801999976, 4.589763395000034 ], [ -74.071492177999971, 4.589760291000061 ], [ -74.071495485999947, 4.589757254000062 ], [ -74.071498864999967, 4.589754147000065 ], [ -74.071502242999941, 4.589751039000021 ], [ -74.071505552999952, 4.589748004000057 ], [ -74.071508930999983, 4.58974489700006 ], [ -74.071512236999979, 4.589741859000071 ], [ -74.071515615999942, 4.589738752000073 ], [ -74.071518923999975, 4.589735716000064 ], [ -74.07152223199995, 4.589732611000045 ], [ -74.071525541999961, 4.589729502000068 ], [ -74.071528849999936, 4.589726465000069 ], [ -74.071532157999968, 4.58972336100004 ], [ -74.071535464999954, 4.589720254000042 ], [ -74.07153877199994, 4.589717215000064 ], [ -74.071542009999973, 4.589714110000045 ], [ -74.071545317999949, 4.589711003000048 ], [ -74.07154862699997, 4.589707966000049 ], [ -74.071551864999947, 4.589704859000051 ], [ -74.071555172999979, 4.589701752000053 ], [ -74.071558479999965, 4.589698645000055 ], [ -74.071561788999986, 4.589695610000035 ], [ -74.071565026999963, 4.589692501000059 ], [ -74.071568333999949, 4.58968939500005 ], [ -74.071571641999981, 4.589686288000053 ], [ -74.071574950999945, 4.589683182000044 ], [ -74.071578188999979, 4.589680144000056 ], [ -74.071581496999954, 4.589677039000037 ], [ -74.07158480399994, 4.58967393100005 ], [ -74.071588111999972, 4.589670824000052 ], [ -74.071591349999949, 4.589667788000042 ], [ -74.07159465899997, 4.589664681000045 ], [ -74.071597965999956, 4.589661575000036 ], [ -74.071601273999988, 4.589658467000049 ], [ -74.071604582999953, 4.589655429000061 ], [ -74.071607820999986, 4.589652323000053 ], [ -74.071611127999972, 4.589649217000044 ], [ -74.071614434999958, 4.589646110000047 ], [ -74.07161774399998, 4.589643073000047 ], [ -74.071621051999955, 4.589639967000039 ], [ -74.071624359999987, 4.589636860000041 ], [ -74.071627668999952, 4.589633825000021 ], [ -74.071630976999984, 4.589630716000045 ], [ -74.071634284999959, 4.589627610000036 ], [ -74.071637592999934, 4.589624573000037 ], [ -74.071640901999956, 4.589621467000029 ], [ -74.071644206999963, 4.589618429000041 ], [ -74.071647514999938, 4.589615323000032 ], [ -74.071650824999949, 4.589612216000035 ], [ -74.071654132999981, 4.589609179000036 ], [ -74.071657439999967, 4.589606073000027 ], [ -74.071660749999978, 4.589603037000074 ], [ -74.071664056999964, 4.5896 ], [ -74.071667364999939, 4.589596892000031 ], [ -74.071670672999971, 4.589593856000022 ], [ -74.071674050999945, 4.58959075000007 ], [ -74.071677358999978, 4.589587713000071 ], [ -74.071680667999942, 4.589584678000051 ], [ -74.071684046999962, 4.589581640000063 ], [ -74.071687354999938, 4.589578535000044 ], [ -74.07169066199998, 4.589575498000045 ], [ -74.071694039999954, 4.589572461000046 ], [ -74.071697348999976, 4.589569425000036 ], [ -74.071700727999939, 4.589566389000026 ], [ -74.071704035999971, 4.589563352000027 ], [ -74.071707412999956, 4.589560316000075 ], [ -74.071710721999978, 4.589557281000054 ], [ -74.071714099999951, 4.589554243000066 ], [ -74.071717478999972, 4.589551208000046 ], [ -74.071720786999947, 4.589548242000035 ], [ -74.071724165999967, 4.589545205000036 ], [ -74.071727541999962, 4.589542170000072 ], [ -74.071730921999972, 4.589539133000073 ], [ -74.071734228999958, 4.589536167000063 ], [ -74.071737606999989, 4.589533131000053 ], [ -74.071740986999941, 4.589530165000042 ], [ -74.071744365999962, 4.589527128000043 ], [ -74.071747742999946, 4.589524164000068 ], [ -74.071751120999977, 4.589521197000067 ], [ -74.07175449999994, 4.589518162000047 ], [ -74.071757948999959, 4.589515195000047 ], [ -74.07176132799998, 4.589512229000036 ], [ -74.071764706999943, 4.589509265000061 ], [ -74.071768084999974, 4.589506297000071 ], [ -74.071771532999946, 4.589503332000049 ], [ -74.071774910999977, 4.589500368000074 ], [ -74.071778289999941, 4.589497400000027 ], [ -74.071781739999949, 4.589494436000052 ], [ -74.071785187999978, 4.58949154000004 ], [ -74.071788565999952, 4.589488574000029 ], [ -74.071792013999982, 4.589485609000064 ], [ -74.071795393999935, 4.589482714000042 ], [ -74.071798842999954, 4.589479748000031 ], [ -74.071802291999973, 4.589476853000065 ], [ -74.071805739999945, 4.589473958000042 ], [ -74.071809187999975, 4.589471064000065 ], [ -74.071812636999937, 4.589468097000065 ], [ -74.071816085999956, 4.589465203000032 ], [ -74.071819534999975, 4.589462307000076 ], [ -74.071822983999937, 4.589459482000052 ], [ -74.071826432999956, 4.589456589000065 ], [ -74.071829951999973, 4.589453693000053 ], [ -74.071833400999935, 4.58945079700004 ], [ -74.071836919999953, 4.589447973000063 ], [ -74.071840367999982, 4.589445079000029 ], [ -74.071843887999989, 4.589442253000072 ], [ -74.071847335999962, 4.589439429000038 ], [ -74.071850853999933, 4.589436534000072 ], [ -74.071854374999987, 4.589433711000027 ], [ -74.071857894999937, 4.589430886000059 ], [ -74.071861340999988, 4.589428061000035 ], [ -74.071864859999948, 4.589425236000068 ], [ -74.071868380999945, 4.589422482000032 ], [ -74.071871900999952, 4.589419660000033 ], [ -74.071875489999968, 4.58941683300003 ], [ -74.071879007999939, 4.589414081000029 ], [ -74.071882527999946, 4.589411257000052 ], [ -74.071886116999963, 4.589408501000037 ], [ -74.07188963599998, 4.589405749000036 ], [ -74.071893225999986, 4.589402993000022 ], [ -74.071896745999936, 4.589400241000021 ], [ -74.071900334999953, 4.589397487000042 ], [ -74.071903922999979, 4.589394732000073 ], [ -74.071907443999976, 4.589391980000073 ], [ -74.071911032999935, 4.58938915400006 ], [ -74.071914621999952, 4.589386400000024 ], [ -74.071918141999959, 4.589383577000035 ], [ -74.071921731999964, 4.589380822000066 ], [ -74.071925319999934, 4.589377998000032 ], [ -74.071928838999952, 4.589375173000064 ], [ -74.071932429999947, 4.589372350000076 ], [ -74.071935949999954, 4.589369524000062 ], [ -74.071939537999981, 4.589366701000074 ], [ -74.071943127999987, 4.58936387600005 ], [ -74.071946647999937, 4.589361052000072 ], [ -74.071950236999953, 4.58935815600006 ], [ -74.07195382499998, 4.589355332000025 ], [ -74.071957344999987, 4.58935243600007 ], [ -74.071960935999982, 4.589349612000035 ], [ -74.07216595999995, 4.589184806000048 ], [ -74.072169620999944, 4.589182053000059 ], [ -74.072173281999937, 4.589179300000069 ], [ -74.072176939999963, 4.589176474000055 ], [ -74.072180599999967, 4.589173721000066 ], [ -74.072184331999949, 4.58917096700003 ], [ -74.072187989999975, 4.589168283000049 ], [ -74.072191649999979, 4.589165532000038 ], [ -74.072195311999963, 4.589162776000023 ], [ -74.072199039999987, 4.589160094000022 ], [ -74.07220270199997, 4.589157410000041 ], [ -74.072206431999973, 4.589154726000061 ], [ -74.072210089999942, 4.589152045000048 ], [ -74.072213820999934, 4.589149360000022 ], [ -74.072217479999949, 4.58914667800002 ], [ -74.072221209999952, 4.589144064000038 ], [ -74.072224941999934, 4.589141382000037 ], [ -74.07222859899997, 4.589138769000044 ], [ -74.072232331999942, 4.589136158000031 ], [ -74.072236061999945, 4.589133543000059 ], [ -74.072239790999959, 4.589131004000023 ], [ -74.072243522999941, 4.589128389000052 ], [ -74.072247252999944, 4.589125848000037 ], [ -74.072250981999957, 4.589123306000033 ], [ -74.072254713999939, 4.589120763000039 ], [ -74.072258513999941, 4.589118222000025 ], [ -74.072262243999944, 4.589115751000065 ], [ -74.072265973999947, 4.58911321000005 ], [ -74.072269773999949, 4.589110737000055 ], [ -74.072273505999988, 4.589108267000029 ], [ -74.072277305999989, 4.589105793000044 ], [ -74.072281036999982, 4.589103395000052 ], [ -74.072284835999938, 4.589100992000056 ], [ -74.072288636999986, 4.589098523000075 ], [ -74.072292367999978, 4.589096192000056 ], [ -74.072296166999934, 4.589093792000028 ], [ -74.072299968999971, 4.589091461000066 ], [ -74.072303767999983, 4.589089060000049 ], [ -74.072307569999964, 4.589086731000066 ], [ -74.072311370999955, 4.589084472000025 ], [ -74.072315239999966, 4.589082141000063 ], [ -74.072319041999947, 4.589079882000021 ], [ -74.072322842999938, 4.589077623000037 ], [ -74.072326713999985, 4.589075363000063 ], [ -74.072330513999987, 4.589073103000032 ], [ -74.072334385999966, 4.589070914000047 ], [ -74.072338184999978, 4.589068725000061 ], [ -74.072342056999958, 4.589066608000053 ], [ -74.072345926999958, 4.589064419000067 ], [ -74.072349798999937, 4.589062300000023 ], [ -74.072353668999938, 4.589060183000072 ], [ -74.072357541999963, 4.589058064000028 ], [ -74.072361411999964, 4.589056017000075 ], [ -74.072365281999964, 4.58905396800003 ], [ -74.072369151999965, 4.589051922000067 ], [ -74.072373024999933, 4.589049874000068 ], [ -74.072376964999989, 4.589047897000057 ], [ -74.072380836999969, 4.589045921000036 ], [ -74.072384777999957, 4.589043943000036 ], [ -74.072388719999935, 4.589042036000023 ], [ -74.072392589999936, 4.589040131000047 ], [ -74.072396531999971, 4.589038224000035 ], [ -74.072400472999959, 4.589036388000068 ], [ -74.072404413999948, 4.589034551000054 ], [ -74.072408355999983, 4.589032718000055 ], [ -74.072412295999982, 4.589030882000031 ], [ -74.072416308999948, 4.589029116000063 ], [ -74.072420248999947, 4.589027350000038 ], [ -74.072424260999981, 4.589025657000036 ], [ -74.072428201999969, 4.589023962000056 ], [ -74.072432213999946, 4.589022269000054 ], [ -74.072436155999981, 4.589020574000074 ], [ -74.072440166999968, 4.589018949000035 ], [ -74.072444178999945, 4.589017325000043 ], [ -74.072448190999978, 4.589015772000039 ], [ -74.072452201999965, 4.589014220000024 ], [ -74.072456284999987, 4.58901266700002 ], [ -74.072460294999985, 4.589011185000061 ], [ -74.072464375999971, 4.589009701000066 ], [ -74.07246853099997, 4.589008288000059 ], [ -74.072472611999956, 4.589006877000031 ], [ -74.072476763999987, 4.589005536000059 ], [ -74.072480986999949, 4.589004264000039 ], [ -74.072485139999969, 4.589002994000055 ], [ -74.072489361999942, 4.58900172400007 ], [ -74.07249365499996, 4.589000524000028 ], [ -74.072497877999979, 4.588999394000041 ], [ -74.072502171999986, 4.588998265000043 ], [ -74.072506463999957, 4.588997136000046 ], [ -74.072510827999963, 4.588996076000058 ], [ -74.072515119999935, 4.588995088000047 ], [ -74.07251948399994, 4.588994100000036 ], [ -74.072523848999936, 4.588993112000026 ], [ -74.072528281999951, 4.58899219400007 ], [ -74.072532715999955, 4.588991347000047 ], [ -74.07253714899997, 4.588990500000023 ], [ -74.072541582999975, 4.588989654000045 ], [ -74.072546015999933, 4.588988878000066 ], [ -74.072550520999982, 4.588988172000029 ], [ -74.072555024999986, 4.58898746400007 ], [ -74.072559528999989, 4.588986760000068 ], [ -74.072564032999935, 4.588986125000076 ], [ -74.072568536999938, 4.588985490000027 ], [ -74.072573111999986, 4.588984924000044 ], [ -74.072577616999979, 4.58898436100003 ], [ -74.07258219199997, 4.588983798000072 ], [ -74.072586835999971, 4.588983374000065 ], [ -74.072591409999973, 4.588982879000071 ], [ -74.072595983999975, 4.588982457000043 ], [ -74.072600630999943, 4.588982034000026 ], [ -74.072605203999956, 4.588981680000074 ], [ -74.072609849999935, 4.588981399000033 ], [ -74.072614494999982, 4.588981047000061 ], [ -74.072619139999972, 4.588980764000041 ], [ -74.072623782999983, 4.588980553000056 ], [ -74.072628427999973, 4.58898034200007 ], [ -74.072633143999951, 4.588980130000039 ], [ -74.072637788999941, 4.588979991000031 ], [ -74.072642503999987, 4.588979849000054 ], [ -74.072647148999977, 4.588979779000056 ], [ -74.072651864999955, 4.588979709000057 ], [ -74.072656509999945, 4.588979710000046 ], [ -74.072661224999933, 4.588979710000046 ], [ -74.072665939999979, 4.588979711000036 ], [ -74.072670653999978, 4.588979711000036 ], [ -74.072675369999956, 4.588979853000069 ], [ -74.072680014999946, 4.588979923000068 ], [ -74.072684730999981, 4.588980066000033 ], [ -74.07268944599997, 4.58898020700002 ], [ -74.072694160999959, 4.588980418000062 ], [ -74.072698876999937, 4.588980631000027 ], [ -74.072703590999936, 4.588980845000037 ], [ -74.072708305999981, 4.588981127000068 ], [ -74.072712950999971, 4.588981410000031 ], [ -74.07271766599996, 4.588981693000051 ], [ -74.072722381999938, 4.588982048000048 ], [ -74.072727096999984, 4.588982401000067 ], [ -74.072731741999974, 4.588982824000027 ], [ -74.072736456999962, 4.588983249000023 ], [ -74.072741100999963, 4.588983674000076 ], [ -74.072745815999951, 4.588984169000071 ], [ -74.072750460999941, 4.588984663000076 ], [ -74.072755105999988, 4.588985158000071 ], [ -74.072759822999956, 4.588985724000054 ], [ -74.072764466999956, 4.588986288000058 ], [ -74.072769111999946, 4.588986856000076 ], [ -74.072773755999947, 4.588987491000069 ], [ -74.072778329999949, 4.588988056000062 ], [ -74.072782975999985, 4.588988762000042 ], [ -74.072787548999941, 4.58898939900007 ], [ -74.072792195999966, 4.588990107000029 ], [ -74.072796768999979, 4.588990883000065 ], [ -74.07280134399997, 4.588991590000035 ], [ -74.072805916999982, 4.58899236600007 ], [ -74.072810420999986, 4.588993143000039 ], [ -74.072814995999977, 4.588993993000031 ], [ -74.07281949999998, 4.588994841000044 ], [ -74.072824003999983, 4.588995688000068 ], [ -74.072828508999976, 4.588996537000071 ], [ -74.072833012999979, 4.588997455000026 ], [ -74.072837516999982, 4.588998374000028 ], [ -74.07284194999994, 4.58899929100005 ], [ -74.072846382999955, 4.589000210000052 ], [ -74.072850815999971, 4.589001199000052 ], [ -74.072855249999975, 4.589002189000041 ], [ -74.072859612999935, 4.58900324800004 ], [ -74.072863975999951, 4.589004239000076 ], [ -74.072868339999957, 4.589005298000075 ], [ -74.072872632999974, 4.589006358000063 ], [ -74.07287699799997, 4.58900748800005 ], [ -74.072881289999941, 4.589008618000037 ], [ -74.072885582999959, 4.58900974900007 ], [ -74.072889804999988, 4.589010878000067 ], [ -74.072894027999951, 4.589012010000033 ], [ -74.07289825099997, 4.589013211000065 ], [ -74.072902471999953, 4.589014411000051 ], [ -74.072906624999973, 4.589015613000072 ], [ -74.072910775999958, 4.589016885000035 ], [ -74.072914928999978, 4.589018156000066 ], [ -74.072919150999951, 4.589019498000027 ], [ -74.072923232999983, 4.589020841000035 ], [ -74.072927384999957, 4.589022254000042 ], [ -74.072931536999988, 4.589023667000049 ], [ -74.072935689999952, 4.589025149000065 ], [ -74.072939770999938, 4.58902663300006 ], [ -74.072943923999958, 4.589028118000044 ], [ -74.072948004999944, 4.589029671000048 ], [ -74.072952156999975, 4.589031224000053 ], [ -74.07295623899995, 4.589032850000024 ], [ -74.072960319999936, 4.589034474000073 ], [ -74.072964400999979, 4.589036100000044 ], [ -74.072968482999954, 4.589037793000045 ], [ -74.072972564999986, 4.589039490000062 ], [ -74.072976575999974, 4.589041186000031 ], [ -74.072980657999949, 4.589042949000032 ], [ -74.072984738999935, 4.589044718000025 ], [ -74.072988750999968, 4.589046554000049 ], [ -74.072992761999956, 4.589048390000073 ], [ -74.072996843999988, 4.58905022700003 ], [ -74.07300085299994, 4.589052135000031 ], [ -74.073004863999984, 4.589054041000054 ], [ -74.07300887599996, 4.589055949000056 ], [ -74.073012887999937, 4.58905792500002 ], [ -74.073016898999981, 4.589059905000056 ], [ -74.073020909999968, 4.589061881000021 ], [ -74.073024850999957, 4.589063860000067 ], [ -74.073028862999934, 4.589065908000066 ], [ -74.073032872999988, 4.589067958000044 ], [ -74.073036813999977, 4.589070076000041 ], [ -74.073040824999964, 4.589072196000075 ], [ -74.073044765999953, 4.589074314000072 ], [ -74.073048706999941, 4.589076434000049 ], [ -74.073052648999976, 4.589078622000045 ], [ -74.073056659999963, 4.589080743000068 ], [ -74.073060600999952, 4.589082931000064 ], [ -74.073064540999951, 4.589085193000074 ], [ -74.07306848099995, 4.58908738100007 ], [ -74.073072421999939, 4.589089642000033 ], [ -74.073076292999986, 4.589091902000064 ], [ -74.073080233999974, 4.589094162000038 ], [ -74.073084175999952, 4.589096494000046 ], [ -74.073088044999963, 4.589098824000075 ], [ -74.073091984999962, 4.589101156000027 ], [ -74.073095925999951, 4.589103486000056 ], [ -74.073099797999987, 4.589105817000075 ], [ -74.073103667999987, 4.589108219000025 ], [ -74.073107609999965, 4.589110550000044 ], [ -74.073111479999966, 4.589112951000061 ], [ -74.073115350999956, 4.589115352000022 ], [ -74.073119221999946, 4.589117755000075 ], [ -74.073123161999945, 4.589120226000034 ], [ -74.073127030999956, 4.589122628000041 ], [ -74.073130901999946, 4.589125101000036 ], [ -74.073134772999936, 4.589127572000052 ], [ -74.073138643999982, 4.589130045000047 ], [ -74.073142443999984, 4.589132517000053 ], [ -74.073146314999974, 4.589135059000057 ], [ -74.073150183999985, 4.589137532000052 ], [ -74.073154053999986, 4.589140075000046 ], [ -74.073157924999975, 4.589142547000051 ], [ -74.073161724999977, 4.589145090000045 ], [ -74.073165594999978, 4.589147632000049 ], [ -74.073169394999979, 4.589150176000032 ], [ -74.07317326499998, 4.589152718000037 ], [ -74.07317713599997, 4.589155260000041 ], [ -74.073180935999972, 4.58915780500007 ], [ -74.073184736999963, 4.589160416000027 ], [ -74.073188607999953, 4.589162958000031 ], [ -74.073192406999965, 4.589165574000049 ], [ -74.073196276999965, 4.589168116000053 ], [ -74.073200075999978, 4.589170730000035 ], [ -74.073203876999969, 4.58917327100005 ], [ -74.073207676999971, 4.589175886000021 ], [ -74.07321154899995, 4.589178498000024 ], [ -74.073215347999962, 4.589181112000063 ], [ -74.073219146999975, 4.589183655000056 ], [ -74.073222947999966, 4.589186268000049 ], [ -74.073226747999968, 4.58918888200003 ], [ -74.07323054799997, 4.589191494000033 ], [ -74.073234347999971, 4.589194108000072 ], [ -74.073238147999973, 4.589196723000043 ], [ -74.073241946999985, 4.589199264000058 ], [ -74.073245746999987, 4.58920187800004 ], [ -74.073249547999978, 4.589204492000022 ], [ -74.07325334799998, 4.589207104000025 ], [ -74.073257147999982, 4.589209718000063 ], [ -74.073260949999963, 4.589212260000068 ], [ -74.073264748999975, 4.589214875000039 ], [ -74.073268548999977, 4.589217489000021 ], [ -74.073272348999978, 4.589220030000035 ], [ -74.07327614999997, 4.589222642000038 ], [ -74.073279948999982, 4.589225187000068 ], [ -74.073283748999984, 4.58922780000006 ], [ -74.073287548999986, 4.589230342000064 ], [ -74.073291348999987, 4.589232887000037 ], [ -74.073295077999944, 4.589235429000041 ], [ -74.073298877999946, 4.589238042000034 ], [ -74.073302678999937, 4.589240583000048 ], [ -74.073306478999939, 4.589243057000033 ], [ -74.073310277999951, 4.589245600000027 ], [ -74.073314078999942, 4.589248142000031 ], [ -74.073317878999944, 4.589250614000036 ], [ -74.073321608999947, 4.589253159000066 ], [ -74.073325408999949, 4.589255628000046 ], [ -74.073329207999961, 4.589258102000031 ], [ -74.073333007999963, 4.589260574000036 ], [ -74.073336807999965, 4.589263046000042 ], [ -74.073340608999956, 4.589265517000058 ], [ -74.073344409999947, 4.589267990000053 ], [ -74.07334814099994, 4.589270391000071 ], [ -74.073351938999963, 4.589272793000021 ], [ -74.073355739999954, 4.589275267000062 ], [ -74.073359539999956, 4.589277666000044 ], [ -74.073363339999958, 4.589280139000039 ], [ -74.073367139999959, 4.589282542000035 ], [ -74.073370940999951, 4.589285012000062 ], [ -74.073374670999954, 4.589287485000057 ], [ -74.073378469999966, 4.589289957000062 ], [ -74.073382268999978, 4.589292429000068 ], [ -74.073386070999959, 4.589294902000063 ], [ -74.073389869999971, 4.589297374000068 ], [ -74.073393598999985, 4.589299845000028 ], [ -74.073397398999987, 4.589302318000023 ], [ -74.073401127999944, 4.589304860000027 ], [ -74.073404928999935, 4.589307334000068 ], [ -74.073408657999948, 4.589309875000026 ], [ -74.07341245799995, 4.589312419000066 ], [ -74.073416188999943, 4.589314890000026 ], [ -74.073419988999945, 4.589317433000076 ], [ -74.073423717999958, 4.58931997600007 ], [ -74.073427447999961, 4.589322518000074 ], [ -74.073431176999975, 4.589325133000045 ], [ -74.073434906999978, 4.58932767400006 ], [ -74.073438636999981, 4.589330218000043 ], [ -74.073442365999938, 4.589332831000036 ], [ -74.073446095999941, 4.589335444000028 ], [ -74.073449825999944, 4.589337988000068 ], [ -74.073453485999948, 4.58934060100006 ], [ -74.073457214999962, 4.589343214000053 ], [ -74.073460943999976, 4.589345898000033 ], [ -74.07346460499997, 4.589348513000061 ], [ -74.073468263999985, 4.589351125000064 ], [ -74.073471922999943, 4.589353809000045 ], [ -74.073475652999946, 4.589356493000025 ], [ -74.073479309999982, 4.589359106000074 ], [ -74.073482899999988, 4.589361791000044 ], [ -74.073486558999946, 4.589364545000024 ], [ -74.073490217999961, 4.589367229000061 ], [ -74.073493807999967, 4.589369912000052 ], [ -74.073497466999981, 4.589372667000021 ], [ -74.073501054999952, 4.589375351000058 ], [ -74.073504643999968, 4.589378105000037 ], [ -74.073508234999963, 4.589380861000052 ], [ -74.073511823999979, 4.589383616000021 ], [ -74.073515412999939, 4.589386440000055 ], [ -74.073519000999966, 4.589389195000024 ], [ -74.073522519999983, 4.589392021000037 ], [ -74.073526037999954, 4.589394776000063 ], [ -74.073529556999972, 4.589397600000041 ], [ -74.073533073999954, 4.589400425000065 ], [ -74.073536592999972, 4.589403322000067 ], [ -74.073540111999989, 4.589406145000055 ], [ -74.07354363099995, 4.589408972000058 ], [ -74.073547077999933, 4.58941186800007 ], [ -74.073550526999952, 4.589414764000026 ], [ -74.073553974999982, 4.589417660000038 ], [ -74.073557420999975, 4.589420555000061 ], [ -74.073559533999969, 4.589422390000038 ], [ -74.073560870999984, 4.589423522000061 ], [ -74.073564248999958, 4.589426488000072 ], [ -74.073567696999987, 4.589429384000027 ], [ -74.073571075999951, 4.589432351000028 ], [ -74.073574452999935, 4.589435317000039 ], [ -74.073577759999978, 4.589438354000038 ], [ -74.073581137999952, 4.589441319000059 ], [ -74.073584445999984, 4.589444356000058 ], [ -74.07358775199998, 4.589447394000047 ], [ -74.073591059999956, 4.589450430000056 ], [ -74.073594366999941, 4.589453468000045 ], [ -74.073597673999984, 4.589456574000053 ], [ -74.073600910999971, 4.58945968300003 ], [ -74.073604147999959, 4.589462791000074 ], [ -74.073607383999956, 4.589465899000061 ], [ -74.07361055299998, 4.589469007000048 ], [ -74.073613718999979, 4.589472186000023 ], [ -74.073616884999979, 4.589475435000054 ], [ -74.073620050999978, 4.589478683000038 ], [ -74.073623148999957, 4.589481932000069 ], [ -74.073626242999978, 4.589485252000031 ], [ -74.07362926899998, 4.589488571000061 ], [ -74.073632296999961, 4.589491890000033 ], [ -74.073635321999973, 4.589495280000051 ], [ -74.073638345999939, 4.589498671000058 ], [ -74.073641301999942, 4.589502132000064 ], [ -74.073644328999933, 4.589505522000024 ], [ -74.073647212999958, 4.589508981000051 ], [ -74.073650168999961, 4.589512513000045 ], [ -74.073653124999964, 4.589515974000051 ], [ -74.073656008999933, 4.589519507000034 ], [ -74.073658894999937, 4.589523037000049 ], [ -74.073661709999953, 4.589526639000042 ], [ -74.073664595999958, 4.58953024300007 ], [ -74.073667407999949, 4.589533772000038 ], [ -74.073670293999953, 4.589537445000076 ], [ -74.07367310799998, 4.589541047000068 ], [ -74.073675852999941, 4.58954465000005 ], [ -74.073678667999957, 4.589548322000041 ], [ -74.073681481999984, 4.589551995000022 ], [ -74.073684226999944, 4.58955566800006 ], [ -74.073686970999972, 4.589559340000051 ], [ -74.073689785999989, 4.589563012000042 ], [ -74.07369252899997, 4.589566756000067 ], [ -74.073695274999977, 4.589570428000059 ], [ -74.073698018999949, 4.589574171000038 ], [ -74.073700691999989, 4.589577914000074 ], [ -74.073703436999949, 4.589581587000055 ], [ -74.073706181999967, 4.589585330000034 ], [ -74.07370885399996, 4.58958907300007 ], [ -74.073711600999957, 4.589592816000049 ], [ -74.073714342999949, 4.589596561000064 ], [ -74.073717016999979, 4.589600303000054 ], [ -74.073719691999941, 4.589604046000034 ], [ -74.073722434999979, 4.589607790000059 ], [ -74.073725109999941, 4.589611532000049 ], [ -74.07372785299998, 4.589615275000028 ], [ -74.073730526999952, 4.589619018000064 ], [ -74.07373327199997, 4.589622761000044 ], [ -74.073735945999942, 4.589626435000071 ], [ -74.073738689999971, 4.58963017800005 ], [ -74.073741434999988, 4.589633921000029 ], [ -74.073744106999982, 4.589637595000056 ], [ -74.073746853999978, 4.589641338000035 ], [ -74.073749597999949, 4.589645008000048 ], [ -74.073752339999942, 4.589648682000075 ], [ -74.073755085999949, 4.589652354000066 ], [ -74.073757828999987, 4.589656027000046 ], [ -74.073760573999948, 4.589659701000073 ], [ -74.073763388999964, 4.589663303000066 ], [ -74.073766131999946, 4.589666973000021 ], [ -74.073768947999952, 4.589670577000049 ], [ -74.073771761999978, 4.589674178000053 ], [ -74.073774576999938, 4.589677710000046 ], [ -74.073777391999954, 4.589681311000049 ], [ -74.073780205999981, 4.589684844000033 ], [ -74.073783091999985, 4.589688374000048 ], [ -74.073785904999966, 4.589691835000053 ], [ -74.073788791999959, 4.589695366000058 ], [ -74.073791676999974, 4.589698828000053 ], [ -74.073794631999988, 4.589702288000069 ], [ -74.073797516999946, 4.589705679000076 ], [ -74.07380047099997, 4.589709069000037 ], [ -74.073803426999973, 4.589712458000065 ], [ -74.073806383999965, 4.589715778000027 ], [ -74.073809410999957, 4.589719169000034 ], [ -74.073812433999933, 4.589722418000065 ], [ -74.073815460999981, 4.589725736000048 ], [ -74.073818486999983, 4.589728915000023 ], [ -74.073821581999937, 4.589732164000054 ], [ -74.073824678999983, 4.58973534200004 ], [ -74.073827773999938, 4.589738520000026 ], [ -74.073830942999962, 4.589741627000024 ], [ -74.07383410999995, 4.589744735000068 ], [ -74.07383727399997, 4.589747773000056 ], [ -74.073840510999958, 4.589750809000066 ], [ -74.07384374999998, 4.589753776000066 ], [ -74.073846987999957, 4.589756743000066 ], [ -74.073850292999964, 4.589759638000032 ], [ -74.07385359899996, 4.589762535000034 ], [ -74.07385697899997, 4.589765360000058 ], [ -74.073860356999944, 4.589768114000037 ], [ -74.073863734999975, 4.589770868000073 ], [ -74.073867182999948, 4.589773625000021 ], [ -74.073870629999988, 4.589776307000022 ], [ -74.073874148999948, 4.589778921000061 ], [ -74.073877666999977, 4.589781535000043 ], [ -74.073881255999936, 4.589784078000037 ], [ -74.073884844999952, 4.589786620000041 ], [ -74.073888433999969, 4.589789091000057 ], [ -74.073892093999973, 4.589791564000052 ], [ -74.073895752999988, 4.589793965000069 ], [ -74.073899411999946, 4.589796438000064 ], [ -74.07390314099996, 4.589798840000071 ], [ -74.073906801999954, 4.589801168000065 ], [ -74.073910529999978, 4.589803572000051 ], [ -74.073914330999969, 4.589805901000034 ], [ -74.073918060999972, 4.589808233000042 ], [ -74.073921860999974, 4.589810495000052 ], [ -74.073925660999976, 4.589812824000035 ], [ -74.073929460999977, 4.589815085000055 ], [ -74.073933330999978, 4.58981727400004 ], [ -74.073937200999978, 4.58981953600005 ], [ -74.073941071999968, 4.589821724000046 ], [ -74.073944941999969, 4.589823914000021 ], [ -74.073948882999957, 4.589826103000064 ], [ -74.073952753999947, 4.58982822300004 ], [ -74.073956694999936, 4.589830342000027 ], [ -74.073960634999935, 4.589832460000025 ], [ -74.073964645999979, 4.589834581000048 ], [ -74.073968586999968, 4.589836628000057 ], [ -74.073972598999944, 4.589838677000046 ], [ -74.073976609999988, 4.589840726000034 ], [ -74.073980620999976, 4.589842703000045 ], [ -74.073984702999951, 4.589844752000033 ], [ -74.073988713999938, 4.589846730000033 ], [ -74.07399279599997, 4.589848708000034 ], [ -74.073996878999935, 4.589850613000067 ], [ -74.074000958999989, 4.589852592000057 ], [ -74.074005110999963, 4.589854500000058 ], [ -74.074009191999949, 4.589856406000024 ], [ -74.074013344999969, 4.589858244000027 ], [ -74.074017497999989, 4.58986015000005 ], [ -74.074021648999974, 4.589861987000063 ], [ -74.074025801999937, 4.589863825000066 ], [ -74.074029954999958, 4.589865659000054 ], [ -74.074034176999987, 4.589867427000058 ], [ -74.074038328999961, 4.589869193000027 ], [ -74.074042550999934, 4.589870958000063 ], [ -74.074046771999974, 4.589872724000031 ], [ -74.074050994999936, 4.589874491000046 ], [ -74.074055217999955, 4.589876186000026 ], [ -74.074059439999985, 4.589877951000062 ], [ -74.074063731999956, 4.589879648000021 ], [ -74.074067954999975, 4.589881272000071 ], [ -74.074072247999936, 4.589882966000062 ], [ -74.074076540999954, 4.589884591000043 ], [ -74.074080832999982, 4.58988628700007 ], [ -74.074085126999989, 4.589887912000052 ], [ -74.074089418999961, 4.589889465000056 ], [ -74.074093711999978, 4.589891091000027 ], [ -74.074098004999939, 4.589892646000067 ], [ -74.074102296999968, 4.589894270000059 ], [ -74.074106660999973, 4.589895824000052 ], [ -74.074110954999981, 4.589897377000057 ], [ -74.07411531799994, 4.589898862000041 ], [ -74.074119679999967, 4.589900417000024 ], [ -74.074124043999973, 4.589901900000029 ], [ -74.074128335999944, 4.589903384000024 ], [ -74.074132698999961, 4.58990486600004 ], [ -74.074137061999977, 4.589906349000046 ], [ -74.074141425999983, 4.58990783400003 ], [ -74.074145788999942, 4.589909246000047 ], [ -74.074150153999938, 4.589910660000044 ], [ -74.074154515999965, 4.589912072000061 ], [ -74.07415894899998, 4.589913485000068 ], [ -74.074163311999939, 4.589914898000075 ], [ -74.074167673999966, 4.589916311000025 ], [ -74.074172038999961, 4.589917651000064 ], [ -74.074176470999987, 4.58991906600005 ], [ -74.074180834999936, 4.589920408000069 ], [ -74.074185197999952, 4.58992175000003 ], [ -74.074189631999957, 4.589923093000039 ], [ -74.074193996999952, 4.589924435000057 ], [ -74.074198428999978, 4.58992570700002 ], [ -74.074202791999937, 4.589927049000039 ], [ -74.074207154999954, 4.58992832000007 ], [ -74.074211587999969, 4.589929591000043 ], [ -74.074215950999985, 4.589930934000051 ], [ -74.074220314999934, 4.589932206000071 ], [ -74.074224748999939, 4.589933407000046 ], [ -74.074229112999944, 4.589934680000056 ], [ -74.074233475999961, 4.589935951000029 ], [ -74.074237908999976, 4.589937153000051 ], [ -74.074242272999982, 4.589938424000024 ], [ -74.074246635999941, 4.589939624000067 ], [ -74.074250997999968, 4.589940825000042 ], [ -74.074255361999974, 4.589942027000063 ], [ -74.074259794999989, 4.589943228000038 ], [ -74.074264156999959, 4.589944359000071 ], [ -74.074268521999954, 4.589945560000046 ], [ -74.074272813999983, 4.589946760000032 ], [ -74.074277178999978, 4.589947890000076 ], [ -74.074281541999937, 4.58994909200004 ], [ -74.074285904999954, 4.589950221000038 ], [ -74.074290197999971, 4.589951352000071 ], [ -74.074294561999977, 4.589952481000068 ], [ -74.074298922999958, 4.589953613000034 ], [ -74.074303216999965, 4.589954743000021 ], [ -74.074307509999983, 4.589955873000065 ], [ -74.074311872999942, 4.589957004000041 ], [ -74.07431616599996, 4.589958064000029 ], [ -74.074320528999976, 4.589959123000028 ], [ -74.074324821999937, 4.589960183000073 ], [ -74.074329185999943, 4.589961173000063 ], [ -74.074333548999959, 4.589962233000051 ], [ -74.074337981999975, 4.589963151000063 ], [ -74.07434234699997, 4.589964141000053 ], [ -74.074346779999985, 4.589965059000065 ], [ -74.074351141999955, 4.58996597700002 ], [ -74.07435557499997, 4.589966895000032 ], [ -74.074360008999975, 4.589967745000024 ], [ -74.074364441999933, 4.589968593000037 ], [ -74.074368875999937, 4.589969440000061 ], [ -74.074373310999988, 4.58997021700003 ], [ -74.074377814999934, 4.589970996000034 ], [ -74.074382248999939, 4.589971772000069 ], [ -74.074386750999963, 4.589972479000039 ], [ -74.074391256999945, 4.589973185000076 ], [ -74.074395759999959, 4.589973891000056 ], [ -74.074400193999963, 4.589974599000072 ], [ -74.074404697999967, 4.589975236000043 ], [ -74.074409273999947, 4.589975871000036 ], [ -74.074413775999972, 4.589976436000029 ], [ -74.074418279999975, 4.589977001000022 ], [ -74.074422783999978, 4.589977568000052 ], [ -74.07442735799998, 4.589978134000035 ], [ -74.074431862999973, 4.58997862700005 ], [ -74.074436366999976, 4.589979124000024 ], [ -74.074440940999978, 4.589979547000041 ], [ -74.074445515999969, 4.589979970000059 ], [ -74.074450020999961, 4.589980394000065 ], [ -74.074454594999963, 4.589980820000051 ], [ -74.074459168999965, 4.589981173000069 ], [ -74.074463673999958, 4.58998152700002 ], [ -74.074468248999949, 4.589981880000039 ], [ -74.074472821999962, 4.589982162000069 ], [ -74.074477396999953, 4.589982446000022 ], [ -74.074481900999956, 4.589982659000043 ], [ -74.074486473999968, 4.589982940000027 ], [ -74.07449104899996, 4.589983154000038 ], [ -74.074495622999962, 4.589983296000071 ], [ -74.074500197999953, 4.589983438000047 ], [ -74.074504771999955, 4.589983579000034 ], [ -74.074509275999958, 4.589983721000067 ], [ -74.074513851999939, 4.589983792000055 ], [ -74.074518425999941, 4.589983864000033 ], [ -74.074523, 4.589983865000022 ], [ -74.074527504999935, 4.589983935000021 ], [ -74.074532078999937, 4.589983936000067 ], [ -74.074536652999939, 4.589983866000068 ], [ -74.074541157999988, 4.589983794000034 ], [ -74.074545731999933, 4.589983725000025 ], [ -74.074550235999936, 4.589983654000036 ], [ -74.074554809999938, 4.589983514000039 ], [ -74.074559315999977, 4.589983373000052 ], [ -74.074563818999934, 4.589983161000021 ], [ -74.074568394999972, 4.589982951000025 ], [ -74.074572896999939, 4.58998273900005 ], [ -74.074577402999978, 4.589982458000065 ], [ -74.074581905999935, 4.589982176000035 ], [ -74.074586410999984, 4.589981893000072 ], [ -74.074590914999987, 4.589981541000043 ], [ -74.074595418999934, 4.589981187000035 ], [ -74.074599852999938, 4.589980835000063 ], [ -74.074604356999942, 4.589980412000045 ], [ -74.074608790999946, 4.589979989000028 ], [ -74.074613294999949, 4.589979565000021 ], [ -74.074617728999954, 4.589979072000062 ], [ -74.074622161999969, 4.589978579000046 ], [ -74.074626595999973, 4.589978083000062 ], [ -74.074631028999988, 4.589977520000048 ], [ -74.074635462999936, 4.589976956000044 ], [ -74.074639827999988, 4.58997639200004 ], [ -74.074644259999957, 4.589975754000022 ], [ -74.074648694999951, 4.589975120000076 ], [ -74.074653127999966, 4.589974486000074 ], [ -74.074657491999972, 4.589973851000025 ], [ -74.074661925999976, 4.589973215000043 ], [ -74.074666359999981, 4.589972509000063 ], [ -74.07467072299994, 4.58997187500006 ], [ -74.074675155999955, 4.589971170000069 ], [ -74.074679590999949, 4.589970463000043 ], [ -74.074683952999976, 4.589969687000064 ], [ -74.074688386999981, 4.589968979000048 ], [ -74.074692821999975, 4.589968204000058 ], [ -74.074697184999934, 4.589967429000069 ], [ -74.074701619999985, 4.589966653000033 ], [ -74.074705981999955, 4.589965876000065 ], [ -74.074710415999959, 4.58996509900004 ], [ -74.074714849999964, 4.589964253000062 ], [ -74.07471921299998, 4.589963404000059 ], [ -74.074723646999985, 4.589962558000025 ], [ -74.074728009999944, 4.589961712000047 ], [ -74.074732444999938, 4.589960864000034 ], [ -74.074736808999944, 4.589959947000068 ], [ -74.074741170999971, 4.589959100000044 ], [ -74.074745604999976, 4.589958183000022 ], [ -74.074749967999935, 4.589957265000066 ], [ -74.07475440199994, 4.589956346000065 ], [ -74.074758764999956, 4.589955429000042 ], [ -74.074763200999939, 4.58995451100003 ], [ -74.074767563999956, 4.589953524000066 ], [ -74.074771926999972, 4.589952606000054 ], [ -74.074776359999987, 4.589951618000043 ], [ -74.074780723999936, 4.589950629000043 ], [ -74.074785086999952, 4.589949642000022 ], [ -74.074789520999957, 4.589948654000068 ], [ -74.074793884999963, 4.589947596000059 ], [ -74.074798248999969, 4.589946606000069 ], [ -74.074802681999984, 4.58994554800006 ], [ -74.074807044999943, 4.589944560000049 ], [ -74.07481140799996, 4.58994350100005 ], [ -74.074815841999964, 4.589942442000051 ], [ -74.074820206999959, 4.589941383000053 ], [ -74.074824570999965, 4.589940323000064 ], [ -74.074828933999981, 4.589939264000066 ], [ -74.07483336599995, 4.589938135000068 ], [ -74.074837729999956, 4.589937076000069 ], [ -74.074842093999962, 4.58993601800006 ], [ -74.074846457999968, 4.589934887000027 ], [ -74.074850820999984, 4.589933758000029 ], [ -74.074855254999989, 4.589932629000032 ], [ -74.074859617999948, 4.589931571000022 ], [ -74.074863981999954, 4.589930441000035 ], [ -74.074868343999981, 4.58992924100005 ], [ -74.074872709999966, 4.589928112000052 ], [ -74.074877072999982, 4.589926982000065 ], [ -74.074881506999986, 4.589925853000068 ], [ -74.074885869999946, 4.589924722000035 ], [ -74.074890231999973, 4.589923523000039 ], [ -74.074894596999968, 4.589922394000041 ], [ -74.074898960999974, 4.589921194000055 ], [ -74.074903323999933, 4.58991999400007 ], [ -74.07490768699995, 4.589918863000037 ], [ -74.074912049999966, 4.589917664000041 ], [ -74.074916412999983, 4.589916464000055 ], [ -74.074920847999977, 4.589915264000069 ], [ -74.074925212999972, 4.589914065000073 ], [ -74.074929574999942, 4.589912935000029 ], [ -74.074933937999958, 4.589911735000044 ], [ -74.074938301999964, 4.589910535000058 ], [ -74.07494266599997, 4.589909336000062 ], [ -74.074947029999976, 4.589908064000042 ], [ -74.074951392999935, 4.589906864000056 ], [ -74.074955756999941, 4.589905664000071 ], [ -74.074960117999979, 4.589904464000028 ], [ -74.074964482999974, 4.589903263000053 ], [ -74.074968845999933, 4.589902064000057 ], [ -74.074973210999985, 4.589900793000027 ], [ -74.074977572999956, 4.58989959400003 ], [ -74.074981935999972, 4.589898394000045 ], [ -74.074986299999978, 4.589897122000025 ], [ -74.074990662999937, 4.589895922000039 ], [ -74.074995097999988, 4.589894722000054 ], [ -74.074999460999948, 4.589893522000068 ], [ -74.075003824999953, 4.589892251000038 ], [ -74.07500818799997, 4.589891052000041 ], [ -74.075012550999986, 4.589889851000066 ], [ -74.075016914999935, 4.589888581000025 ], [ -74.075021278999941, 4.58988738000005 ], [ -74.075025641999957, 4.589886180000065 ], [ -74.075030004999974, 4.589884909000034 ], [ -74.07503436899998, 4.589883709000048 ], [ -74.075038732999985, 4.589882509000063 ], [ -74.075043096999934, 4.589881308000031 ], [ -74.075047459999951, 4.589880109000035 ], [ -74.075051822999967, 4.589878837000072 ], [ -74.075056185999983, 4.589877638000075 ], [ -74.075060549999989, 4.589876437000044 ], [ -74.075064913999938, 4.589875238000047 ], [ -74.075069276999955, 4.589874038000062 ], [ -74.07507364099996, 4.589872838000076 ], [ -74.075078003999977, 4.589871637000044 ], [ -74.075082366999936, 4.589870438000048 ], [ -74.075086729999953, 4.589869309000051 ], [ -74.075091094999948, 4.589868109000065 ], [ -74.075095458999954, 4.589866909000023 ], [ -74.07509982199997, 4.589865708000048 ], [ -74.075104184999987, 4.589864578000061 ], [ -74.075108547999946, 4.589863379000064 ], [ -74.075112911999952, 4.589862250000067 ], [ -74.075117274999968, 4.589861050000025 ], [ -74.075121638999974, 4.589859920000038 ], [ -74.075126001999934, 4.589858790000051 ], [ -74.075130365999939, 4.589857591000055 ], [ -74.075134728999956, 4.589856461000068 ], [ -74.075139091999972, 4.589855331000024 ], [ -74.075143456999967, 4.589854202000026 ], [ -74.075147890999972, 4.589853073000029 ], [ -74.075152253999988, 4.58985201400003 ], [ -74.075156616999948, 4.589850885000033 ], [ -74.075160979999964, 4.589849753000067 ], [ -74.07516534399997, 4.589848695000057 ], [ -74.075169706999986, 4.589847495000072 ], [ -74.075174070999935, 4.589846366000074 ], [ -74.075178434999941, 4.589845096000033 ], [ -74.075182797999958, 4.589843895000058 ], [ -74.075187090999975, 4.58984255300004 ], [ -74.075191454999981, 4.589841214000046 ], [ -74.075195817999941, 4.589839873000074 ], [ -74.075200111999948, 4.589838530000065 ], [ -74.075204473999975, 4.589837117000059 ], [ -74.07520883799998, 4.589835635000043 ], [ -74.075213131999988, 4.589834224000072 ], [ -74.075217494999947, 4.589832741000066 ], [ -74.075221787999965, 4.589831258000061 ], [ -74.075226150999981, 4.589829706000046 ], [ -74.075230445999978, 4.58982822300004 ], [ -74.075234738999939, 4.589826740000035 ], [ -74.075239101999955, 4.589825187000031 ], [ -74.075243394999973, 4.589823633000037 ], [ -74.075247757999989, 4.589822081000023 ], [ -74.075252051999939, 4.589820598000074 ], [ -74.075256344999957, 4.58981904500007 ], [ -74.075260707999973, 4.58981749000003 ], [ -74.075265001999981, 4.58981600900006 ], [ -74.075269294999941, 4.589814456000056 ], [ -74.075273657999958, 4.589812973000051 ], [ -74.075277950999975, 4.589811491000034 ], [ -74.075282243999936, 4.589810009000075 ], [ -74.075286607999942, 4.589808597000058 ], [ -74.07529090099996, 4.589807183000062 ], [ -74.075295263999976, 4.589805771000044 ], [ -74.075299556999937, 4.589804361000063 ], [ -74.075303920999943, 4.589803021000023 ], [ -74.07530821499995, 4.589801679000061 ], [ -74.075312577999966, 4.589800407000041 ], [ -74.075316870999984, 4.589799137000057 ], [ -74.075321233999944, 4.589797937000071 ], [ -74.075325597999949, 4.589796737000029 ], [ -74.075329891999957, 4.589795608000031 ], [ -74.075334253999984, 4.589794549000032 ], [ -74.075338617999989, 4.589793489000044 ], [ -74.075342979999959, 4.589792500000044 ], [ -74.075347343999965, 4.589791512000033 ], [ -74.075351707999971, 4.589790666000056 ], [ -74.075356072999966, 4.589789818000042 ], [ -74.075360435999983, 4.589789042000064 ], [ -74.075364797999953, 4.589788337000073 ], [ -74.075369161999959, 4.589787631000036 ], [ -74.075373595999963, 4.589787067000032 ], [ -74.075377957999933, 4.589786573000026 ], [ -74.075382392999984, 4.589786079000021 ], [ -74.075386755999943, 4.589785726000059 ], [ -74.075391189999948, 4.589785372000051 ], [ -74.075395623999952, 4.589785162000055 ], [ -74.075399988999948, 4.589785021000068 ], [ -74.075404492999951, 4.589784810000026 ], [ -74.075408925999966, 4.589784671000075 ], [ -74.07541335999997, 4.589784528000052 ], [ -74.075417863999974, 4.589784388000055 ], [ -74.075422368999966, 4.58978417700007 ], [ -74.07542687199998, 4.589784035000037 ], [ -74.075431375999983, 4.58978389400005 ], [ -74.075435879999986, 4.589783684000054 ], [ -74.075440384, 4.589783544000056 ], [ -74.075444958999981, 4.589783400000044 ], [ -74.075449532999983, 4.589783262000026 ], [ -74.075454036999986, 4.58978312000005 ], [ -74.075458611999977, 4.589782981000042 ], [ -74.075463186999968, 4.589782840000055 ], [ -74.075467830999969, 4.589782770000056 ], [ -74.075472404999971, 4.589782629000069 ], [ -74.075476979999962, 4.589782557000035 ], [ -74.075481623999963, 4.589782489000072 ], [ -74.075486198999954, 4.589782347000039 ], [ -74.075490842999955, 4.58978227800003 ], [ -74.075495418999935, 4.58978227700004 ], [ -74.075500061999946, 4.589782208000031 ], [ -74.075504707999983, 4.589782207000042 ], [ -74.075509282999974, 4.589782138000032 ], [ -74.075513926999975, 4.589782138000032 ], [ -74.075518572999954, 4.58978220900002 ], [ -74.075523218999933, 4.58978220900002 ], [ -74.075527861999944, 4.589782282000044 ], [ -74.075532507999981, 4.589782352000043 ], [ -74.075537151999981, 4.58978242400002 ], [ -74.075541725999983, 4.589782565000064 ], [ -74.075546370999973, 4.589782635000063 ], [ -74.075551015999963, 4.589782849000073 ], [ -74.075555660999953, 4.58978299100005 ], [ -74.075560304999954, 4.589783202000035 ], [ -74.075564878999955, 4.589783415000056 ], [ -74.075569524999935, 4.589783628000021 ], [ -74.075574169999982, 4.58978391100004 ], [ -74.075578743999984, 4.58978419400006 ], [ -74.075583389999963, 4.589784476000034 ], [ -74.075587961999986, 4.589784830000042 ], [ -74.075592608999955, 4.589785253000059 ], [ -74.075597182999957, 4.589785608000057 ], [ -74.075601757999948, 4.589786032000063 ], [ -74.07560633199995, 4.589786527000058 ], [ -74.075610906999941, 4.589787021000063 ], [ -74.075615480999943, 4.589787516000058 ], [ -74.075619984999946, 4.589788082000041 ], [ -74.075624559999937, 4.589788647000034 ], [ -74.075629063999941, 4.589789282000027 ], [ -74.075633636999953, 4.589789921000033 ], [ -74.075638140999956, 4.58979062700007 ], [ -74.075642644999959, 4.589791332000061 ], [ -74.075647149999952, 4.589792111000065 ], [ -74.075651582999967, 4.589792887000044 ], [ -74.07565608799996, 4.589793735000057 ], [ -74.075660520999975, 4.589794583000071 ], [ -74.075664955999969, 4.589795502000072 ], [ -74.075669389999973, 4.589796421000074 ], [ -74.075673823999978, 4.589797481000062 ], [ -74.075678185999948, 4.589798469000073 ], [ -74.075682548999964, 4.589799528000071 ], [ -74.075686911999981, 4.589800660000037 ], [ -74.075691273999951, 4.589801861000069 ], [ -74.075695567999958, 4.589803062000044 ], [ -74.075699930999974, 4.589804334000064 ], [ -74.075704222999946, 4.589805605000038 ], [ -74.075708445999965, 4.589806947000056 ], [ -74.075712738999982, 4.589808360000063 ], [ -74.075716960999955, 4.58980977300007 ], [ -74.075721182999985, 4.589811257000065 ], [ -74.075725406999936, 4.589812811000058 ], [ -74.075729558999967, 4.589814365000052 ], [ -74.075733710999941, 4.589816061000022 ], [ -74.075737862999972, 4.589817684000025 ], [ -74.075741944999947, 4.589819451000039 ], [ -74.07574602699998, 4.589821287000063 ], [ -74.075750107999966, 4.589823125000066 ], [ -74.075754118999953, 4.589825031000032 ], [ -74.075758130999986, 4.589827010000022 ], [ -74.075762141999974, 4.589828987000033 ], [ -74.075766152999961, 4.589831036000021 ], [ -74.075770093999949, 4.589833013000032 ], [ -74.075774104999937, 4.58983506200002 ], [ -74.075778046999972, 4.589837110000076 ], [ -74.075782057999959, 4.589839088000076 ], [ -74.075786068999946, 4.589841136000075 ], [ -74.075790009999935, 4.589843185000063 ], [ -74.075794018999943, 4.589845233000062 ], [ -74.075797960999978, 4.589847282000051 ], [ -74.075801971999965, 4.589849258000072 ], [ -74.075805983999942, 4.589851309000039 ], [ -74.07589732699995, 4.58989884600004 ], [ -74.075901267999939, 4.589900894000039 ], [ -74.075905207999938, 4.589903013000026 ], [ -74.075909219999971, 4.589905132000069 ], [ -74.07591316099996, 4.589907181000058 ], [ -74.075917101999948, 4.589909300000045 ], [ -74.075921113999982, 4.589911419000032 ], [ -74.075925054999971, 4.589913467000031 ], [ -74.07592899399998, 4.589915586000075 ], [ -74.075932934999969, 4.589917704000072 ], [ -74.075936945999956, 4.589919826000028 ], [ -74.07594088899998, 4.589921943000036 ], [ -74.075944829999969, 4.58992399300007 ], [ -74.075948770999958, 4.589926110000022 ], [ -74.075952781999945, 4.589928231000044 ], [ -74.075956721999944, 4.589930348000053 ], [ -74.075960662999989, 4.589932469000075 ], [ -74.075964603999978, 4.589934586000027 ], [ -74.075968544999967, 4.589936707000049 ], [ -74.075972555999954, 4.589938825000047 ], [ -74.075976496999942, 4.589940944000034 ], [ -74.075980436999942, 4.589943062000032 ], [ -74.075984378999976, 4.589945253000053 ], [ -74.075988318999975, 4.589947371000051 ], [ -74.075992259999964, 4.589949492000073 ], [ -74.075996270999951, 4.589951610000071 ], [ -74.07600021199994, 4.589953729000058 ], [ -74.076004152999985, 4.589955919000033 ], [ -74.076008093999974, 4.58995803800002 ], [ -74.076012035999952, 4.589960157000064 ], [ -74.07601597699994, 4.589962276000051 ], [ -74.07601991699994, 4.589964467000073 ], [ -74.076023857999985, 4.58996658500007 ], [ -74.076027798999974, 4.589968704000057 ], [ -74.076031738999973, 4.589970893000043 ], [ -74.076035679999961, 4.589973014000066 ], [ -74.07603962099995, 4.589975202000062 ], [ -74.076043630999948, 4.589977322000038 ], [ -74.076047571999936, 4.589979511000024 ], [ -74.076051512999982, 4.589981630000068 ], [ -74.07605545499996, 4.589983820000043 ], [ -74.076059395999948, 4.58998593900003 ], [ -74.076063336999937, 4.589988128000073 ], [ -74.076067278999972, 4.589990318000048 ], [ -74.076071218999971, 4.589992436000045 ], [ -74.076075157999981, 4.589994627000067 ], [ -74.076079098999969, 4.589996816000053 ], [ -74.076083039999958, 4.589998936000029 ], [ -74.076086910999948, 4.590001125000072 ], [ -74.076090852999982, 4.590003315000047 ], [ -74.076094793999971, 4.590005503000043 ], [ -74.07609873399997, 4.590007624000066 ], [ -74.076102674999959, 4.590009812000062 ], [ -74.076106614999958, 4.590012004000073 ], [ -74.076110555999946, 4.590014193000059 ], [ -74.076114496999935, 4.590016382000044 ], [ -74.07611843899997, 4.590018572000076 ], [ -74.076122379999958, 4.590020762000051 ], [ -74.076126320999947, 4.590022952000027 ], [ -74.076130260999946, 4.590025141000069 ], [ -74.076134130999947, 4.590027331000044 ], [ -74.076138072999981, 4.59002952000003 ], [ -74.07614201399997, 4.590031710000062 ], [ -74.076145954999959, 4.590033900000037 ], [ -74.076149895999947, 4.590036090000069 ], [ -74.076153835999946, 4.590038277000076 ], [ -74.076157706999936, 4.59004046900003 ], [ -74.076161648999971, 4.590042658000073 ], [ -74.07616558899997, 4.590044849000037 ], [ -74.076169529999959, 4.590047038000023 ], [ -74.076173470999947, 4.590049298000054 ], [ -74.076177410999946, 4.590051488000029 ], [ -74.076181281999936, 4.590053677000071 ], [ -74.076185223999971, 4.590055868000036 ], [ -74.07618916499996, 4.590058056000032 ], [ -74.076193105999948, 4.590060317000052 ], [ -74.076196974999959, 4.590062505000049 ], [ -74.076200915999948, 4.590064697000059 ], [ -74.076204856999937, 4.590066957000033 ], [ -74.076208797999982, 4.590069147000065 ], [ -74.076212668999972, 4.590071336000051 ], [ -74.076216608999971, 4.590073596000025 ], [ -74.07622054999996, 4.590075787000046 ], [ -74.076224489999959, 4.590078046000031 ], [ -74.076228360999949, 4.590080238000041 ], [ -74.076232301999937, 4.590082495000047 ], [ -74.076236242999983, 4.590084687000058 ], [ -74.076240183999971, 4.590086945000053 ], [ -74.076244054999961, 4.590089136000074 ], [ -74.07624799599995, 4.590091396000048 ], [ -74.076251936999938, 4.590093585000034 ], [ -74.076255805999949, 4.590095847000043 ], [ -74.076259746999938, 4.590098036000029 ], [ -74.076263687999983, 4.590100297000049 ], [ -74.076267558999973, 4.590102555000044 ], [ -74.076271499999962, 4.590104745000076 ], [ -74.07627544099995, 4.59010700500005 ], [ -74.076279310999951, 4.590109267000059 ], [ -74.07628325099995, 4.590111455000056 ], [ -74.076287191999938, 4.590113716000076 ], [ -74.076291062999985, 4.590115978000028 ], [ -74.076295003999974, 4.590118238000059 ], [ -74.076298874999964, 4.590120427000045 ], [ -74.076302814999963, 4.590122686000029 ], [ -74.076306754999962, 4.590124948000039 ], [ -74.076310625999952, 4.590127207000023 ], [ -74.07631456699994, 4.590129468000043 ], [ -74.076318437999987, 4.590131658000075 ], [ -74.076322378999976, 4.590133918000049 ], [ -74.076326319999964, 4.590136178000023 ], [ -74.076330189999965, 4.590138438000054 ], [ -74.076334130999953, 4.590140699000074 ], [ -74.076338000999954, 4.590142958000058 ], [ -74.076341941999942, 4.590145220000068 ], [ -74.076345811999943, 4.590147481000031 ], [ -74.076349752999988, 4.590149741000062 ], [ -74.076353693999977, 4.590151999000057 ], [ -74.076357565999956, 4.590154260000077 ], [ -74.076361506999945, 4.59015652100004 ], [ -74.076365375999956, 4.590158781000071 ], [ -74.076369316999944, 4.590161041000044 ], [ -74.07637318899998, 4.590163302000065 ], [ -74.076377129999969, 4.590165562000038 ], [ -74.076381, 4.590167822000069 ], [ -74.076384940999958, 4.590170083000032 ], [ -74.076388810999958, 4.590172343000063 ], [ -74.076392750999958, 4.590174603000037 ], [ -74.076396620999958, 4.590176864000057 ], [ -74.076400562999936, 4.59017919300004 ], [ -74.076404433999983, 4.590181455000049 ], [ -74.076408374999971, 4.590183715000023 ], [ -74.076412244999972, 4.590185974000065 ], [ -74.07641618599996, 4.590188235000028 ], [ -74.07642005699995, 4.590190567000036 ], [ -74.076423996999949, 4.590192827000067 ], [ -74.07642786699995, 4.590195087000041 ], [ -74.07643173799994, 4.590197347000071 ], [ -74.076435678999985, 4.590199679000023 ], [ -74.076439548999986, 4.590201937000074 ], [ -74.076443489999974, 4.590204199000027 ], [ -74.076447360999964, 4.590206458000068 ], [ -74.076451300999963, 4.590208790000077 ], [ -74.076455170999964, 4.59021105000005 ], [ -74.076459111999952, 4.59021331100007 ], [ -74.076462982999942, 4.590215642000032 ], [ -74.076466852999943, 4.590217900000027 ], [ -74.076470793999988, 4.590220233000025 ], [ -74.076474664999978, 4.590222492000066 ], [ -74.076478604999977, 4.590224754000076 ], [ -74.076482474999978, 4.590227085000038 ], [ -74.076486345999967, 4.590229344000022 ], [ -74.076490287999945, 4.59023167600003 ], [ -74.076494157999946, 4.590233935000072 ], [ -74.076498098999934, 4.590236267000023 ], [ -74.076501967999945, 4.590238527000054 ], [ -74.076505838999935, 4.590240787000027 ], [ -74.076509779999981, 4.590243119000036 ], [ -74.076513649999981, 4.590245377000031 ], [ -74.076517591999959, 4.590247710000028 ], [ -74.076521462999949, 4.59024996900007 ], [ -74.07652533299995, 4.590252301000021 ], [ -74.076529273999938, 4.59025463100005 ], [ -74.076533144999985, 4.590256891000024 ], [ -74.076537013999939, 4.590259223000032 ], [ -74.076540955999974, 4.590261482000074 ], [ -74.076544826999964, 4.590263814000025 ], [ -74.076548696999964, 4.590266074000056 ], [ -74.076552637999953, 4.590268405000074 ], [ -74.076556508999943, 4.590270735000047 ], [ -74.076560377999954, 4.590272996000067 ], [ -74.076564318999942, 4.590275327000029 ], [ -74.076568189999989, 4.590277588000049 ], [ -74.076572130999978, 4.590279919000068 ], [ -74.076576000999978, 4.59028224900004 ], [ -74.076579871999968, 4.590284509000071 ], [ -74.076583742999958, 4.590286841000022 ], [ -74.076587682999957, 4.590289172000041 ], [ -74.076591552999957, 4.590291431000026 ], [ -74.076595424999937, 4.590293762000044 ], [ -74.076599364999936, 4.590296093000063 ], [ -74.076603234999936, 4.590298424000025 ], [ -74.076607105999983, 4.590300683000066 ], [ -74.076611046999972, 4.590303015000075 ], [ -74.076614915999983, 4.590305347000026 ], [ -74.076618786999973, 4.590307606000067 ], [ -74.076622727999961, 4.590309939000065 ], [ -74.076626597999962, 4.590312268000048 ], [ -74.076630468999952, 4.590314600000056 ], [ -74.076634339999941, 4.59031685900004 ], [ -74.076638280999987, 4.590319191000049 ], [ -74.076642151999977, 4.590321522000067 ], [ -74.076646020999988, 4.59032385200004 ], [ -74.076649961999976, 4.590326183000059 ], [ -74.076653831999977, 4.590328443000033 ], [ -74.076657702999967, 4.590330775000041 ], [ -74.076661573999957, 4.59033310500007 ], [ -74.076665514999945, 4.590335436000032 ], [ -74.076669383999956, 4.59033776800004 ], [ -74.076673255999935, 4.590340099000059 ], [ -74.076677195999935, 4.590342359000033 ], [ -74.076681065999935, 4.590344689000062 ], [ -74.076684936999982, 4.590347019000035 ], [ -74.076688806999982, 4.590349351000043 ], [ -74.07669274899996, 4.590351682000062 ], [ -74.076696618999961, 4.59035401400007 ], [ -74.076700489999951, 4.590356344000043 ], [ -74.076704359999951, 4.590358603000027 ], [ -74.076708301999986, 4.590360935000035 ], [ -74.076712171999986, 4.590363266000054 ], [ -74.076716040999941, 4.590365597000073 ], [ -74.076719913999966, 4.590367928000035 ], [ -74.076723853999965, 4.590370257000075 ], [ -74.076727723999966, 4.590372590000072 ], [ -74.076731593999966, 4.590374921000034 ], [ -74.076735464999956, 4.590377251000064 ], [ -74.076739405999945, 4.590379583000072 ], [ -74.076743276999935, 4.590381912000055 ], [ -74.076747146999935, 4.590384174000064 ], [ -74.076751016999935, 4.590386505000026 ], [ -74.076754887999982, 4.590388835000056 ], [ -74.076758828999971, 4.590391165000028 ], [ -74.076762698999971, 4.590393496000047 ], [ -74.076766569999961, 4.590395829000045 ], [ -74.076770439999962, 4.590398159000074 ], [ -74.07677438099995, 4.590400490000036 ], [ -74.076778250999951, 4.590402821000055 ], [ -74.076782121999941, 4.590405150000038 ], [ -74.076785991999941, 4.590407482000046 ], [ -74.076789932999986, 4.590409814000054 ], [ -74.076793803999976, 4.590412144000027 ], [ -74.076797673999977, 4.590414476000035 ], [ -74.076801544999967, 4.590416806000064 ], [ -74.076805414999967, 4.590419136000037 ], [ -74.076809354999966, 4.590421469000034 ], [ -74.076813225999956, 4.590423798000074 ], [ -74.076817096999946, 4.590426130000026 ], [ -74.076820965999957, 4.590428460000055 ], [ -74.076824908999981, 4.590430791000074 ], [ -74.076828778999982, 4.590433123000025 ], [ -74.076832647999936, 4.590435453000055 ], [ -74.076836518999983, 4.590437784000073 ], [ -74.076840389999973, 4.590440114000046 ], [ -74.076844329999972, 4.590442446000054 ], [ -74.076848200999962, 4.590444778000062 ], [ -74.076852070999962, 4.590447108000035 ], [ -74.076855940999963, 4.590449439000054 ], [ -74.076859812999942, 4.590451769000026 ], [ -74.076863753999987, 4.590454101000034 ], [ -74.076867623999988, 4.590456431000064 ], [ -74.076871494999978, 4.590458762000026 ], [ -74.076875365999967, 4.590461094000034 ], [ -74.076879305999967, 4.590463423000074 ], [ -74.076883177999946, 4.590465755000025 ], [ -74.076887046999957, 4.590468086000044 ], [ -74.076890916999957, 4.590470416000073 ], [ -74.076894787999947, 4.590472749000071 ], [ -74.076898728999936, 4.590475078000054 ], [ -74.076902598999936, 4.590477410000062 ], [ -74.076906469999983, 4.590479741000024 ], [ -74.076910340999973, 4.590482071000054 ], [ -74.076914209999984, 4.590484402000072 ], [ -74.076918150999973, 4.590486734000024 ], [ -74.076922021999962, 4.590489064000053 ], [ -74.076925891999963, 4.590491395000072 ], [ -74.076929762999953, 4.590493725000044 ], [ -74.076933703999941, 4.590496057000053 ], [ -74.076937574999988, 4.590498387000025 ], [ -74.076941444999989, 4.590500719000033 ], [ -74.076945314999989, 4.590503050000052 ], [ -74.076949184999989, 4.590505380000025 ], [ -74.076953125999978, 4.590507712000033 ], [ -74.076956996999968, 4.590510041000073 ], [ -74.076960866999968, 4.59051237400007 ], [ -74.076964736999969, 4.590514703000053 ], [ -74.076968608999948, 4.590517035000062 ], [ -74.076972548999947, 4.59051936700007 ], [ -74.076976418999948, 4.590521695000064 ], [ -74.076980289999938, 4.590524028000061 ], [ -74.076984159999938, 4.590526358000034 ], [ -74.076988099999937, 4.590528688000063 ], [ -74.076991970999984, 4.59053102200005 ], [ -74.076995841999974, 4.590533351000033 ], [ -74.076999712999964, 4.590535683000041 ], [ -74.077003583999954, 4.59053801400006 ], [ -74.077007524999942, 4.590540273000045 ], [ -74.077011393999953, 4.590542604000063 ], [ -74.077015263999954, 4.590544934000036 ], [ -74.077019134999944, 4.590547267000034 ], [ -74.077023076999978, 4.590549597000063 ], [ -74.077026947999968, 4.590551927000035 ], [ -74.077030817999969, 4.590554260000033 ], [ -74.077034688999959, 4.590556589000073 ], [ -74.077038629999947, 4.590558920000035 ], [ -74.077042499999948, 4.590561252000043 ], [ -74.077046368999959, 4.590563581000026 ], [ -74.077050240999938, 4.590565914000024 ], [ -74.077054181999983, 4.590568244000053 ], [ -74.077058051999984, 4.590570575000072 ], [ -74.077061922999974, 4.590572907000023 ], [ -74.077065792999974, 4.590575165000075 ], [ -74.077069733999963, 4.590577498000073 ], [ -74.077073603999963, 4.590579827000056 ], [ -74.077077474999953, 4.590582159000064 ], [ -74.077081344999954, 4.590584491000072 ], [ -74.077085285999942, 4.590586820000055 ], [ -74.077089156999989, 4.590589153000053 ], [ -74.077093026999989, 4.590591482000036 ], [ -74.077096897999979, 4.590593743000056 ], [ -74.077100837999978, 4.590596074000075 ], [ -74.077104707999979, 4.590598405000037 ], [ -74.077108578999969, 4.590600735000066 ], [ -74.077112449999959, 4.590603066000028 ], [ -74.077116390999947, 4.590605398000037 ], [ -74.077120260999948, 4.590607658000067 ], [ -74.077124129999959, 4.59060998800004 ], [ -74.077128000999949, 4.590612319000059 ], [ -74.077131941999937, 4.590614651000067 ], [ -74.077135812999984, 4.590616983000075 ], [ -74.077139683999974, 4.590619312000058 ], [ -74.077143623999973, 4.590621572000032 ], [ -74.077147493999973, 4.590623903000051 ], [ -74.077151364999963, 4.590626234000069 ], [ -74.077155235999953, 4.590628565000031 ], [ -74.077159176999942, 4.590630825000062 ], [ -74.077163046999942, 4.590633156000024 ], [ -74.077166916999943, 4.590635488000032 ], [ -74.077170857999988, 4.590637817000072 ], [ -74.077174728999978, 4.590640079000025 ], [ -74.077178598999978, 4.590642410000044 ], [ -74.077182538999978, 4.590644741000062 ], [ -74.077186410999957, 4.590647001000036 ], [ -74.077190281999947, 4.590649331000066 ], [ -74.077194221999946, 4.590651663000074 ], [ -74.077198092999936, 4.590653923000048 ], [ -74.077201257999945, 4.59065583000006 ], [ -74.077201963999983, 4.590656254000066 ], [ -74.077205832999937, 4.590658585000028 ], [ -74.077209774999972, 4.590660845000059 ], [ -74.077213645999961, 4.590663176000021 ], [ -74.077217514999973, 4.59066550600005 ], [ -74.077221455999961, 4.59066776800006 ], [ -74.077225326999951, 4.590670097000043 ], [ -74.077229197999941, 4.590672428000062 ], [ -74.07723313799994, 4.590674689000025 ], [ -74.077237008999987, 4.590677019000054 ], [ -74.077240949999975, 4.590679281000064 ], [ -74.077244819999976, 4.590681610000047 ], [ -74.077248690999966, 4.590683872000056 ], [ -74.077252630999965, 4.590686202000029 ], [ -74.077256502999944, 4.590688532000058 ], [ -74.077260372999945, 4.590690794000068 ], [ -74.077264312999944, 4.59069312500003 ], [ -74.077268183999934, 4.59069538600005 ], [ -74.077272124999979, 4.590697716000022 ], [ -74.07727599499998, 4.590699975000064 ], [ -74.077279865999969, 4.590702307000072 ], [ -74.077283806999958, 4.590704566000056 ], [ -74.077287676999958, 4.590706898000064 ], [ -74.077291546999959, 4.590709158000038 ], [ -74.077295487999947, 4.590711419000058 ], [ -74.077299358999937, 4.59071375000002 ], [ -74.077303298999936, 4.590716009000062 ], [ -74.077307169999983, 4.59071834100007 ], [ -74.077311039999984, 4.590720601000044 ], [ -74.077314981999962, 4.590722861000074 ], [ -74.077318850999973, 4.590725193000026 ], [ -74.077322791999961, 4.590727451000021 ], [ -74.077326662999951, 4.590729712000041 ], [ -74.07733060299995, 4.590732044000049 ], [ -74.077334472999951, 4.590734304000023 ], [ -74.077338344999987, 4.590736564000053 ], [ -74.07734228399994, 4.590738895000072 ], [ -74.077346154999987, 4.590741157000025 ], [ -74.077350096999965, 4.59074341500002 ], [ -74.077353967999954, 4.590745747000028 ], [ -74.077357908999943, 4.590748006000069 ], [ -74.077361778999943, 4.590750267000033 ], [ -74.077365718999943, 4.590752527000063 ], [ -74.077369588999943, 4.590754787000037 ], [ -74.077373530999978, 4.590757119000045 ], [ -74.077377400999978, 4.59075937800003 ], [ -74.077381341999967, 4.59076163900005 ], [ -74.077385212999957, 4.590763899000024 ], [ -74.077389153999945, 4.590766160000044 ], [ -74.077393023999946, 4.590768421000064 ], [ -74.077396964999934, 4.590770680000048 ], [ -74.077400834999935, 4.590773010000021 ], [ -74.077404774999934, 4.590775271000041 ], [ -74.077408645999981, 4.590777532000061 ], [ -74.077412586999969, 4.590779792000035 ], [ -74.077416458999949, 4.590782052000066 ], [ -74.077420398999948, 4.590784313000029 ], [ -74.077424268999948, 4.590786573000059 ], [ -74.077428208999947, 4.590788833000033 ], [ -74.077432079999937, 4.590791093000064 ], [ -74.077436021999972, 4.590793353000038 ], [ -74.077439891999973, 4.590795613000068 ], [ -74.077443833999951, 4.590797874000032 ], [ -74.07744777399995, 4.590800134000062 ], [ -74.07745164399995, 4.590802395000026 ], [ -74.077455585999985, 4.590804584000068 ], [ -74.077459454999939, 4.590806845000031 ], [ -74.077463395999985, 4.590809104000073 ], [ -74.077467336999973, 4.590811365000036 ], [ -74.077471207999963, 4.590813625000067 ], [ -74.077475148999952, 4.59081588600003 ], [ -74.077479018999952, 4.590818075000072 ], [ -74.077482959999941, 4.590820336000036 ], [ -74.07748689999994, 4.590822596000066 ], [ -74.077490770999987, 4.59082485600004 ], [ -74.077494711999975, 4.590827046000072 ], [ -74.077498581999976, 4.590829308000025 ], [ -74.077502522999964, 4.59083156500003 ], [ -74.077506463999953, 4.59083382700004 ], [ -74.077510334999943, 4.590836017000072 ], [ -74.077514274999942, 4.590838277000046 ], [ -74.077518215999987, 4.590840538000066 ], [ -74.077522086999977, 4.590842726000062 ], [ -74.077526027999966, 4.590844987000025 ], [ -74.077529968999954, 4.590847177000057 ], [ -74.077533838999955, 4.590849438000021 ], [ -74.077537781, 4.590851626000074 ], [ -74.077541721999978, 4.590853887000037 ], [ -74.077545591999979, 4.590856077000069 ], [ -74.077549532999967, 4.590858337000043 ], [ -74.077553472999966, 4.590860527000075 ], [ -74.077557413999955, 4.59086278500007 ], [ -74.077561284999945, 4.590864977000024 ], [ -74.077565225999933, 4.590867236000065 ], [ -74.077569167999968, 4.59086942700003 ], [ -74.077573107999967, 4.59087168700006 ], [ -74.077576977999968, 4.590873877000035 ], [ -74.077580917999967, 4.590876067000067 ], [ -74.077584858999955, 4.590878327000041 ], [ -74.077588800999933, 4.590880516000027 ], [ -74.07759267199998, 4.590882706000059 ], [ -74.077596611999979, 4.590884896000034 ], [ -74.077600551999979, 4.590887154000029 ], [ -74.077604492999967, 4.59088934600004 ], [ -74.077608433999956, 4.590891534000036 ], [ -74.077612304999946, 4.590893726000047 ], [ -74.077616245999934, 4.590895913000054 ], [ -74.07762018699998, 4.590898175000063 ], [ -74.077624127999968, 4.590900364000049 ], [ -74.077628068999957, 4.590902553000035 ], [ -74.077632008999956, 4.590904745000046 ], [ -74.077635878999956, 4.590906933000042 ], [ -74.077639820999934, 4.590909123000074 ], [ -74.07764376199998, 4.590911313000049 ], [ -74.077647702999968, 4.590913503000024 ], [ -74.077651642999967, 4.590915691000021 ], [ -74.077655582999967, 4.590917882000042 ], [ -74.077659523999955, 4.590920070000038 ], [ -74.077663394999945, 4.590922262000049 ], [ -74.077667335999934, 4.590924450000045 ], [ -74.077671276999979, 4.590926640000021 ], [ -74.077675218999957, 4.590928830000053 ], [ -74.077679158999956, 4.59093094900004 ], [ -74.077683099999945, 4.590933138000025 ], [ -74.077687040999933, 4.590935328000057 ], [ -74.077690980999989, 4.590937519000022 ], [ -74.077694921999978, 4.590939637000076 ], [ -74.077698862999966, 4.590941828000041 ], [ -74.077702803999955, 4.590944016000037 ], [ -74.077706744999944, 4.590946207000059 ], [ -74.077710685999989, 4.590948325000056 ], [ -74.077714626999978, 4.590950515000031 ], [ -74.077718568999956, 4.590952703000028 ], [ -74.077722507999965, 4.59095482400005 ], [ -74.077726448999954, 4.590957012000047 ], [ -74.077730389999942, 4.590959133000069 ], [ -74.077734330999988, 4.590961322000055 ], [ -74.077738271999976, 4.590963441000042 ], [ -74.077742212999965, 4.590965628000049 ], [ -74.077746154999943, 4.590967750000061 ], [ -74.077750095999988, 4.590969939000047 ], [ -74.077754034999941, 4.590972059000023 ], [ -74.077757975999987, 4.590974178000067 ], [ -74.077761916999975, 4.590976367000053 ], [ -74.077765858999953, 4.59097848600004 ], [ -74.077769799999942, 4.590980676000072 ], [ -74.077773740999987, 4.59098279400007 ], [ -74.077777751999974, 4.590984914000046 ], [ -74.077781691999974, 4.590987032000044 ], [ -74.077785632999962, 4.590989223000065 ], [ -74.077789573999951, 4.590991341000063 ], [ -74.077793515999986, 4.59099346000005 ], [ -74.077797455999985, 4.590995579000037 ], [ -74.077801396999973, 4.59099769900007 ], [ -74.077805337999962, 4.590999817000068 ], [ -74.077809348999949, 4.591001937000044 ], [ -74.077813288999948, 4.591004054000052 ], [ -74.077817229999937, 4.591006177000054 ], [ -74.077821171999972, 4.591008293000073 ], [ -74.077825111999971, 4.591010414000039 ], [ -74.077829122999958, 4.591012531000047 ], [ -74.077833063999947, 4.591014652000069 ], [ -74.077837005999982, 4.591016769000021 ], [ -74.07784094699997, 4.591018889000054 ], [ -74.077844956999968, 4.591021007000052 ], [ -74.077848897999957, 4.591023128000074 ], [ -74.077852838999945, 4.591025174000038 ], [ -74.077856779999934, 4.59102729600005 ], [ -74.077860790999978, 4.591029413000058 ], [ -74.077864732999956, 4.591031534000024 ], [ -74.077868673999944, 4.591033580000044 ], [ -74.077872685999978, 4.59103570000002 ], [ -74.077876625999977, 4.591037818000075 ], [ -74.077880565999976, 4.591039869000042 ], [ -74.077884577999953, 4.59104198600005 ], [ -74.077888519999988, 4.591044036000028 ], [ -74.077892460999976, 4.591046153000036 ], [ -74.077896471999964, 4.59104820400006 ], [ -74.077900412999952, 4.591050321000068 ], [ -74.077904353999941, 4.591052371000046 ], [ -74.077908363999939, 4.591054489000044 ], [ -74.077912305999973, 4.591056539000022 ], [ -74.077916316999961, 4.591058586000031 ], [ -74.077920258999939, 4.591060707000054 ], [ -74.077924197999948, 4.591062753000074 ], [ -74.077928209999982, 4.591064802000062 ], [ -74.07793215099997, 4.591066921000049 ], [ -74.077936161999958, 4.591068970000038 ], [ -74.077940101999957, 4.591071017000047 ], [ -74.077944112999944, 4.591073067000025 ], [ -74.077948053999989, 4.591075114000034 ], [ -74.077952065999966, 4.591077162000033 ], [ -74.077956006999955, 4.591079211000022 ], [ -74.077960017999942, 4.591081260000067 ], [ -74.077963958999987, 4.591083379000054 ], [ -74.077967969999975, 4.591085356000065 ], [ -74.077971909999974, 4.591087405000053 ], [ -74.077975921999951, 4.591089453000052 ], [ -74.077979862999939, 4.59109150300003 ], [ -74.077983873999983, 4.591093551000029 ], [ -74.077987814999972, 4.591095598000038 ], [ -74.077991825999959, 4.591097648000073 ], [ -74.077995837999936, 4.591099696000072 ], [ -74.077999779999971, 4.591101674000072 ], [ -74.078003790999958, 4.591103721000025 ], [ -74.078007731999946, 4.591105771000059 ], [ -74.078011742999934, 4.591107749000059 ], [ -74.078015753999978, 4.591109797000058 ], [ -74.078019694999966, 4.591111844000068 ], [ -74.078023705999954, 4.591113823000057 ], [ -74.078027717999987, 4.591115801000058 ], [ -74.078031728999974, 4.59111770800007 ], [ -74.07803580999996, 4.591119615000025 ], [ -74.078039891999936, 4.591121451000049 ], [ -74.078044042999977, 4.591123217000074 ], [ -74.078048124999953, 4.591124984000032 ], [ -74.078052275999937, 4.59112667900007 ], [ -74.078056497999967, 4.59112837400005 ], [ -74.078060720999986, 4.591129999000032 ], [ -74.078064942999958, 4.591131553000025 ], [ -74.078069165999977, 4.591133107000076 ], [ -74.07807338899994, 4.591134590000024 ], [ -74.078077682999947, 4.591136074000076 ], [ -74.078081975999964, 4.591137487000026 ], [ -74.078086338999981, 4.591138829000045 ], [ -74.078090630999952, 4.591140173000042 ], [ -74.078094994999958, 4.591141443000026 ], [ -74.078099356999985, 4.591142715000046 ], [ -74.078103791, 4.591143917000068 ], [ -74.078108154999939, 4.591145046000065 ], [ -74.078112587999954, 4.591146176000052 ], [ -74.078117021999958, 4.591147306000039 ], [ -74.078121454999973, 4.591148367000073 ], [ -74.078125959999966, 4.591149356000074 ], [ -74.07813039399997, 4.591150345000074 ], [ -74.078134897999973, 4.591151265000065 ], [ -74.078139400999987, 4.591152183000077 ], [ -74.07814390599998, 4.591153030000044 ], [ -74.078148479999982, 4.591153878000057 ], [ -74.078152983999985, 4.591154655000025 ], [ -74.078157558999976, 4.59115543200005 ], [ -74.078162062999979, 4.59115613900002 ], [ -74.078166636999981, 4.591156846000047 ], [ -74.078171211999972, 4.591157482000028 ], [ -74.078175785999974, 4.591158118000067 ], [ -74.078180429999975, 4.59115868400005 ], [ -74.078185003999977, 4.591159249000043 ], [ -74.078189578999968, 4.591159815000026 ], [ -74.078194222999969, 4.591160309000031 ], [ -74.078198798999949, 4.591160733000038 ], [ -74.07820344299995, 4.591161159000023 ], [ -74.078208088999986, 4.591161511000053 ], [ -74.078212662999988, 4.591161936000049 ], [ -74.078217305999942, 4.591162220000058 ], [ -74.078221950999989, 4.591162502000032 ], [ -74.078226596999968, 4.591162784000062 ], [ -74.078231240999969, 4.591162997000026 ], [ -74.078235885999959, 4.591163209000058 ], [ -74.078240530999949, 4.591163421000033 ], [ -74.078245176999985, 4.591163563000066 ], [ -74.078249750999987, 4.591163706000032 ], [ -74.078254396999967, 4.591163777000077 ], [ -74.078259041999956, 4.591163848000065 ], [ -74.078263686999946, 4.591163848000065 ], [ -74.078268329999958, 4.591163848000065 ], [ -74.078272974999948, 4.591163849000054 ], [ -74.078277548999949, 4.591163848000065 ], [ -74.078282193999939, 4.591163780000045 ], [ -74.078286838999986, 4.591163637000022 ], [ -74.078291412999988, 4.591163497000025 ], [ -74.078296057999978, 4.591163357000028 ], [ -74.078300633999959, 4.591163216000041 ], [ -74.078305206999971, 4.591163006000045 ], [ -74.078309851999961, 4.591162792000034 ], [ -74.078314426999953, 4.591162512000039 ], [ -74.078319000999954, 4.591162230000066 ], [ -74.078323574999956, 4.591161947000046 ], [ -74.078328078999959, 4.591161665000072 ], [ -74.07833265499994, 4.591161313000043 ], [ -74.078337158999943, 4.591160960000025 ], [ -74.078341662999946, 4.591160538000054 ], [ -74.078346236999948, 4.591160184000046 ], [ -74.078350740999952, 4.591159760000039 ], [ -74.078355174999956, 4.591159268000069 ], [ -74.078359680999938, 4.591158844000063 ], [ -74.078364112999964, 4.591158350000057 ], [ -74.078368546999968, 4.591157857000042 ], [ -74.078372981999962, 4.591157291000059 ], [ -74.078377415999967, 4.591156727000055 ], [ -74.078381850999961, 4.591156162000061 ], [ -74.078386211999941, 4.591155599000047 ], [ -74.078390574999958, 4.591155033000064 ], [ -74.078395010999941, 4.591154398000072 ], [ -74.078399372999968, 4.591153692000034 ], [ -74.078403736999974, 4.591153057000042 ], [ -74.078408099999933, 4.591152352000051 ], [ -74.078412463999939, 4.591151576000073 ], [ -74.078416827999945, 4.591150870000035 ], [ -74.078421189999972, 4.591150094000056 ], [ -74.078425553999978, 4.591149245000054 ], [ -74.078429915999948, 4.591148469000075 ], [ -74.078434280999943, 4.59114762300004 ], [ -74.07843864299997, 4.591146776000073 ], [ -74.078443006999976, 4.591145859000051 ], [ -74.078447370999982, 4.591144941000039 ], [ -74.078451735999977, 4.591144023000027 ], [ -74.078456026999959, 4.591143106000061 ], [ -74.078460390999965, 4.591142117000061 ], [ -74.078464753999981, 4.591141128000061 ], [ -74.078469118999976, 4.59114014000005 ], [ -74.078473409999958, 4.59113915100005 ], [ -74.078477774999953, 4.591138092000051 ], [ -74.07848213799997, 4.591137035000031 ], [ -74.078486430999988, 4.591135976000032 ], [ -74.078490792999958, 4.591134847000035 ], [ -74.078495157999953, 4.591133788000036 ], [ -74.078499450999971, 4.591132658000049 ], [ -74.078503814999976, 4.591131458000064 ], [ -74.078508107999937, 4.591130329000066 ], [ -74.078512470999954, 4.591129128000034 ], [ -74.078516763999971, 4.591127929000038 ], [ -74.078521127999977, 4.591126729000052 ], [ -74.078525421999984, 4.591125529000067 ], [ -74.078529783999954, 4.591124328000035 ], [ -74.078534076999972, 4.591123056000072 ], [ -74.078538370999979, 4.591121786000031 ], [ -74.078542733999939, 4.591120515000057 ], [ -74.078547026999956, 4.591119245000073 ], [ -74.078551390999962, 4.591117973000053 ], [ -74.078555682999934, 4.59111663300007 ], [ -74.078559976999941, 4.591115291000051 ], [ -74.078564340999947, 4.591113951000068 ], [ -74.078568633999964, 4.591112609000049 ], [ -74.078572926999982, 4.59111126800002 ], [ -74.078577218999953, 4.591109927000048 ], [ -74.078581583999949, 4.591108514000041 ], [ -74.078585876999966, 4.591107173000069 ], [ -74.078590169999984, 4.591105761000051 ], [ -74.078594461999955, 4.591104349000034 ], [ -74.078598825999961, 4.591102938000063 ], [ -74.078603119999968, 4.591101526000045 ], [ -74.07860741199994, 4.591100114000028 ], [ -74.078611704999958, 4.591098632000069 ], [ -74.078615998999965, 4.591097218000073 ], [ -74.07862036299997, 4.591095737000046 ], [ -74.078624656999978, 4.591094253000051 ], [ -74.078628948999949, 4.591092841000034 ], [ -74.078633241999967, 4.591091358000028 ], [ -74.078637535999974, 4.591089878000048 ], [ -74.078641828999935, 4.591088394000053 ], [ -74.078646191999951, 4.591086911000048 ], [ -74.078650484999969, 4.591085429000032 ], [ -74.078654778999976, 4.591083946000026 ], [ -74.078659071999937, 4.591082392000033 ], [ -74.078663363999965, 4.591080910000073 ], [ -74.078667657999972, 4.591079428000057 ], [ -74.078671951999979, 4.591077946000041 ], [ -74.07867624499994, 4.591076392000048 ], [ -74.078680607999956, 4.591074909000042 ], [ -74.078684899999985, 4.591073355000049 ], [ -74.078689192999946, 4.591071873000033 ], [ -74.078693487999942, 4.591070320000028 ], [ -74.07869777999997, 4.591068837000023 ], [ -74.078702072999988, 4.591067285000065 ], [ -74.078706366999938, 4.59106580200006 ], [ -74.078710730999944, 4.591064248000066 ], [ -74.078715022999972, 4.591062767000039 ], [ -74.078719315999933, 4.591061213000046 ], [ -74.078723608999951, 4.59105973000004 ], [ -74.078727903999948, 4.591058177000036 ], [ -74.078732195999976, 4.59105669500002 ], [ -74.078736558999935, 4.591055211000025 ], [ -74.078740851999953, 4.591053658000021 ], [ -74.07874514599996, 4.591052177000051 ], [ -74.078749438999978, 4.591050694000046 ], [ -74.078753731999939, 4.59104921100004 ], [ -74.078758094999955, 4.591047658000036 ], [ -74.078762388999962, 4.591046173000052 ], [ -74.078766682999969, 4.591044691000036 ], [ -74.078770973999951, 4.591043211000056 ], [ -74.078775337999957, 4.591041799000038 ], [ -74.078779631999964, 4.591040315000043 ], [ -74.078783924999982, 4.591038833000027 ], [ -74.078788217999943, 4.591037421000067 ], [ -74.078792580999959, 4.591035939000051 ], [ -74.078796873999977, 4.591034526000044 ], [ -74.078801168999973, 4.591033043000039 ], [ -74.078805529999954, 4.591031632000067 ], [ -74.078809823999961, 4.59103022000005 ], [ -74.078814187999967, 4.591028809000022 ], [ -74.078818481999974, 4.591027397000062 ], [ -74.078822774999935, 4.591026055000043 ], [ -74.078827137999951, 4.591024642000036 ], [ -74.07883142999998, 4.591023300000074 ], [ -74.078835793999986, 4.591021959000045 ], [ -74.078840087999936, 4.591020618000073 ], [ -74.078844450999952, 4.591019276000054 ], [ -74.07884874399997, 4.591017936000071 ], [ -74.078853107999976, 4.591016595000042 ], [ -74.078857401999983, 4.591015324000068 ], [ -74.078861764999942, 4.59101398200005 ], [ -74.078866127999959, 4.591012712000065 ], [ -74.078870419999987, 4.591011442000024 ], [ -74.078874784999982, 4.591010241000049 ], [ -74.078879148999988, 4.591008970000075 ], [ -74.078883441999949, 4.591007771000022 ], [ -74.078887803999976, 4.591006570000047 ], [ -74.078892167999982, 4.591005371000051 ], [ -74.078896530999941, 4.59100416900003 ], [ -74.078900824999948, 4.591003040000032 ], [ -74.078905188999954, 4.591001840000047 ], [ -74.07890955299996, 4.591000711000049 ], [ -74.078913913999941, 4.59099965300004 ], [ -74.078918278999936, 4.590998522000064 ], [ -74.078922641999952, 4.590997463000065 ], [ -74.078927006999947, 4.590996405000055 ], [ -74.078931369999964, 4.590995346000057 ], [ -74.07893573299998, 4.590994288000047 ], [ -74.07894009599994, 4.590993299000047 ], [ -74.078944458999956, 4.590992310000047 ], [ -74.078948821999973, 4.590991323000026 ], [ -74.078953185999978, 4.59099040600006 ], [ -74.078957620999972, 4.590989486000069 ], [ -74.078961983999989, 4.590988569000046 ], [ -74.078966346999948, 4.590987650000045 ], [ -74.078970709999965, 4.590986805000057 ], [ -74.078975143999969, 4.590985958000033 ], [ -74.078979507999975, 4.590985111000066 ], [ -74.078983941999979, 4.590984334000041 ], [ -74.078988305999985, 4.590983558000062 ], [ -74.078992738999943, 4.590982782000026 ], [ -74.078997102999949, 4.590982004000068 ], [ -74.079001537999943, 4.590981300000067 ], [ -74.079005969999969, 4.59098059400003 ], [ -74.079010402999984, 4.590979958000048 ], [ -74.079014907999976, 4.590979324000045 ], [ -74.079019340999935, 4.590978688000064 ], [ -74.079023774999939, 4.590978054000061 ], [ -74.079028279999989, 4.590977489000068 ], [ -74.079032712999947, 4.590976924000074 ], [ -74.07903721699995, 4.59097636000007 ], [ -74.079041721999943, 4.590975866000065 ], [ -74.079046226999935, 4.590975373000049 ], [ -74.079050730999938, 4.590974877000065 ], [ -74.079055164999943, 4.590974454000047 ], [ -74.079059738999945, 4.590973961000032 ], [ -74.079064242999948, 4.590973538000071 ], [ -74.079068747999941, 4.590973185000053 ], [ -74.079073251999944, 4.590972832000034 ], [ -74.079077755999947, 4.590972480000062 ], [ -74.079082329999949, 4.590972127000043 ], [ -74.079086833999952, 4.59097184500007 ], [ -74.079091408999943, 4.590971563000039 ], [ -74.079095912999946, 4.590971281000066 ], [ -74.079100486999948, 4.590970999000035 ], [ -74.079104990999951, 4.590970786000071 ], [ -74.079109565999943, 4.590970577000064 ], [ -74.079114139999945, 4.590970437000067 ], [ -74.079118643999948, 4.590970295000034 ], [ -74.079123219999985, 4.590970154000047 ], [ -74.079127792999941, 4.590970012000071 ], [ -74.079132296999944, 4.590969944000051 ], [ -74.079136871999935, 4.590969802000075 ], [ -74.079141448999962, 4.590969803000064 ], [ -74.079146021999975, 4.59096973100003 ], [ -74.079150525999978, 4.590969733000065 ], [ -74.07915509999998, 4.590969732000076 ], [ -74.079159673999982, 4.590969734000055 ], [ -74.079164248999973, 4.590969805000043 ], [ -74.079168822999975, 4.590969878000067 ], [ -74.079173325999989, 4.590969948000065 ], [ -74.079177901999969, 4.590970090000042 ], [ -74.079182475999971, 4.590970230000039 ], [ -74.079187050999963, 4.590970373000061 ], [ -74.079191554999966, 4.590970514000048 ], [ -74.079196128999968, 4.590970727000069 ], [ -74.079200703999959, 4.590970939000044 ], [ -74.079205207999962, 4.59097115000003 ], [ -74.079209782999953, 4.590971434000039 ], [ -74.079214286999957, 4.590971718000048 ], [ -74.079218861999948, 4.590972001000068 ], [ -74.079223365999951, 4.59097235400003 ], [ -74.079227868999965, 4.59097263600006 ], [ -74.079232442999967, 4.590972990000068 ], [ -74.07923694699997, 4.590973414000075 ], [ -74.079241450999973, 4.590973768000026 ], [ -74.079245954999976, 4.590974193000022 ], [ -74.079250458999979, 4.59097461600004 ], [ -74.079254962999983, 4.590975111000034 ], [ -74.079259466999986, 4.590975607000075 ], [ -74.079263971999978, 4.590976101000024 ], [ -74.079268475999982, 4.590976595000029 ], [ -74.079272979999985, 4.590977090000024 ], [ -74.079277414999979, 4.590977657000053 ], [ -74.079281918999982, 4.590978222000047 ], [ -74.07928635199994, 4.590978857000039 ], [ -74.079290857, 4.590979494000067 ], [ -74.079295289999948, 4.590980129000059 ], [ -74.079299723999952, 4.59098076500004 ], [ -74.079304155999978, 4.590981403000058 ], [ -74.079308588999936, 4.590982107000059 ], [ -74.079313023999987, 4.590982814000029 ], [ -74.079317387999936, 4.590983593000033 ], [ -74.079321820999951, 4.59098429900007 ], [ -74.079326182999978, 4.590985077000028 ], [ -74.079330616999982, 4.590985854000053 ], [ -74.079334980999988, 4.590986702000066 ], [ -74.079339413999946, 4.590987479000034 ], [ -74.079343777999952, 4.59098825500007 ], [ -74.079348210999967, 4.590989104000073 ], [ -74.079352574999973, 4.590989952000029 ], [ -74.079357008999978, 4.590990730000044 ], [ -74.079361372999983, 4.590991577000068 ], [ -74.079365806999988, 4.590992426000071 ], [ -74.079370168999958, 4.590993344000026 ], [ -74.079374602999962, 4.59099419000006 ], [ -74.079378965999979, 4.590995038000074 ], [ -74.079383399999983, 4.590995957000075 ], [ -74.079387761999953, 4.590996806000021 ], [ -74.079392195999958, 4.590997724000033 ], [ -74.079396630999952, 4.590998642000045 ], [ -74.079400993999968, 4.590999562000036 ], [ -74.079405426999983, 4.591000480000048 ], [ -74.079409790999989, 4.591001470000037 ], [ -74.079414223999947, 4.591002389000039 ], [ -74.079418586999964, 4.591003307000051 ], [ -74.079423020999968, 4.591004295000062 ], [ -74.079427454999973, 4.591005284000062 ], [ -74.079431818999979, 4.591006274000051 ], [ -74.079436250999947, 4.591007262000062 ], [ -74.079440613999964, 4.591008251000062 ], [ -74.079445047999968, 4.591009240000062 ], [ -74.079449411999974, 4.591010229000062 ], [ -74.079453844999989, 4.59101129000004 ], [ -74.079458207999949, 4.591012350000028 ], [ -74.079462641999953, 4.591013340000075 ], [ -74.079467005999959, 4.591014400000063 ], [ -74.079471439999963, 4.591015459000062 ], [ -74.079475803999969, 4.59101651800006 ], [ -74.079480237999974, 4.591017578000049 ], [ -74.079484598999954, 4.591018709000025 ], [ -74.079489031999969, 4.591019768000024 ], [ -74.079493395999975, 4.591020898000068 ], [ -74.079497758999935, 4.591021959000045 ], [ -74.07950219199995, 4.591023089000032 ], [ -74.079506554999966, 4.591024219000076 ], [ -74.079510919999962, 4.591025350000052 ], [ -74.079515352999977, 4.591026480000039 ], [ -74.079519717999972, 4.591027611000072 ], [ -74.079524079999942, 4.591028812000047 ], [ -74.079528512999957, 4.591029942000034 ], [ -74.079532876999963, 4.591031143000066 ], [ -74.079537239999979, 4.591032274000042 ], [ -74.079541601999949, 4.591033474000028 ], [ -74.079545964999966, 4.59103467400007 ], [ -74.079550327999982, 4.591035874000056 ], [ -74.079554761999987, 4.591037147000065 ], [ -74.079559125999936, 4.591038347000051 ], [ -74.079563488999952, 4.591039548000026 ], [ -74.079567852999958, 4.591040821000036 ], [ -74.079572216999964, 4.591042022000067 ], [ -74.079576578999934, 4.59104329500002 ], [ -74.079580943999986, 4.591044566000051 ], [ -74.079585304999966, 4.59104583800007 ], [ -74.079589598999974, 4.591047109000044 ], [ -74.079593961999933, 4.591048381000064 ], [ -74.079598324999949, 4.591049723000026 ], [ -74.079602687999966, 4.591050994000057 ], [ -74.079607050999982, 4.591052336000075 ], [ -74.079611342999954, 4.591053607000049 ], [ -74.079615707999949, 4.591054949000068 ], [ -74.079620001999956, 4.591056292000076 ], [ -74.079624364999972, 4.591057635000027 ], [ -74.079628726999943, 4.591058978000035 ], [ -74.07963301999996, 4.591060390000052 ], [ -74.079637382999977, 4.591061732000071 ], [ -74.079641675999937, 4.591063075000022 ], [ -74.079645968999955, 4.59106448600005 ], [ -74.079650331999972, 4.591065900000046 ], [ -74.079654624999989, 4.591067243000055 ], [ -74.07965891799995, 4.591068655000072 ], [ -74.079663211999957, 4.591070068000022 ], [ -74.079667573999984, 4.591071552000074 ], [ -74.079671865999956, 4.591072965000023 ], [ -74.079676159999963, 4.591074377000041 ], [ -74.079680451999934, 4.591075861000036 ], [ -74.079684743999962, 4.591077273000053 ], [ -74.07968903799997, 4.591078757000048 ], [ -74.079693259999942, 4.591080241000043 ], [ -74.07969755299996, 4.591081724000048 ], [ -74.079701844999988, 4.591083207000054 ], [ -74.079706138999939, 4.591084690000059 ], [ -74.079710361999958, 4.591086175000044 ], [ -74.079714653999986, 4.591087730000027 ], [ -74.079718876999948, 4.591089213000032 ], [ -74.079723170999955, 4.591090766000036 ], [ -74.079727392999985, 4.591092248000052 ], [ -74.079731684999956, 4.591093805000071 ], [ -74.079735907999975, 4.591095358000075 ], [ -74.079740129999948, 4.591096913000058 ], [ -74.079744352999967, 4.591098465000073 ], [ -74.079748644999938, 4.591100020000056 ], [ -74.079752865999978, 4.591101645000037 ], [ -74.079757090999976, 4.591103199000031 ], [ -74.079761240999972, 4.591104823000023 ], [ -74.079765463999934, 4.591106449000051 ], [ -74.079769685999963, 4.591108003000045 ], [ -74.079773908999982, 4.591109627000037 ], [ -74.079778132999934, 4.591111251000029 ], [ -74.079782284999965, 4.591112875000022 ], [ -74.079786506999938, 4.591114573000027 ], [ -74.079790658999968, 4.591116197000076 ], [ -74.079794880999941, 4.591117821000068 ], [ -74.079799033999961, 4.591119517000038 ], [ -74.079803185999936, 4.59112114200002 ], [ -74.079807337999966, 4.591122837000057 ], [ -74.079811488999951, 4.591124531000048 ], [ -74.079815641999971, 4.591126228000064 ], [ -74.079819792999956, 4.591127923000045 ], [ -74.079823944999987, 4.591129617000036 ], [ -74.079828096999961, 4.59113138500004 ], [ -74.079832248999935, 4.591133079000031 ], [ -74.079836331999957, 4.591134775000057 ], [ -74.079840482999941, 4.591136540000036 ], [ -74.079844564999973, 4.591138307000051 ], [ -74.079848716999948, 4.59114007200003 ], [ -74.07985279899998, 4.591141839000045 ], [ -74.079856950999954, 4.591143674000023 ], [ -74.079861032999986, 4.591145440000048 ], [ -74.079865113999972, 4.591147278000051 ], [ -74.079869195999947, 4.591149115000064 ], [ -74.07987327799998, 4.591150950000042 ], [ -74.079877359999955, 4.591152858000044 ], [ -74.079881440999941, 4.591154694000068 ], [ -74.079885523999963, 4.591156600000033 ], [ -74.079889604999948, 4.591158509000024 ], [ -74.079893686999981, 4.591160416000037 ], [ -74.079897767999967, 4.591162324000038 ], [ -74.079901779999943, 4.591164230000061 ], [ -74.079905860999986, 4.591166208000061 ], [ -74.079909940999983, 4.591168186000061 ], [ -74.07991395199997, 4.591170164000062 ], [ -74.079918033999945, 4.591172142000062 ], [ -74.079922044999989, 4.591174120000062 ], [ -74.079926056999966, 4.591176168000061 ], [ -74.079930138999941, 4.591178146000061 ], [ -74.079934149999985, 4.59118019400006 ], [ -74.079938160999973, 4.591182243000048 ], [ -74.07994217199996, 4.591184290000058 ], [ -74.079946183999937, 4.591186339000046 ], [ -74.079950194999981, 4.591188458000033 ], [ -74.079954205999968, 4.591190507000022 ], [ -74.079958216999955, 4.591192625000076 ], [ -74.079962157999944, 4.591194745000053 ], [ -74.079966169999977, 4.59119686300005 ], [ -74.079970181999954, 4.591198983000027 ], [ -74.079974121999953, 4.591201101000024 ], [ -74.07997813299994, 4.591203222000047 ], [ -74.079982073999986, 4.591205410000043 ], [ -74.079986084999973, 4.591207601000065 ], [ -74.079990025999962, 4.591209788000072 ], [ -74.07999396699995, 4.591211980000026 ], [ -74.079997977999938, 4.591214168000022 ], [ -74.080001918999983, 4.591216360000033 ], [ -74.080005860999961, 4.591218619000074 ], [ -74.080009799999971, 4.59122080800006 ], [ -74.080013741999949, 4.591223070000069 ], [ -74.080017683999984, 4.591225330000043 ], [ -74.080021623999983, 4.591227589000027 ], [ -74.080025495999962, 4.591229848000069 ], [ -74.080029436999951, 4.591232111000068 ], [ -74.08003337699995, 4.591234371000041 ], [ -74.08003724699995, 4.59123670200006 ], [ -74.080041188999985, 4.591238961000045 ], [ -74.080045058999985, 4.591241292000063 ], [ -74.080049, 4.591243624000072 ], [ -74.080052869999975, 4.591245953000055 ], [ -74.080056740999964, 4.591248286000052 ], [ -74.080060682999942, 4.591250616000025 ], [ -74.080064552999943, 4.591252947000044 ], [ -74.080068422999943, 4.591255277000073 ], [ -74.080072293999933, 4.591257678000034 ], [ -74.080076162999944, 4.591260011000031 ], [ -74.080080033999934, 4.591262411000059 ], [ -74.080083833999936, 4.59126481200002 ], [ -74.080087704999983, 4.591267214000027 ], [ -74.080091573999937, 4.591269617000023 ], [ -74.080095373999939, 4.591272016000062 ], [ -74.080099243999939, 4.591274420000047 ], [ -74.080103115999975, 4.591276892000053 ], [ -74.080106914999988, 4.591279292000024 ], [ -74.080110715999979, 4.591281765000076 ], [ -74.080114584999933, 4.591284165000047 ], [ -74.080118385999981, 4.591286639000032 ], [ -74.080122184999937, 4.591289111000037 ], [ -74.080125985999985, 4.591291511000065 ], [ -74.080129785999986, 4.59129398400006 ], [ -74.080133585999988, 4.591296456000066 ], [ -74.080137385999933, 4.591299 ], [ -74.080141185999935, 4.591301471000065 ], [ -74.080144986999983, 4.591303943000071 ], [ -74.080148716999986, 4.591306486000065 ], [ -74.080152516999988, 4.591308957000024 ], [ -74.080156246999934, 4.591311501000064 ], [ -74.080160045999946, 4.591313975000048 ], [ -74.080163775999949, 4.591316515000074 ], [ -74.080167575999951, 4.591319060000046 ], [ -74.080171305999954, 4.591321531000062 ], [ -74.080175034999968, 4.591324073000067 ], [ -74.08017876599996, 4.59132661600006 ], [ -74.080182564999973, 4.591329159000054 ], [ -74.080186295999965, 4.591331701000058 ], [ -74.080190025999968, 4.59133431500004 ], [ -74.080193684999983, 4.591336858000034 ], [ -74.080197414999986, 4.591339400000038 ], [ -74.080201145, 4.591341942000042 ], [ -74.080204873999946, 4.591344556000024 ], [ -74.08020853499994, 4.591347100000064 ], [ -74.080212263999954, 4.591349713000056 ], [ -74.080215921999979, 4.591352255000061 ], [ -74.080219652999972, 4.591354869000043 ], [ -74.080223309999951, 4.591357482000035 ], [ -74.080226969999956, 4.591360025000029 ], [ -74.080230700999948, 4.591362637000032 ], [ -74.080234358999974, 4.59136525200006 ], [ -74.080238018999978, 4.591367865000052 ], [ -74.080241678999982, 4.591370478000044 ], [ -74.080245336999951, 4.591373091000037 ], [ -74.080248997999945, 4.591375705000075 ], [ -74.080252657999949, 4.591378318000068 ], [ -74.080256387999952, 4.591380861000061 ], [ -74.080260045999978, 4.591383473000064 ], [ -74.080263704999936, 4.591386088000036 ], [ -74.080267434999939, 4.591388701000028 ], [ -74.080271164999942, 4.59139131400002 ], [ -74.080274822999968, 4.591393926000023 ], [ -74.080278552999971, 4.591396541000051 ], [ -74.080282281999985, 4.591399155000033 ], [ -74.080286011999988, 4.591401768000026 ], [ -74.080289741999934, 4.591404381000075 ], [ -74.080293472999983, 4.591406995000057 ], [ -74.080297200999951, 4.591409608000049 ], [ -74.080300930999954, 4.591412221000041 ], [ -74.080304660999957, 4.591414833000044 ], [ -74.080308389999971, 4.591417449000062 ], [ -74.080312189999972, 4.591420061000065 ], [ -74.080315919999975, 4.591422675000047 ], [ -74.080319649999979, 4.591425358000038 ], [ -74.08032344999998, 4.591427973000066 ], [ -74.080327179999983, 4.591430586000058 ], [ -74.080330909999986, 4.591433199000051 ], [ -74.080334638999943, 4.591435882000042 ], [ -74.080338437999956, 4.591438496000023 ], [ -74.080342167999959, 4.591441180000061 ], [ -74.080345898999951, 4.591443794000043 ], [ -74.080349699999942, 4.591446477000034 ], [ -74.080353428999956, 4.591449090000026 ], [ -74.080357158999959, 4.591451775000053 ], [ -74.080360958999961, 4.591454460000023 ], [ -74.080364688999964, 4.591457071000036 ], [ -74.080368417999978, 4.591459755000074 ], [ -74.080372147999981, 4.591462440000043 ], [ -74.080375948999972, 4.591465124000024 ], [ -74.080379678999975, 4.591467808000061 ], [ -74.080383407999989, 4.591470491000052 ], [ -74.080387136999946, 4.591473175000033 ], [ -74.080390866999949, 4.591475861000049 ], [ -74.080394596999952, 4.591478615000028 ], [ -74.080398325999965, 4.591481298000076 ], [ -74.080401983999934, 4.591484052000055 ], [ -74.080405713999937, 4.591486737000025 ], [ -74.08040944399994, 4.59148949300004 ], [ -74.080413103999945, 4.591492177000021 ], [ -74.080416833999948, 4.591494929000021 ], [ -74.080420491999973, 4.591497684000046 ], [ -74.080424221999976, 4.591500438000025 ], [ -74.080427881999981, 4.59150319400004 ], [ -74.080431540999939, 4.591505948000076 ], [ -74.080435200999943, 4.591508773000044 ], [ -74.080438859999958, 4.591511527000023 ], [ -74.080442518999973, 4.591514283000038 ], [ -74.080446177999988, 4.591517107000072 ], [ -74.080449768999983, 4.591519933000029 ], [ -74.080453427999942, 4.591522689000044 ], [ -74.080457016999958, 4.591525514000068 ], [ -74.080460604999985, 4.591528336000067 ], [ -74.080464263999943, 4.59153116300007 ], [ -74.080467853999949, 4.591534060000072 ], [ -74.080471371999977, 4.591536885000039 ], [ -74.080474959999947, 4.591539710000063 ], [ -74.080478548999963, 4.591542606000075 ], [ -74.080482067999981, 4.591545502000031 ], [ -74.080485586999941, 4.591548397000054 ], [ -74.080489173999979, 4.591551293000066 ], [ -74.08049269299994, 4.591554188000032 ], [ -74.080496141999959, 4.591557084000044 ], [ -74.080499661999966, 4.591559981000046 ], [ -74.080503109999938, 4.591562947000057 ], [ -74.080506627999966, 4.591565843000069 ], [ -74.080510075999939, 4.591568809000023 ], [ -74.080513524999958, 4.591571775000034 ], [ -74.080516899999964, 4.591574742000034 ], [ -74.080520348999983, 4.591577708000045 ], [ -74.080523728999935, 4.591580745000044 ], [ -74.080527105999977, 4.591583711000055 ], [ -74.080530481999972, 4.591586748000054 ], [ -74.080533861999982, 4.591589786000043 ], [ -74.080537167999978, 4.591592823000042 ], [ -74.080540546999941, 4.591595859000051 ], [ -74.080543853999984, 4.59159889700004 ], [ -74.08054716099997, 4.591602005000027 ], [ -74.080550397999957, 4.591605113000071 ], [ -74.080553703999954, 4.591608149000024 ], [ -74.080556941999987, 4.591611257000068 ], [ -74.080560179999964, 4.591614365000055 ], [ -74.080563346999952, 4.591617542000051 ], [ -74.08056658199996, 4.591620650000038 ], [ -74.080569749999938, 4.591623829000071 ], [ -74.080572916999984, 4.591627007000056 ], [ -74.080576012999984, 4.591630186000032 ], [ -74.080579178999983, 4.591633363000028 ], [ -74.080582275999973, 4.591636612000059 ], [ -74.080585300999985, 4.591639791000034 ], [ -74.080588397999975, 4.591643039000076 ], [ -74.080591423999977, 4.591646288000049 ], [ -74.080594448999989, 4.591649536000034 ], [ -74.08059747599998, 4.591652857000042 ], [ -74.080600430999937, 4.591656105000027 ], [ -74.080603456999938, 4.591659425000046 ], [ -74.080606341999953, 4.591662745000065 ], [ -74.080609297999956, 4.591666065000027 ], [ -74.080612182999971, 4.591669454000055 ], [ -74.08061506699994, 4.591672772000038 ], [ -74.080617882999945, 4.591676163000045 ], [ -74.080620766999971, 4.591679554000052 ], [ -74.080623580999941, 4.591682945000059 ], [ -74.080626325999958, 4.591686405000075 ], [ -74.080629070999976, 4.591689864000045 ], [ -74.080631815999936, 4.591693326000041 ], [ -74.080634558999975, 4.591696787000046 ], [ -74.080637231999958, 4.591700247000063 ], [ -74.080639908999956, 4.591703778000067 ], [ -74.08064257999996, 4.591707239000073 ], [ -74.08064518599997, 4.591710842000055 ], [ -74.080647788999954, 4.591714371000023 ], [ -74.080650322999986, 4.591717904000063 ], [ -74.080652924999981, 4.591721506000056 ], [ -74.080655457999967, 4.591725108000048 ], [ -74.080657991999942, 4.59172871100003 ], [ -74.080660524999985, 4.591732312000033 ], [ -74.080662986999982, 4.591735984000024 ], [ -74.080665520999958, 4.591739657000062 ], [ -74.080667983999945, 4.591743330000043 ], [ -74.080670445999942, 4.591747001000044 ], [ -74.080672839999977, 4.591750675000071 ], [ -74.080675300999985, 4.591754417000061 ], [ -74.080677694999963, 4.591758089000052 ], [ -74.080680086999962, 4.591761834000067 ], [ -74.080682477999972, 4.591765575000068 ], [ -74.08068487099996, 4.591769390000024 ], [ -74.080687263999948, 4.59177313400005 ], [ -74.080689584999959, 4.591776948000074 ], [ -74.080691907999949, 4.591780691000054 ], [ -74.080694230999939, 4.591784502000053 ], [ -74.080696551999949, 4.591788388000055 ], [ -74.080698803999951, 4.591792201000032 ], [ -74.080701125999951, 4.591796016000046 ], [ -74.080703377999953, 4.591799900000069 ], [ -74.080705628999965, 4.591803785000025 ], [ -74.080707881999956, 4.591807670000037 ], [ -74.08071006299997, 4.59181155400006 ], [ -74.080712313999982, 4.591815439000072 ], [ -74.080714495999985, 4.591819393000037 ], [ -74.080716676999941, 4.591823348000048 ], [ -74.080718859999934, 4.591827232000071 ], [ -74.080721038999968, 4.591831187000025 ], [ -74.080723148999937, 4.591835143000026 ], [ -74.080725331999986, 4.591839167000046 ], [ -74.080727441999954, 4.591843123000046 ], [ -74.080729553999959, 4.591847077000068 ], [ -74.080731592999939, 4.591851104000057 ], [ -74.080733703999954, 4.59185512800002 ], [ -74.080735815999958, 4.591859155000066 ], [ -74.080737854999938, 4.591863181000065 ], [ -74.080739896999944, 4.591867207000064 ], [ -74.080741936999971, 4.591871302000072 ], [ -74.080743977999987, 4.591875327000025 ], [ -74.080745948999947, 4.591879424000069 ], [ -74.080747918999975, 4.591883448000033 ], [ -74.080749957999956, 4.59188754500002 ], [ -74.080751928999973, 4.591891642000064 ], [ -74.080753898999944, 4.591895738000062 ], [ -74.080755797999984, 4.591899905000048 ], [ -74.080757769999934, 4.591903999000067 ], [ -74.080759667999985, 4.591908098000033 ], [ -74.080761637999956, 4.59191226400003 ], [ -74.080763538999975, 4.591916430000026 ], [ -74.080765437999958, 4.59192052700007 ], [ -74.080767267999988, 4.591924695000046 ], [ -74.080769167999961, 4.591928860000053 ], [ -74.080770996999945, 4.591933028000028 ], [ -74.080772896999974, 4.59193726500007 ], [ -74.080774725999959, 4.591941431000066 ], [ -74.080776554999943, 4.591945599000042 ], [ -74.080778384999974, 4.591949836000026 ], [ -74.080780143999959, 4.591954073000068 ], [ -74.080781974999979, 4.591958239000064 ], [ -74.08078373099994, 4.591962477000038 ], [ -74.080785489999982, 4.591966714000023 ], [ -74.080787250999947, 4.591970954000033 ], [ -74.08078901, 4.591975189000038 ], [ -74.080790766999939, 4.591979427000069 ], [ -74.080792526999971, 4.591983665000043 ], [ -74.080794214999969, 4.591987973000073 ], [ -74.080795904999945, 4.591992209000068 ], [ -74.080797662999942, 4.591996447000042 ], [ -74.080799350999939, 4.592000756000061 ], [ -74.080800968999938, 4.592004993000046 ], [ -74.080802658999971, 4.592009300000029 ], [ -74.080804347999958, 4.592013609000048 ], [ -74.080805965999957, 4.592017917000021 ], [ -74.080807652999965, 4.592022155000052 ], [ -74.080809271999954, 4.592026462000035 ], [ -74.080810890999942, 4.592030771000054 ], [ -74.080812507999951, 4.592035079000027 ], [ -74.08081412699994, 4.592039386000067 ], [ -74.08081567399995, 4.592043765000028 ], [ -74.080817292999939, 4.592048074000047 ], [ -74.080818841999985, 4.59205238100003 ], [ -74.080820388999939, 4.59205668900006 ], [ -74.08082193599995, 4.592061068000021 ], [ -74.080823554999938, 4.59206537600005 ], [ -74.08082503199995, 4.59206968500007 ], [ -74.08082658099994, 4.592074062000052 ], [ -74.08082812899994, 4.592078370000024 ], [ -74.080829605999952, 4.592082750000031 ], [ -74.080831152999963, 4.592087057000072 ], [ -74.080832630999964, 4.592091437000022 ], [ -74.080834107999976, 4.592095744000062 ], [ -74.080835585999978, 4.592100123000023 ], [ -74.080837063999979, 4.592104502000041 ], [ -74.080838540999935, 4.592108881000058 ], [ -74.080839946999959, 4.592113188000042 ], [ -74.080841423999971, 4.592117567000059 ], [ -74.080842832999963, 4.592121945000031 ], [ -74.080844309999975, 4.59212625300006 ], [ -74.080845716999988, 4.592130632000021 ], [ -74.080847125999981, 4.592135011000039 ], [ -74.080848531999948, 4.592139389000067 ], [ -74.08084993999995, 4.592143768000028 ], [ -74.080851274999986, 4.592148147000046 ], [ -74.080852680999953, 4.592152455000075 ], [ -74.080854088999956, 4.592156833000047 ], [ -74.080855424999982, 4.592161212000065 ], [ -74.080856761999939, 4.592165591000025 ], [ -74.080858168999953, 4.592169970000043 ], [ -74.080859506999957, 4.592174347000025 ], [ -74.080860843999972, 4.592178655000055 ], [ -74.080862180999986, 4.592183035000062 ], [ -74.080863445999967, 4.592187413000033 ], [ -74.080864783999971, 4.592191791000062 ], [ -74.08086611899995, 4.592196100000024 ], [ -74.080867384999976, 4.592200477000063 ], [ -74.080868721999934, 4.59220485700007 ], [ -74.08086998999994, 4.592209236000031 ], [ -74.080871255999966, 4.592213543000071 ], [ -74.080872520999947, 4.592217922000032 ], [ -74.080873786999973, 4.59222230000006 ], [ -74.080875054999979, 4.592226609000022 ], [ -74.080876320999948, 4.59223098700005 ], [ -74.080877586999975, 4.592235295000023 ], [ -74.08087885599997, 4.59223967500003 ], [ -74.080880050999951, 4.59224398200007 ], [ -74.080881315999989, 4.592248361000031 ], [ -74.080882512999949, 4.592252669000061 ], [ -74.080883777999986, 4.592257047000032 ], [ -74.080884974999947, 4.592261355000062 ], [ -74.080886240999973, 4.592265733000033 ], [ -74.080887435999955, 4.592270042000052 ], [ -74.080888701999982, 4.592274350000025 ], [ -74.080889899999988, 4.592278728000053 ], [ -74.080891163999979, 4.592283036000026 ], [ -74.08089235999995, 4.592287415000044 ], [ -74.080893555999978, 4.592291723000073 ], [ -74.080894821999948, 4.592296102000034 ], [ -74.080896018999965, 4.592300411000053 ], [ -74.080897284999935, 4.592304788000035 ], [ -74.080898480999963, 4.592309095000076 ], [ -74.080899747999979, 4.592313475000026 ], [ -74.08090094399995, 4.592317783000055 ], [ -74.080902209999977, 4.592322162000073 ], [ -74.080903405999948, 4.592326540000045 ], [ -74.080904671999974, 4.592330847000028 ], [ -74.080905868999935, 4.592335228000024 ], [ -74.080907134999961, 4.592339535000065 ], [ -74.080908330999989, 4.592343914000026 ], [ -74.080909596999959, 4.592348221000066 ], [ -74.080910793999976, 4.592352599000037 ], [ -74.080912060999935, 4.592356979000044 ], [ -74.080913256999963, 4.592361286000028 ], [ -74.080914521999944, 4.592365666000035 ], [ -74.080915717999972, 4.592370044000063 ], [ -74.080916914999989, 4.592374351000046 ], [ -74.080918180999959, 4.592378730000064 ], [ -74.080919376999987, 4.592383108000035 ], [ -74.080920642999956, 4.592387417000054 ], [ -74.080921839999974, 4.592391797000062 ], [ -74.080923105999943, 4.592396174000044 ], [ -74.080924300999982, 4.592400483000063 ], [ -74.080925565999962, 4.592404861000034 ], [ -74.080926761999933, 4.592409240000052 ], [ -74.080928029999939, 4.592413548000025 ], [ -74.080929224999977, 4.592417926000053 ], [ -74.080930490999947, 4.592422305000071 ], [ -74.080931686999975, 4.592426613000043 ], [ -74.080932953999934, 4.592430991000072 ], [ -74.080934149999962, 4.592435370000032 ], [ -74.080935415999988, 4.59243974900005 ], [ -74.080936611999959, 4.592444057000023 ], [ -74.080937878999976, 4.592448436000041 ], [ -74.080939074999947, 4.592452815000058 ], [ -74.080940269999985, 4.59245719300003 ], [ -74.080941535999955, 4.592461501000059 ], [ -74.080942732999972, 4.592465879000031 ], [ -74.080943998999942, 4.592470257000059 ], [ -74.080945195999959, 4.592474638000056 ], [ -74.080946461999986, 4.592479016000027 ], [ -74.080947658999946, 4.592483323000067 ], [ -74.080948924999973, 4.592487701000039 ], [ -74.080950119999954, 4.592492080000056 ], [ -74.080951386999971, 4.592496460000064 ], [ -74.080952581999952, 4.592500838000035 ], [ -74.080953778999969, 4.592505215000074 ], [ -74.080955044999939, 4.592509524000036 ], [ -74.080956239999978, 4.592513902000064 ], [ -74.080957506999937, 4.592518282000071 ], [ -74.080958702999965, 4.592522660000043 ], [ -74.080959969999981, 4.59252704000005 ], [ -74.080961165999952, 4.592531417000032 ], [ -74.080962431999978, 4.59253579500006 ], [ -74.080963628999939, 4.592540175000067 ], [ -74.080964823999977, 4.59254448300004 ], [ -74.080966089999947, 4.592548861000068 ], [ -74.080967285999975, 4.592553240000029 ], [ -74.080968551999945, 4.592557617000068 ], [ -74.080969748999962, 4.592561998000065 ], [ -74.080970944999933, 4.592566377000026 ], [ -74.08097221099996, 4.592570754000064 ], [ -74.080973406999988, 4.592575132000036 ], [ -74.080974671999968, 4.592579511000054 ], [ -74.080975869999975, 4.592583891000061 ], [ -74.080977135999944, 4.592588270000022 ], [ -74.080978331999972, 4.59259264800005 ], [ -74.080979527999943, 4.592597026000021 ], [ -74.080980794999959, 4.59260140400005 ], [ -74.080981990999987, 4.592605784000057 ], [ -74.080983255999968, 4.592610162000028 ], [ -74.080984452999985, 4.592614541000046 ], [ -74.080985648999956, 4.592618920000064 ], [ -74.080986915999972, 4.592623297000046 ], [ -74.080988109999964, 4.592627675000074 ], [ -74.080989306999982, 4.59263205600007 ], [ -74.080990572999951, 4.592636433000052 ], [ -74.080991768999979, 4.59264081200007 ], [ -74.08099303399996, 4.592645190000042 ], [ -74.080994229999988, 4.592649569000059 ], [ -74.080995426999948, 4.592653949000066 ], [ -74.080996690999939, 4.592658327000038 ], [ -74.080997887999956, 4.592662705000066 ], [ -74.080999083999984, 4.592667084000027 ], [ -74.081000349999954, 4.592671461000066 ], [ -74.081001546999971, 4.592675841000073 ], [ -74.081002742999942, 4.592680220000034 ], [ -74.081004008999969, 4.592684599000052 ], [ -74.08100520499994, 4.592688977000023 ], [ -74.081006401999957, 4.592693354000062 ], [ -74.081007668999973, 4.592697804000068 ], [ -74.081008863999955, 4.592702184000075 ], [ -74.081010059999983, 4.592706563000036 ], [ -74.081011325999953, 4.592710941000064 ], [ -74.08101252299997, 4.592715319000035 ], [ -74.081013717999951, 4.592719698000053 ], [ -74.081014913999979, 4.592724076000025 ], [ -74.081016180999939, 4.592728455000042 ], [ -74.081017376999966, 4.59273283400006 ], [ -74.081018571999948, 4.592737283000076 ], [ -74.081019837999975, 4.592741661000048 ], [ -74.081021032999956, 4.592746040000065 ], [ -74.081022229999974, 4.592750419000026 ], [ -74.081023426999934, 4.592754798000044 ], [ -74.081024691999971, 4.592759176000072 ], [ -74.081025887999942, 4.592763555000033 ], [ -74.08102708499996, 4.59276800300006 ], [ -74.081028280999988, 4.592772382000021 ], [ -74.081029545999968, 4.592776762000028 ], [ -74.081030741999939, 4.592781139000067 ], [ -74.081031937999967, 4.592785518000028 ], [ -74.081033134999984, 4.592789967000044 ], [ -74.081034400999954, 4.592794346000062 ], [ -74.081035596999982, 4.592798725000023 ], [ -74.081036791999963, 4.592803103000051 ], [ -74.08103798999997, 4.592807482000069 ], [ -74.081039185999941, 4.592811931000028 ], [ -74.081040450999978, 4.592816310000046 ], [ -74.08104164699995, 4.592820688000074 ], [ -74.081042843999967, 4.592825067000035 ], [ -74.081044039999938, 4.592829446000053 ], [ -74.081045235999966, 4.592833895000069 ], [ -74.081046431999937, 4.592838273000041 ], [ -74.081047696999974, 4.592842652000058 ], [ -74.081048892999945, 4.59284703000003 ], [ -74.081050089999962, 4.592851480000036 ], [ -74.081051285999933, 4.592855858000064 ], [ -74.081052481999961, 4.592860237000025 ], [ -74.081053677999989, 4.592864616000043 ], [ -74.08105487399996, 4.59286906400007 ], [ -74.081056070999978, 4.59287344400002 ], [ -74.081057335999958, 4.592877823000038 ], [ -74.08105853099994, 4.592882200000076 ], [ -74.081059727999957, 4.592886651000072 ], [ -74.081060923999985, 4.592891029000043 ], [ -74.081062118999967, 4.592895407000071 ], [ -74.081063314999938, 4.59289985700002 ], [ -74.081064510999965, 4.592904235000049 ], [ -74.081065706999937, 4.592908614000066 ], [ -74.081066902999964, 4.592912993000027 ], [ -74.081068098999936, 4.592917441000054 ], [ -74.081069293999974, 4.592921820000072 ], [ -74.081070491999981, 4.592926199000033 ], [ -74.081071686999962, 4.592930648000049 ], [ -74.081072882999933, 4.592935027000067 ], [ -74.081074078999961, 4.592939406000028 ], [ -74.081075273999943, 4.592943854000055 ], [ -74.08107647099996, 4.592948232000026 ], [ -74.081077666999988, 4.592952612000033 ], [ -74.081078862999959, 4.59295706100005 ], [ -74.081080058999987, 4.592961441000057 ], [ -74.081081255999948, 4.592965818000039 ], [ -74.081082451999976, 4.592970267000055 ], [ -74.081083646999957, 4.592974647000062 ], [ -74.081084842999985, 4.592979024000044 ], [ -74.081086039999946, 4.59298347400005 ], [ -74.081087235999973, 4.592987853000068 ], [ -74.081088431999945, 4.592992231000039 ], [ -74.081089626999983, 4.592996680000056 ], [ -74.081090822999954, 4.593001058000027 ], [ -74.081092019999971, 4.593005437000045 ], [ -74.081093215999942, 4.593009886000061 ], [ -74.08109441199997, 4.593014266000068 ], [ -74.081095535999964, 4.593018714000038 ], [ -74.081096731999935, 4.593023092000067 ], [ -74.081097928999952, 4.593027472000074 ], [ -74.081099123999934, 4.593031922000023 ], [ -74.081100319999962, 4.593036300000051 ], [ -74.081101515999933, 4.593040679000069 ], [ -74.08110271299995, 4.59304512600005 ], [ -74.081103836999944, 4.593049505000067 ], [ -74.081122689999972, 4.593120058000068 ], [ -74.081123886999933, 4.593124436000039 ], [ -74.08112508399995, 4.593128885000056 ], [ -74.081126208999933, 4.593133264000073 ], [ -74.081127404999961, 4.593137643000034 ], [ -74.081128600999989, 4.59314209300004 ], [ -74.081129725999972, 4.593146472000058 ], [ -74.081130921999943, 4.593150920000028 ], [ -74.081132117999971, 4.593155298000056 ], [ -74.081133243999943, 4.593159748000062 ], [ -74.081134440999961, 4.593164127000023 ], [ -74.081135565999944, 4.59316850600004 ], [ -74.081136761999971, 4.593172955000057 ], [ -74.081137957999943, 4.593177332000039 ], [ -74.081139082999982, 4.593181781000055 ], [ -74.081140279999943, 4.593186161000062 ], [ -74.081141405999972, 4.593190611000068 ], [ -74.081142600999954, 4.59319498900004 ], [ -74.081143725999937, 4.593199438000056 ], [ -74.081144922999954, 4.593203816000027 ], [ -74.081146048999983, 4.593208265000044 ], [ -74.081147244999954, 4.59321264600004 ], [ -74.081148368999948, 4.593217023000022 ], [ -74.081149564999976, 4.593221472000039 ], [ -74.081150691999937, 4.593225850000067 ], [ -74.081151887999965, 4.593230300000073 ], [ -74.081153013999938, 4.593234679000034 ], [ -74.081154137999988, 4.59323912800005 ], [ -74.081155335999938, 4.593243507000068 ], [ -74.081156460999978, 4.593247957000074 ], [ -74.081157655999959, 4.593252335000045 ], [ -74.081158780999942, 4.593256785000051 ], [ -74.081159907999961, 4.593261161000044 ], [ -74.081161103999989, 4.593265613000028 ], [ -74.081162229999961, 4.593269991000057 ], [ -74.081163355999934, 4.593274370000074 ], [ -74.081164550999972, 4.593278819000034 ], [ -74.081165675999955, 4.593283197000062 ], [ -74.081166802999974, 4.593287646000022 ], [ -74.081167997999955, 4.593292025000039 ], [ -74.081169122999938, 4.593296475000045 ], [ -74.081170247999978, 4.593300854000063 ], [ -74.08117137399995, 4.593305302000033 ], [ -74.081172570999968, 4.593309681000051 ], [ -74.081173694999961, 4.593314129000021 ], [ -74.081174820999934, 4.593318508000038 ], [ -74.081175945999973, 4.593322958000044 ], [ -74.081177142999934, 4.593327336000073 ], [ -74.081178267999974, 4.593331786000022 ], [ -74.081179393999946, 4.59333616400005 ], [ -74.08118051799994, 4.59334061200002 ], [ -74.081181644999958, 4.593344992000027 ], [ -74.081182768999952, 4.593349441000043 ], [ -74.081183965999969, 4.593353821000051 ], [ -74.081185091999942, 4.593358199000022 ], [ -74.081186217999971, 4.593362648000038 ], [ -74.081187342999954, 4.59336702500002 ], [ -74.081188468999983, 4.593371475000026 ], [ -74.081189593999966, 4.593375855000033 ], [ -74.081190719999938, 4.59338030300006 ], [ -74.081191845999967, 4.593384682000021 ], [ -74.081192969999961, 4.593389131000038 ], [ -74.08119409699998, 4.593393508000077 ], [ -74.081195221999963, 4.593397959000072 ], [ -74.081196347999935, 4.593402338000033 ], [ -74.081197472999975, 4.593406787000049 ], [ -74.081198597999958, 4.593411166000067 ], [ -74.081199724999976, 4.593415615000026 ], [ -74.081200849999959, 4.593419994000044 ], [ -74.081201974999942, 4.593424442000071 ], [ -74.081203100999971, 4.593428821000032 ], [ -74.081204226999944, 4.593433271000038 ], [ -74.081205353999962, 4.593437649000066 ], [ -74.081206477999956, 4.593442099000072 ], [ -74.081207603999985, 4.593446476000054 ], [ -74.081208658999969, 4.59345092600006 ], [ -74.081209784999942, 4.593455304000031 ], [ -74.081210909999982, 4.593459684000038 ], [ -74.081212035999954, 4.593464133000055 ], [ -74.081213161999983, 4.593468511000026 ], [ -74.081214218999946, 4.593472960000042 ], [ -74.081215343999986, 4.59347733900006 ], [ -74.081216468999969, 4.593481788000076 ], [ -74.081217593999952, 4.593486167000037 ], [ -74.081218647999947, 4.593490616000054 ], [ -74.081219774999965, 4.593494994000025 ], [ -74.081220900999938, 4.593499444000031 ], [ -74.081222026999967, 4.593503823000049 ], [ -74.081223080999962, 4.593508271000076 ], [ -74.081224206999934, 4.593512649000047 ], [ -74.081225333999953, 4.593517099000053 ], [ -74.081226388999937, 4.593521478000071 ], [ -74.081227513999977, 4.59352592700003 ], [ -74.08122863799997, 4.593530306000048 ], [ -74.081229693999944, 4.593534685000066 ], [ -74.081230818999984, 4.593539133000036 ], [ -74.081231874999958, 4.593543512000053 ], [ -74.081233, 4.593547962000059 ], [ -74.081234054999982, 4.593552339000041 ], [ -74.081235181999944, 4.593556790000036 ], [ -74.081236237999974, 4.593561167000075 ], [ -74.081237362999957, 4.593565617000024 ], [ -74.081238417999941, 4.593569995000053 ], [ -74.081239542999981, 4.593574444000069 ], [ -74.081240597999965, 4.59357882300003 ], [ -74.081241723999938, 4.593583203000037 ], [ -74.081242777999989, 4.593587652000053 ], [ -74.081243903999962, 4.593592030000025 ], [ -74.081244958999946, 4.593596479000041 ], [ -74.081246013999987, 4.593600857000069 ], [ -74.08124713899997, 4.593605307000075 ], [ -74.081248194999944, 4.593609686000036 ], [ -74.081249250999974, 4.593614135000053 ], [ -74.081250375999957, 4.593618512000035 ], [ -74.081251430999941, 4.593622891000052 ], [ -74.081252484999936, 4.593627341000058 ], [ -74.081253611999955, 4.593631720000076 ], [ -74.081254666999939, 4.593636168000046 ], [ -74.081255720999934, 4.593640548000053 ], [ -74.081256776999965, 4.593644998000059 ], [ -74.081257902999937, 4.593649375000041 ], [ -74.081258958999967, 4.593653753000069 ], [ -74.081260012999962, 4.593658203000075 ], [ -74.081261068999936, 4.593662581000046 ], [ -74.081262124999967, 4.593667031000052 ], [ -74.081263247999971, 4.593671409000024 ], [ -74.081264303999944, 4.59367585800004 ], [ -74.081265359999975, 4.593680237000058 ], [ -74.081266414999959, 4.593684616000075 ], [ -74.081267470999933, 4.593689065000035 ], [ -74.081268525999974, 4.593693443000063 ], [ -74.081269581999948, 4.593697894000059 ], [ -74.081270636999989, 4.59370227200003 ], [ -74.081271691999973, 4.593706649000069 ], [ -74.081272746999957, 4.593711098000028 ], [ -74.081273801999941, 4.593715478000036 ], [ -74.081274857999972, 4.593719928000041 ], [ -74.081275912999956, 4.593724305000023 ], [ -74.081276968999987, 4.593728684000041 ], [ -74.081278023999971, 4.593733133000057 ], [ -74.081279078999955, 4.593737511000029 ], [ -74.08128013299995, 4.593741891000036 ], [ -74.081281117999936, 4.593746340000052 ], [ -74.081282173999966, 4.59375071900007 ], [ -74.081283227999961, 4.59375516800003 ], [ -74.081284283999935, 4.593759549000026 ], [ -74.081285337999986, 4.593763924000029 ], [ -74.08128639399996, 4.593768373000046 ], [ -74.081287378999946, 4.593772752000064 ], [ -74.081288434999976, 4.593777132000071 ], [ -74.081289488999971, 4.59378158100003 ], [ -74.081290542999966, 4.593785960000048 ], [ -74.081291529999987, 4.59379033700003 ], [ -74.081292584999971, 4.593794786000046 ], [ -74.081293639999956, 4.593799165000064 ], [ -74.081294624999941, 4.593803544000025 ], [ -74.081295679999982, 4.593807993000041 ], [ -74.081296665999957, 4.593812372000059 ], [ -74.081297720999942, 4.59381675100002 ], [ -74.081298775999983, 4.593821199000047 ], [ -74.081299760999968, 4.593825577000075 ], [ -74.081300815999953, 4.593829958000072 ], [ -74.081301799999949, 4.593834406000042 ], [ -74.081302855999979, 4.59383878400007 ], [ -74.081303839999975, 4.59384316400002 ], [ -74.08130489399997, 4.593847611000058 ], [ -74.081305879999945, 4.593851992000054 ], [ -74.081306934999986, 4.593856370000026 ], [ -74.081307919999972, 4.593860820000032 ], [ -74.081308905999947, 4.59386519800006 ], [ -74.081309959999942, 4.593869576000031 ], [ -74.081310944999984, 4.593873955000049 ], [ -74.081311998999979, 4.593878403000076 ], [ -74.081312983999965, 4.593882782000037 ], [ -74.08131396999994, 4.593887163000034 ], [ -74.081315024999981, 4.593891610000071 ], [ -74.081316010999956, 4.593895989000032 ], [ -74.081316994999952, 4.59390036800005 ], [ -74.081317980999984, 4.593904746000021 ], [ -74.081319034999979, 4.593909196000027 ], [ -74.081320020999954, 4.593913573000066 ], [ -74.08132100499995, 4.593917953000073 ], [ -74.081321988999946, 4.593922332000034 ], [ -74.081322972999942, 4.593926780000061 ], [ -74.081323957999984, 4.593931159000022 ], [ -74.081324943999959, 4.59393553600006 ], [ -74.081325998999944, 4.593939916000068 ], [ -74.081326983999986, 4.593944296000075 ], [ -74.081327966999936, 4.593948745000034 ], [ -74.081328952999968, 4.593953122000073 ], [ -74.081329937999953, 4.593957501000034 ], [ -74.081330923999985, 4.593961880000052 ], [ -74.081331908999971, 4.593966328000022 ], [ -74.081332893999956, 4.59397070700004 ], [ -74.081333877999953, 4.593975086000057 ], [ -74.08133479299994, 4.593979466000064 ], [ -74.081335776999936, 4.593983845000025 ], [ -74.081336761999978, 4.593988293000052 ], [ -74.081337745999974, 4.593992671000024 ], [ -74.08133873099996, 4.593997050000041 ], [ -74.081339715999945, 4.59400142800007 ], [ -74.081340700999988, 4.59400580800002 ], [ -74.081341615999975, 4.594010185000059 ], [ -74.08134260099996, 4.594014635000065 ], [ -74.081343584999956, 4.594019014000025 ], [ -74.081344569999942, 4.594023391000064 ], [ -74.081345484999986, 4.594027770000025 ], [ -74.081346469999971, 4.594032149000043 ], [ -74.081347454999957, 4.59403652900005 ], [ -74.081348369999944, 4.594040907000021 ], [ -74.08134935399994, 4.594045355000048 ], [ -74.081350268999984, 4.59404973300002 ], [ -74.081351253999969, 4.594054113000027 ], [ -74.081352238999955, 4.594058493000034 ], [ -74.081353151999963, 4.594062872000052 ], [ -74.081354136999948, 4.594067248000044 ], [ -74.081355050999946, 4.594071628000052 ], [ -74.081356034999942, 4.594076007000069 ], [ -74.081356950999975, 4.594080383000062 ], [ -74.081357935999961, 4.594084762000023 ], [ -74.081358851999937, 4.594089212000029 ], [ -74.081359764999945, 4.594093592000036 ], [ -74.081360749999988, 4.594097970000064 ], [ -74.081361662999939, 4.594102348000035 ], [ -74.081362577999982, 4.594106727000053 ], [ -74.081363561999979, 4.594111105000025 ], [ -74.081364477999955, 4.594115484000042 ], [ -74.081365391999952, 4.59411986200007 ], [ -74.081366377999984, 4.594124241000031 ], [ -74.081367291999982, 4.594128620000049 ], [ -74.081368206999969, 4.594132998000021 ], [ -74.081369120999966, 4.594137376000049 ], [ -74.081370035999953, 4.59414175400002 ], [ -74.081371019999949, 4.594146133000038 ], [ -74.081371933999947, 4.594150513000045 ], [ -74.081372847999944, 4.594154890000027 ], [ -74.081373762999988, 4.594159270000034 ], [ -74.081374676999985, 4.594163649000052 ], [ -74.081375592999962, 4.594168025000045 ], [ -74.08137650599997, 4.594172404000062 ], [ -74.081377421999946, 4.594176784000069 ], [ -74.081378335999943, 4.594181162000041 ], [ -74.081379250999987, 4.594185543000037 ], [ -74.081380163999938, 4.594189920000076 ], [ -74.081381078999982, 4.594194297000058 ], [ -74.081381993999969, 4.594198676000076 ], [ -74.081382836999978, 4.594203054000047 ], [ -74.081383751999965, 4.594207433000065 ], [ -74.081384665999963, 4.594211812000026 ], [ -74.08138558099995, 4.594216121000045 ], [ -74.081386495999936, 4.594220499000073 ], [ -74.081387340999981, 4.594224877000045 ], [ -74.081388254999979, 4.594229255000073 ], [ -74.081389168999976, 4.594233635000023 ], [ -74.081390081999984, 4.59423801500003 ], [ -74.081390926999973, 4.594242392000069 ], [ -74.08139184099997, 4.59424677100003 ], [ -74.081392754999968, 4.594251150000048 ], [ -74.081393600999945, 4.594255456000042 ], [ -74.081394514999943, 4.594259835000059 ], [ -74.081395359999988, 4.59426421400002 ], [ -74.081396273999985, 4.594268594000027 ], [ -74.081397115999948, 4.594272972000056 ], [ -74.081398029999946, 4.594277350000027 ], [ -74.08139887599998, 4.594281657000067 ], [ -74.081399788999988, 4.594286036000028 ], [ -74.081400634999966, 4.594290415000046 ], [ -74.081401478999965, 4.594294794000064 ], [ -74.081402393999952, 4.594299173000024 ], [ -74.081403236999961, 4.594303480000065 ], [ -74.081404081999949, 4.594307859000025 ], [ -74.081404994999957, 4.594312236000064 ], [ -74.081405838999956, 4.594316614000036 ], [ -74.081406683999944, 4.594320996000022 ], [ -74.081407596999952, 4.594325303000062 ], [ -74.081408442999987, 4.594329682000023 ], [ -74.081409285999939, 4.594334060000051 ], [ -74.081410131999974, 4.594338437000033 ], [ -74.081410973999937, 4.594342745000063 ], [ -74.081411818999982, 4.59434712500007 ], [ -74.081412661999934, 4.594351504000031 ], [ -74.081413506999979, 4.59435581200006 ], [ -74.081414420999977, 4.594360190000032 ], [ -74.081415266999954, 4.594364569000049 ], [ -74.081416108999974, 4.594368946000031 ], [ -74.081416883999964, 4.594373254000061 ], [ -74.081417726999973, 4.594377635000058 ], [ -74.081418570999972, 4.59438201200004 ], [ -74.081419414999971, 4.594386320000069 ], [ -74.08142025899997, 4.59439069900003 ], [ -74.081421102999968, 4.594395076000069 ], [ -74.081421947999957, 4.594399384000042 ], [ -74.081422792999945, 4.594403765000038 ], [ -74.081423564999966, 4.594408072000022 ], [ -74.081424410999944, 4.594412451000039 ], [ -74.081425252999964, 4.594416829000068 ], [ -74.081426096999962, 4.59442113700004 ], [ -74.081426871999952, 4.594425515000069 ], [ -74.08142771699994, 4.594429823000041 ], [ -74.081428489999951, 4.594434203000048 ], [ -74.08142933299996, 4.59443858100002 ], [ -74.081430176999959, 4.594442889000049 ], [ -74.081430949999969, 4.594447268000067 ], [ -74.081431793999968, 4.594451575000051 ], [ -74.081432568999958, 4.594455953000022 ], [ -74.081433414999935, 4.594460261000052 ], [ -74.081434186999957, 4.594464641000059 ], [ -74.081435030999955, 4.594468948000042 ], [ -74.081435803999966, 4.59447332700006 ], [ -74.081436577999966, 4.594477635000032 ], [ -74.081437421999965, 4.59448201400005 ], [ -74.081438196999954, 4.594486321000034 ], [ -74.081438971999944, 4.594490700000051 ], [ -74.081439812999974, 4.59449500900007 ], [ -74.081440586999975, 4.594499386000052 ], [ -74.081441361999964, 4.594503695000071 ], [ -74.081442134999975, 4.594508072000053 ], [ -74.081442908999975, 4.594512380000026 ], [ -74.081443752999974, 4.594516759000044 ], [ -74.081444526999974, 4.594521068000063 ], [ -74.081445300999974, 4.594525375000046 ], [ -74.081446073999984, 4.594529754000064 ], [ -74.081446846999938, 4.594534062000037 ], [ -74.081447620999938, 4.594538439000075 ], [ -74.081448395999985, 4.594542748000038 ], [ -74.081449168999939, 4.594547057000057 ], [ -74.081449730999964, 4.59455136400004 ], [ -74.081450082999936, 4.59455560300006 ], [ -74.081450152999935, 4.594559839000055 ], [ -74.081450011999948, 4.594564007000031 ], [ -74.081449588999988, 4.594568171000049 ], [ -74.081449024999984, 4.594572268000036 ], [ -74.081448251999973, 4.594576293000046 ], [ -74.081447194999953, 4.594580319000045 ], [ -74.081445997999936, 4.594584344000054 ], [ -74.081444659999988, 4.594588298000076 ], [ -74.081443110999942, 4.594592183000032 ], [ -74.081441351999956, 4.594596066000065 ], [ -74.081439451999984, 4.594599950000031 ], [ -74.081437410999968, 4.594603766000034 ], [ -74.081435226999986, 4.594607577000033 ], [ -74.081432833999941, 4.594611391000058 ], [ -74.081430371999943, 4.594615133000048 ], [ -74.08142776699998, 4.594618946000026 ], [ -74.081425091999961, 4.594622618000074 ], [ -74.081422275999955, 4.594626360000063 ], [ -74.081419320999942, 4.594630032000055 ], [ -74.081416293999951, 4.594633704000046 ], [ -74.081413195999971, 4.594637376000037 ], [ -74.081410028999983, 4.594641049000074 ], [ -74.081406791999939, 4.594644649000031 ], [ -74.081403482999974, 4.594648321000022 ], [ -74.081400104999943, 4.594651922000025 ], [ -74.08139672599998, 4.594655524000075 ], [ -74.08139327799995, 4.594659195000077 ], [ -74.081389759999979, 4.594662797000069 ], [ -74.081386240999962, 4.594666398000072 ], [ -74.081382719999965, 4.594669999000075 ], [ -74.081379200999947, 4.594673601000068 ], [ -74.08137568099994, 4.594677201000025 ], [ -74.081372162999969, 4.594680803000074 ], [ -74.081368644999941, 4.594684405000066 ], [ -74.081365195999979, 4.594688078000047 ], [ -74.08136174699996, 4.594691680000039 ], [ -74.081358295999962, 4.594695350000052 ], [ -74.081354918999978, 4.594698952000044 ], [ -74.081351609999956, 4.594702624000035 ], [ -74.081348371999979, 4.594706296000027 ], [ -74.081345204999934, 4.594710038000073 ], [ -74.081342106999955, 4.594713710000065 ], [ -74.081339079999964, 4.594717453000044 ], [ -74.081336194999949, 4.594721195000034 ], [ -74.081333380999979, 4.59472493800007 ], [ -74.081330636999951, 4.594728752000037 ], [ -74.081328031999988, 4.594732565000072 ], [ -74.081325566999965, 4.59473637800005 ], [ -74.081323244999965, 4.594740262000073 ], [ -74.081320920999985, 4.594744146000039 ], [ -74.081318599999975, 4.594748030000062 ], [ -74.081316345999937, 4.594751914000028 ], [ -74.081314023999937, 4.594755796000072 ], [ -74.081311771999935, 4.594759680000038 ], [ -74.081309518999944, 4.594763635000049 ], [ -74.081307266999943, 4.594767520000062 ], [ -74.081305013999952, 4.594771474000027 ], [ -74.081302831999949, 4.594775358000049 ], [ -74.081300578999958, 4.59477931300006 ], [ -74.081298396999955, 4.594783268000072 ], [ -74.081296213999963, 4.594787221000047 ], [ -74.081293962999951, 4.594791176000058 ], [ -74.081291780999948, 4.594795130000023 ], [ -74.081289597999955, 4.594799086000023 ], [ -74.081287416999942, 4.594803040000045 ], [ -74.081285303999948, 4.594806994000066 ], [ -74.081283122999935, 4.594810948000031 ], [ -74.081280937999963, 4.594814902000053 ], [ -74.081278828999984, 4.594818858000053 ], [ -74.081276645999935, 4.594822812000075 ], [ -74.081274464999979, 4.594826837000028 ], [ -74.081272351999985, 4.594830792000039 ], [ -74.081270170999971, 4.59483474700005 ], [ -74.081268058999967, 4.594838773000049 ], [ -74.081265876999964, 4.59484272800006 ], [ -74.08126376499996, 4.594846682000025 ], [ -74.081261654999935, 4.594850706000045 ], [ -74.081259469999964, 4.594854661000056 ], [ -74.081257360999984, 4.594858616000067 ], [ -74.081255176999946, 4.59486264100002 ], [ -74.081253067999967, 4.594866596000031 ], [ -74.081250882999939, 4.594870551000042 ], [ -74.08124877299997, 4.594874506000053 ], [ -74.081246588999988, 4.594878530000074 ], [ -74.081244406999986, 4.594882484000038 ], [ -74.081242295999971, 4.594886439000049 ], [ -74.081240114999957, 4.59489039400006 ], [ -74.081237931999965, 4.594894349000072 ], [ -74.081235749999962, 4.594898304000026 ], [ -74.081233567999959, 4.594902258000047 ], [ -74.081231384999967, 4.594906213000058 ], [ -74.081229204999943, 4.594910166000034 ], [ -74.081226949999973, 4.594914122000034 ], [ -74.081224769999949, 4.594918076000056 ], [ -74.081222515999968, 4.594921960000022 ], [ -74.081220334999955, 4.594925915000033 ], [ -74.081218081999964, 4.594929799000056 ], [ -74.081215828999973, 4.594933754000067 ], [ -74.081213577999961, 4.594937637000044 ], [ -74.081211325999959, 4.594941591000065 ], [ -74.081209073999958, 4.594945475000031 ], [ -74.081206748999989, 4.594949358000065 ], [ -74.081204496999987, 4.594953314000065 ], [ -74.08120224399994, 4.594957198000031 ], [ -74.081199991999938, 4.594961152000053 ], [ -74.081197739999936, 4.594965036000076 ], [ -74.081195485999956, 4.594968920000042 ], [ -74.081193234999944, 4.594972874000064 ], [ -74.081190981999953, 4.59497675800003 ], [ -74.081188729999951, 4.594980642000053 ], [ -74.081186475999971, 4.594984597000064 ], [ -74.081184223999969, 4.59498848100003 ], [ -74.081181972999957, 4.594992435000052 ], [ -74.081179718999977, 4.594996319000074 ], [ -74.081177467999964, 4.595000274000029 ], [ -74.081175213999984, 4.595004158000052 ], [ -74.081172961999982, 4.595008042000075 ], [ -74.081170708999935, 4.595011997000029 ], [ -74.081168456999933, 4.595015879000073 ], [ -74.081166203999942, 4.595019833000038 ], [ -74.08116395199994, 4.595023717000061 ], [ -74.081161699999939, 4.595027673000061 ], [ -74.081159447999937, 4.595031557000027 ], [ -74.081157194999946, 4.59503544100005 ], [ -74.081154942999945, 4.595039396000061 ], [ -74.081152688999964, 4.595043280000027 ], [ -74.081150436999962, 4.595047233000059 ], [ -74.081148184999961, 4.595051117000025 ], [ -74.081145932999959, 4.595055072000036 ], [ -74.081143679999968, 4.595058957000049 ], [ -74.081141427999967, 4.59506291100007 ], [ -74.081139033999989, 4.595067077000067 ], [ -74.081793363999964, 4.595464808000031 ], [ -74.083165475999976, 4.595817202000035 ], [ -74.083800784999937, 4.596333664000042 ], [ -74.083932213999958, 4.596440507000068 ], [ -74.08469895099995, 4.597063810000066 ], [ -74.084782638999968, 4.596962760000054 ], [ -74.084880403999989, 4.596844832000045 ], [ -74.084916513999985, 4.596795190000023 ], [ -74.085319757999969, 4.596237959000064 ], [ -74.085927745999982, 4.595511398000042 ], [ -74.086211610999953, 4.595172234000074 ], [ -74.087408297999957, 4.593742202000044 ], [ -74.088534101999983, 4.592396976000032 ], [ -74.088934801999983, 4.591918135000071 ], [ -74.089004904999967, 4.59181955400004 ], [ -74.090716059999977, 4.592532271000039 ], [ -74.096528793999937, 4.594190372000071 ], [ -74.099084557999959, 4.594919378000043 ], [ -74.10205469999994, 4.594800814000052 ], [ -74.102497796999955, 4.594793502000073 ], [ -74.102702806999957, 4.594789844000047 ], [ -74.102944482999987, 4.594771499000046 ], [ -74.103116628999942, 4.59472002900003 ], [ -74.103204464999976, 4.594661278000046 ], [ -74.103614592999975, 4.595087504000048 ], [ -74.103615367999964, 4.595090822000031 ], [ -74.103669471999979, 4.595304313000042 ], [ -74.103706058999933, 4.595454952000068 ], [ -74.104028289999974, 4.595840775000056 ], [ -74.104456088999939, 4.596198922000042 ], [ -74.106384121999952, 4.597705608000069 ], [ -74.10707301399998, 4.598243995000075 ], [ -74.106140181999933, 4.598934606000057 ], [ -74.105769707999968, 4.599208881000038 ], [ -74.105673766999985, 4.599279912000043 ], [ -74.105207349999944, 4.599625216000049 ], [ -74.104090750999944, 4.600451617000033 ], [ -74.102112739999939, 4.602005277000046 ], [ -74.101486896999972, 4.602575635000051 ], [ -74.100634346999982, 4.603406568000025 ], [ -74.100368438999965, 4.603665798000065 ], [ -74.099821764999945, 4.604287857000031 ], [ -74.099120248999952, 4.605019929000036 ], [ -74.098989474999939, 4.605181572000049 ], [ -74.097883863999982, 4.606548140000029 ], [ -74.096240717999933, 4.60857913500007 ], [ -74.093636989999936, 4.611797245000048 ], [ -74.093547211999976, 4.61190820500002 ], [ -74.092371453999988, 4.613361399000041 ], [ -74.090847159999953, 4.615245501000061 ], [ -74.089086284999951, 4.617421876000037 ], [ -74.088378890999934, 4.61829616700004 ], [ -74.086434850999979, 4.620698859000072 ], [ -74.084975421999957, 4.622502729000075 ], [ -74.083999064999944, 4.623709403000021 ], [ -74.083198956999979, 4.624698296000076 ], [ -74.082857787999956, 4.625046988000065 ], [ -74.082256739999934, 4.625752502000068 ], [ -74.082094774999973, 4.625957779000032 ], [ -74.081941324999946, 4.626154514000064 ], [ -74.081472462999955, 4.626744644000041 ], [ -74.081131561999939, 4.627230197000074 ], [ -74.081046177999951, 4.627351869000051 ], [ -74.080756301999941, 4.627830790000075 ], [ -74.080513297999971, 4.628339728000071 ], [ -74.080291614999965, 4.62885290600002 ], [ -74.080197836999957, 4.629152259000023 ], [ -74.080087022999976, 4.629494334000071 ], [ -74.080033368999977, 4.629728932000035 ], [ -74.079993163999973, 4.629904914000065 ], [ -74.079951051999956, 4.630124681000041 ], [ -74.079907885999944, 4.630349674000058 ], [ -74.079831111999965, 4.630922754000039 ], [ -74.079775660999985, 4.631517162000023 ], [ -74.079741487999968, 4.631884954000043 ], [ -74.079707372999962, 4.63236389900004 ], [ -74.079640277999943, 4.63325519700004 ], [ -74.079640137999945, 4.633259010000074 ], [ -74.079631535999965, 4.633417766000036 ], [ -74.079616740999938, 4.633557311000061 ], [ -74.07958989499997, 4.633862317000023 ], [ -74.079582989999949, 4.633923476000064 ], [ -74.079580170999975, 4.633948051000061 ], [ -74.079572765999956, 4.634100167000042 ], [ -74.079557055999942, 4.634239219000051 ], [ -74.079535348999968, 4.634543309000037 ], [ -74.079530906999935, 4.63460107700007 ], [ -74.079513077999934, 4.634832569000025 ], [ -74.079479817999982, 4.635214554000072 ], [ -74.079428465999968, 4.63590296700005 ], [ -74.079421809999985, 4.635992208000062 ], [ -74.079402079999966, 4.636256696000032 ], [ -74.079350256999987, 4.637146723000058 ], [ -74.079291055999988, 4.637929266000071 ], [ -74.07926138299996, 4.638307507000036 ], [ -74.079242914999952, 4.638589425000021 ], [ -74.079176298999982, 4.639590750000025 ], [ -74.079111526999952, 4.64044665800003 ], [ -74.079098560999967, 4.640617991000056 ], [ -74.079024550999975, 4.641660133000073 ], [ -74.078953565999939, 4.642714847000036 ], [ -74.078816701999983, 4.644717873000047 ], [ -74.078810038999961, 4.644815382000047 ], [ -74.078319778999969, 4.651990391000027 ], [ -74.078319357999987, 4.651994487000024 ], [ -74.078180128999975, 4.653427155000031 ], [ -74.077871230999961, 4.65660590300007 ], [ -74.077869047999968, 4.656618685000069 ], [ -74.077770095999938, 4.657203414000037 ], [ -74.07750475399996, 4.658485645000042 ], [ -74.077475740999944, 4.65862575400007 ], [ -74.077471729999957, 4.658624412000052 ], [ -74.077151396999966, 4.660098090000076 ], [ -74.076656716999935, 4.662254511000071 ], [ -74.076313526999968, 4.663523243000043 ], [ -74.076271559999952, 4.663678394000044 ], [ -74.076209540999969, 4.66378092900004 ], [ -74.075803464999979, 4.664711452000063 ], [ -74.075739640999984, 4.664810661000047 ], [ -74.075259440999957, 4.665557076000027 ], [ -74.073368955999968, 4.667734734000021 ], [ -74.072248840999976, 4.669088405000025 ], [ -74.071301044999984, 4.670274722000045 ], [ -74.070064570999989, 4.671683457000029 ], [ -74.069328045999953, 4.672422204000043 ], [ -74.068278504999967, 4.673271785000054 ], [ -74.067392840999958, 4.673929792000024 ], [ -74.066572822999944, 4.674397161000059 ], [ -74.065954348999981, 4.674749661000021 ], [ -74.062078653999947, 4.676958604000049 ], [ -74.061132741999984, 4.677497727000059 ], [ -74.059729434999952, 4.678297545000021 ], [ -74.058589949999941, 4.678924007000035 ], [ -74.058483045999935, 4.679553876000057 ], [ -74.058442312999944, 4.679793870000026 ], [ -74.05843723299995, 4.679823801000055 ], [ -74.057247039999936, 4.686836304000053 ], [ -74.052204342999971, 4.685903753000048 ], [ -74.050016377999953, 4.68548168500007 ], [ -74.048361391999947, 4.684975301000065 ], [ -74.048199303999979, 4.684900276000064 ], [ -74.046902811999985, 4.68430022900003 ], [ -74.046385274999977, 4.684056971000075 ], [ -74.04331240099998, 4.682612619000054 ], [ -74.038263556999937, 4.679968688000031 ], [ -74.038149057999988, 4.679917755000076 ], [ -74.038060551999934, 4.67987839400007 ], [ -74.037993554999957, 4.679848597000046 ] ] ], [ [ [ -74.022027935999972, 4.673227071000042 ], [ -74.013481160999959, 4.667784107000045 ], [ -74.00978470299998, 4.665430001000061 ], [ -74.009784891999971, 4.664501624000025 ], [ -74.010503065999956, 4.663572898000041 ], [ -74.010507850999943, 4.663572122000062 ], [ -74.010772637999935, 4.66356617200006 ], [ -74.010881799999936, 4.663577989000032 ], [ -74.010887852999986, 4.663578623000035 ], [ -74.011038048999978, 4.663594828000043 ], [ -74.011327662999975, 4.663680550000038 ], [ -74.01157012799996, 4.663715343000035 ], [ -74.011703145999945, 4.663746938000031 ], [ -74.012038372999939, 4.663808585000027 ], [ -74.012437569999975, 4.663909088000025 ], [ -74.012859157999969, 4.663974498000073 ], [ -74.013250844999959, 4.663982980000071 ], [ -74.013649484999974, 4.664049019000061 ], [ -74.013896468999974, 4.664020255000025 ], [ -74.014240378999943, 4.663943416000052 ], [ -74.01449778999995, 4.663856957000064 ], [ -74.014789151999935, 4.663638373000026 ], [ -74.014807409999946, 4.664927486000067 ], [ -74.015843367999935, 4.665424858000051 ], [ -74.017240090999962, 4.663852269000074 ], [ -74.019942494999952, 4.665660674000037 ], [ -74.020879829999956, 4.663626978000025 ], [ -74.021564490999936, 4.663807897000027 ], [ -74.021970072999977, 4.662904028000071 ], [ -74.023878450999973, 4.662956714000074 ], [ -74.024033817999964, 4.664716818000045 ], [ -74.022697491999963, 4.664786556000024 ], [ -74.02285249199997, 4.665480433000027 ], [ -74.025482883999985, 4.667062818000034 ], [ -74.026987024999983, 4.669259674000045 ], [ -74.025824563999947, 4.670760010000038 ], [ -74.026049766999961, 4.670922761000043 ], [ -74.025635099999988, 4.672260523000034 ], [ -74.024635201999956, 4.671546223000064 ], [ -74.023504321999951, 4.67273018000003 ], [ -74.023486255999956, 4.672992320000048 ], [ -74.023121209999942, 4.673923315000025 ], [ -74.02248590399995, 4.673518725000065 ], [ -74.022027935999972, 4.673227071000042 ] ] ] ] } },
{ "type": "Feature", "properties": { "objectid": 2, "nombre": "Usaquen", "zona": "Usaquen/Auto. Norte", "lim_norte": "Calle 245", "lim_sur": "Calle 100", "lim_este": "Cerros Orientales", "lim_oeste": "Autopista Norte", "color": "Verde", "letra": "B", "rango": "900-999", "globalid": "{0105AE38-F8A0-4678-A617-8F9F504B661F}", "shape_Length": 0.54041321181600088, "shape_Area": 0.0046409320000898027 }, "geometry": { "type": "MultiPolygon", "coordinates": [ [ [ [ -74.04099406399996, 4.827446675000033 ], [ -74.040972034999982, 4.827354841000044 ], [ -74.040971389999982, 4.827352154000039 ], [ -74.040882133999958, 4.826980069000058 ], [ -74.04083613499995, 4.826714459000073 ], [ -74.040788297999939, 4.826497293000045 ], [ -74.038111820999973, 4.826042542000039 ], [ -74.03797693599995, 4.826010955000072 ], [ -74.037482525999962, 4.825935447000063 ], [ -74.037479464999933, 4.825935101000027 ], [ -74.036848722999935, 4.825863660000039 ], [ -74.036251250999953, 4.825766312000042 ], [ -74.035626117999982, 4.825634781000076 ], [ -74.035031158999971, 4.825528117000033 ], [ -74.035020479999957, 4.825526202000049 ], [ -74.035019490999957, 4.825526176000039 ], [ -74.035018820999937, 4.825526065000076 ], [ -74.03501313299995, 4.825525120000066 ], [ -74.03501128399995, 4.825524812000026 ], [ -74.035012587999972, 4.825518560000035 ], [ -74.035181504999969, 4.824711554000032 ], [ -74.035187009999959, 4.824679285000059 ], [ -74.035401640999964, 4.823088513000073 ], [ -74.03553220799995, 4.820687668000062 ], [ -74.034632099999953, 4.820694328000059 ], [ -74.03315276099994, 4.820691062000037 ], [ -74.031326853999985, 4.820687027000076 ], [ -74.031316511999989, 4.820653821000064 ], [ -74.031302431999961, 4.820559432000039 ], [ -74.031293424999944, 4.820463915000062 ], [ -74.031279908999977, 4.820372918000032 ], [ -74.031255686999941, 4.820272312000043 ], [ -74.031244988999958, 4.82019092400003 ], [ -74.031212314999948, 4.820105014000035 ], [ -74.031198798999981, 4.820014017000062 ], [ -74.031193171999973, 4.819912847000069 ], [ -74.031185291999975, 4.81979076500005 ], [ -74.031165022999971, 4.819579384000065 ], [ -74.03115939199995, 4.819533603000025 ], [ -74.031152072999987, 4.819443736000039 ], [ -74.031136308999976, 4.81927078700005 ], [ -74.031134674999976, 4.81917588400006 ], [ -74.031074597999975, 4.818703486000061 ], [ -74.031070648999957, 4.818672432000028 ], [ -74.030988853999986, 4.818029270000068 ], [ -74.03094639699998, 4.81769541400007 ], [ -74.030846830999963, 4.815992806000054 ], [ -74.030857968999953, 4.81550941200004 ], [ -74.03089777699995, 4.813759660000073 ], [ -74.030999190999978, 4.812744513000041 ], [ -74.031038524999985, 4.812453633000075 ], [ -74.030996097999946, 4.81232248200007 ], [ -74.030921530999933, 4.812014001000023 ], [ -74.030865180999967, 4.811788147000073 ], [ -74.030798697999955, 4.811541529000067 ], [ -74.030745870999965, 4.811307130000046 ], [ -74.030709431999981, 4.811148298000035 ], [ -74.03066505299995, 4.810910018000072 ], [ -74.030592263999949, 4.810494685000037 ], [ -74.030559361999963, 4.810248569000066 ], [ -74.030531448999966, 4.810047012000041 ], [ -74.030490870999984, 4.809823279000057 ], [ -74.030437204999942, 4.809546157000057 ], [ -74.030370231999939, 4.809285626000076 ], [ -74.030298257999959, 4.809047270000065 ], [ -74.030250605999981, 4.808881804000066 ], [ -74.03010600999994, 4.808206507000023 ], [ -74.029943007999975, 4.807839007000041 ], [ -74.029899008999962, 4.807689007000022 ], [ -74.029876008999963, 4.807545008000034 ], [ -74.029872148999971, 4.805344282000021 ], [ -74.029871818999936, 4.805155528000057 ], [ -74.029870007999989, 4.804124007000041 ], [ -74.029883008999946, 4.803884008000068 ], [ -74.029909008999937, 4.803722007000033 ], [ -74.030147008999961, 4.80288600800003 ], [ -74.030286008999951, 4.802225007000061 ], [ -74.030376007999962, 4.801500007000072 ], [ -74.030418008999959, 4.800762008000049 ], [ -74.030479008999976, 4.800170007000077 ], [ -74.030577521999987, 4.799569731000076 ], [ -74.030629008999938, 4.799256008000043 ], [ -74.030735008999955, 4.798702008000021 ], [ -74.030878008999935, 4.798056007000071 ], [ -74.03095800899996, 4.79780200700003 ], [ -74.031361007999976, 4.796873008000034 ], [ -74.031438008999942, 4.796588007000025 ], [ -74.031495990999986, 4.796297938000066 ], [ -74.03149682999998, 4.796275670000057 ], [ -74.031495727999982, 4.79619038200002 ], [ -74.031491261999975, 4.796107056000039 ], [ -74.031480962999979, 4.79599945800004 ], [ -74.031474447999983, 4.79594841200003 ], [ -74.031463303999942, 4.795880612000076 ], [ -74.031452193999939, 4.795821846000024 ], [ -74.031440001999954, 4.795766749000052 ], [ -74.031426439999962, 4.795714408000038 ], [ -74.031410436999977, 4.795659039000043 ], [ -74.031394299999988, 4.795599774000038 ], [ -74.031373845999951, 4.795545299000025 ], [ -74.031359072999976, 4.795503093000036 ], [ -74.031309634999957, 4.79535472200007 ], [ -74.031254782999952, 4.795208265000042 ], [ -74.031194590999974, 4.795063921000065 ], [ -74.031129140999951, 4.794921885000065 ], [ -74.031111658999976, 4.794879266000066 ], [ -74.031080322999969, 4.794809893000036 ], [ -74.03105574999995, 4.794758779000063 ], [ -74.031031274999975, 4.794713759000047 ], [ -74.031005628999935, 4.794664064000074 ], [ -74.030941401999939, 4.794544878000067 ], [ -74.030909196999971, 4.79448910900004 ], [ -74.030863442999987, 4.794419109000046 ], [ -74.030807275999962, 4.794337359000053 ], [ -74.03070242299998, 4.794165464000059 ], [ -74.030382781999947, 4.793742242000064 ], [ -74.03003636699998, 4.793283563000045 ], [ -74.029965322999942, 4.793186313000035 ], [ -74.029732057999979, 4.792873463000035 ], [ -74.02964695199995, 4.792759831000069 ], [ -74.029532, 4.792604695000023 ], [ -74.02934802599998, 4.79239274300005 ], [ -74.029275111999937, 4.792318146000071 ], [ -74.02921037699997, 4.792240679000031 ], [ -74.029160897999986, 4.792191587000048 ], [ -74.029115270999966, 4.792138898000076 ], [ -74.029075726999963, 4.792078514000025 ], [ -74.029015921999985, 4.791971432000025 ], [ -74.028987101999974, 4.791884268000047 ], [ -74.028957821999938, 4.791754104000063 ], [ -74.028937791999965, 4.791642094000053 ], [ -74.02892196099998, 4.791530833000024 ], [ -74.028904398999941, 4.791443547000029 ], [ -74.028891493999936, 4.791367685000068 ], [ -74.02888842699997, 4.791347444000053 ], [ -74.028881699999943, 4.79132462900003 ], [ -74.028866239999957, 4.791268801000058 ], [ -74.02879741299995, 4.791097079000053 ], [ -74.028761184999951, 4.79103079500004 ], [ -74.028720464999935, 4.790967175000048 ], [ -74.028675446999955, 4.790906518000043 ], [ -74.028626346999943, 4.790849116000061 ], [ -74.028573397999935, 4.790795244000037 ], [ -74.028516853999975, 4.79074515800005 ], [ -74.028453135999939, 4.790702167000063 ], [ -74.028393344999984, 4.790653862000056 ], [ -74.028337922999981, 4.79060060200004 ], [ -74.028305173999968, 4.790563182000028 ], [ -74.028291833999958, 4.79054842100004 ], [ -74.028247729999975, 4.790489639000043 ], [ -74.02820858399997, 4.790427443000056 ], [ -74.028174658999944, 4.790362252000023 ], [ -74.028146182999933, 4.79029450400003 ], [ -74.028123409999978, 4.790224916000057 ], [ -74.028112859999965, 4.790183936000062 ], [ -74.02810425399997, 4.790142505000063 ], [ -74.02810326499997, 4.790130218000058 ], [ -74.028100366999979, 4.790094226000065 ], [ -74.028098092999983, 4.790048260000049 ], [ -74.028094542999952, 4.790005268000073 ], [ -74.028092710999942, 4.789970701000072 ], [ -74.028091856999936, 4.789951597000027 ], [ -74.028099303999966, 4.789868690000048 ], [ -74.028113182999959, 4.789786613000047 ], [ -74.028133407999974, 4.789705867000066 ], [ -74.028152983999973, 4.789645604000043 ], [ -74.02817609899995, 4.789586607000047 ], [ -74.028223491999938, 4.78943829800005 ], [ -74.028237710999974, 4.789400664000027 ], [ -74.028264215999968, 4.789325288000043 ], [ -74.028287827999975, 4.78925096100005 ], [ -74.028314811999962, 4.789163754000072 ], [ -74.028346807999981, 4.789060919000065 ], [ -74.028360373999988, 4.789009948000057 ], [ -74.028368839999985, 4.788983457000029 ], [ -74.02839649699996, 4.788868188000038 ], [ -74.02841783599996, 4.788751582000032 ], [ -74.028421185999946, 4.788736 ], [ -74.028435674999969, 4.788636741000062 ], [ -74.028439552999941, 4.78856496700007 ], [ -74.028440147999959, 4.788555712000061 ], [ -74.028439583999955, 4.788549147000026 ], [ -74.028443515999982, 4.78842916800005 ], [ -74.028440827999987, 4.788309156000025 ], [ -74.028251138999963, 4.787310171000058 ], [ -74.028208581999934, 4.787158453000075 ], [ -74.028159560999939, 4.787008699000069 ], [ -74.02810416899996, 4.786861183000042 ], [ -74.028042504999974, 4.786716177000073 ], [ -74.027974682999968, 4.786573947000022 ], [ -74.027900827999986, 4.786434753000037 ], [ -74.027873333999935, 4.786359258000061 ], [ -74.027851640999984, 4.786281896000048 ], [ -74.027835872999958, 4.78620311100002 ], [ -74.027826120999976, 4.786123360000033 ], [ -74.027822439999966, 4.786043097000061 ], [ -74.027824851999981, 4.785962786000027 ], [ -74.027833342999941, 4.785882890000039 ], [ -74.027847863999966, 4.785803867000027 ], [ -74.027868331999969, 4.785726171000022 ], [ -74.027894628999945, 4.78565025000006 ], [ -74.027926602999969, 4.785576540000022 ], [ -74.027982460999965, 4.78549130500005 ], [ -74.028033588999961, 4.785403153000061 ], [ -74.028079835999961, 4.785312344000033 ], [ -74.028121062999958, 4.785219151000035 ], [ -74.02815714999997, 4.785123847000023 ], [ -74.028187985999978, 4.78502671800004 ], [ -74.028213483999934, 4.784928052000055 ], [ -74.028217752999979, 4.78491271300004 ], [ -74.028217826999935, 4.784912443000053 ], [ -74.028218228999947, 4.784910714000034 ], [ -74.02821851799996, 4.784908963000021 ], [ -74.028218691999939, 4.784907196000063 ], [ -74.028218698999979, 4.784907115000067 ], [ -74.028218913999979, 4.784903662000033 ], [ -74.028231139999946, 4.784841941000025 ], [ -74.028241281999954, 4.78477984400007 ], [ -74.028252890999966, 4.784684002000063 ], [ -74.028258022999978, 4.78458759800003 ], [ -74.028256651999982, 4.784491065000054 ], [ -74.02824878399997, 4.784394844000076 ], [ -74.02823445699994, 4.784299371000031 ], [ -74.028213733999962, 4.78420507800007 ], [ -74.028186708999954, 4.784112397000058 ], [ -74.028153506999956, 4.784021743000039 ], [ -74.02811427599994, 4.783933531000059 ], [ -74.028069194999944, 4.783848161000037 ], [ -74.028006867999977, 4.783759886000041 ], [ -74.027953219999972, 4.783683905000032 ], [ -74.027646330999971, 4.783261906000064 ], [ -74.02760288099995, 4.783193657000027 ], [ -74.027564125999959, 4.783122637000076 ], [ -74.027530242999944, 4.783049168000048 ], [ -74.027501385999983, 4.782973584000047 ], [ -74.027477683999962, 4.782896228000027 ], [ -74.027459245999978, 4.782817452000074 ], [ -74.027446157999975, 4.782737612000062 ], [ -74.027409186999989, 4.782494372000031 ], [ -74.027391101999967, 4.782377738000037 ], [ -74.027366696999934, 4.782262262000074 ], [ -74.027336042999934, 4.782148284000073 ], [ -74.027299231999962, 4.782036145000063 ], [ -74.027256371999954, 4.781926173000045 ], [ -74.027207590999978, 4.781818699000041 ], [ -74.027153032999934, 4.781714039000065 ], [ -74.027104143999964, 4.781604327000025 ], [ -74.027061178999986, 4.781492164000042 ], [ -74.027024259999962, 4.781377869000039 ], [ -74.026993490999985, 4.781261765000067 ], [ -74.026968960999966, 4.781144187000052 ], [ -74.026851083999986, 4.780365672000073 ], [ -74.026761583999985, 4.779778546000045 ], [ -74.02675719299998, 4.779655304000073 ], [ -74.026745908999942, 4.779532502000052 ], [ -74.026727765999965, 4.779410523000024 ], [ -74.026708175999943, 4.779313013000035 ], [ -74.026684199999977, 4.779216486000053 ], [ -74.026636406999955, 4.779037684000059 ], [ -74.026582585999961, 4.778860605000034 ], [ -74.026522798999963, 4.778685448000033 ], [ -74.026457114999971, 4.778512416000069 ], [ -74.026385607999941, 4.778341709000074 ], [ -74.026324832999933, 4.77819078300007 ], [ -74.026270244999978, 4.778037512000026 ], [ -74.026221933999977, 4.777882146000024 ], [ -74.026179978999949, 4.777724946000035 ], [ -74.026144449999947, 4.777566170000057 ], [ -74.026115405999974, 4.777406080000048 ], [ -74.026092894999977, 4.777244941000049 ], [ -74.02608786199994, 4.777147390000039 ], [ -74.026082000999963, 4.777033862000053 ], [ -74.026119378999965, 4.775728761000039 ], [ -74.026211683999975, 4.774739969000052 ], [ -74.026224558999957, 4.774602046000041 ], [ -74.026226948999977, 4.774576452000076 ], [ -74.026260366999963, 4.774424055000054 ], [ -74.026296400999968, 4.774246852000033 ], [ -74.026329519999933, 4.77406908200004 ], [ -74.026350505999972, 4.774001170000076 ], [ -74.026374855999961, 4.773934391000068 ], [ -74.026402506999943, 4.773868910000033 ], [ -74.026634360999935, 4.773428247000027 ], [ -74.026636897999936, 4.773423420000029 ], [ -74.026675661999946, 4.773349746000065 ], [ -74.026714117999973, 4.773276657000054 ], [ -74.026716079999971, 4.773272783000039 ], [ -74.027089013999955, 4.772536460000026 ], [ -74.027290063999942, 4.772139508000066 ], [ -74.02729162199995, 4.772137113000042 ], [ -74.027331548999939, 4.772069765000026 ], [ -74.027365634999967, 4.771999283000071 ], [ -74.027393636999989, 4.771926169000039 ], [ -74.027415352999981, 4.771850947000075 ], [ -74.027430627999934, 4.771774159000074 ], [ -74.027439352999977, 4.771696355000074 ], [ -74.027441463999935, 4.771618090000061 ], [ -74.027436946999956, 4.771539929000028 ], [ -74.027425833999985, 4.771462429000053 ], [ -74.027408203999983, 4.771386147000044 ], [ -74.027275237999959, 4.771019 ], [ -74.027106041999957, 4.770605209000053 ], [ -74.027084909999985, 4.770565947000023 ], [ -74.027065672999981, 4.77052572100007 ], [ -74.027040119999981, 4.770462823000059 ], [ -74.027019193999934, 4.770398237000052 ], [ -74.027003004999983, 4.770332305000068 ], [ -74.026991638999959, 4.77026537100005 ], [ -74.026985147999937, 4.770197727000038 ], [ -74.026983578999989, 4.770129790000055 ], [ -74.026986941999951, 4.770061918000067 ], [ -74.027002180999943, 4.769997674000024 ], [ -74.027023764999967, 4.769935276000069 ], [ -74.027051477999976, 4.769875348000028 ], [ -74.027061082999978, 4.769849599000054 ], [ -74.027065380999943, 4.769838078000021 ], [ -74.027065581999977, 4.769837537000058 ], [ -74.02704380199998, 4.769835843000067 ], [ -74.026823499999978, 4.769776126000068 ], [ -74.026819220999982, 4.769772687000057 ], [ -74.026772852999954, 4.769735436000076 ], [ -74.026203846999977, 4.769573748000028 ], [ -74.025693147999959, 4.769427983000071 ], [ -74.025451180999937, 4.769358919000069 ], [ -74.025445546999947, 4.769356658000049 ], [ -74.02543968599997, 4.769357171000024 ], [ -74.025438407999957, 4.769356658000049 ], [ -74.025382713999988, 4.769361536000076 ], [ -74.025281038999935, 4.769357212000045 ], [ -74.025164633999964, 4.769342960000074 ], [ -74.02500009399995, 4.769322818000035 ], [ -74.024986505999948, 4.769321154000068 ], [ -74.024985805999961, 4.769321028000036 ], [ -74.024735950999968, 4.769282745000055 ], [ -74.024623099999985, 4.769267336000041 ], [ -74.024467444999971, 4.769246086000066 ], [ -74.024178666999944, 4.769205714000066 ], [ -74.023966125999948, 4.769153780000067 ], [ -74.023892333999981, 4.769135749000043 ], [ -74.023857745999976, 4.769123683000032 ], [ -74.023838858999966, 4.769117096000059 ], [ -74.023682361999988, 4.769099156000038 ], [ -74.023680402999958, 4.769098929000052 ], [ -74.023673282999937, 4.769098112000052 ], [ -74.02359787599994, 4.769089468000061 ], [ -74.023462782999957, 4.769073981000076 ], [ -74.023440740999945, 4.76907142500005 ], [ -74.023376352999946, 4.769064167000067 ], [ -74.023367732999986, 4.769063196000047 ], [ -74.023295271999984, 4.769055028000025 ], [ -74.023270260999936, 4.769052077000026 ], [ -74.023180802999946, 4.769038840000064 ], [ -74.023163895999971, 4.769037013000059 ], [ -74.02279929499997, 4.768990720000033 ], [ -74.022792608999964, 4.768963543000041 ], [ -74.022784151999986, 4.768929167000067 ], [ -74.022783048999941, 4.768920313000024 ], [ -74.022781898999938, 4.768911080000066 ], [ -74.022772891999978, 4.768831954000063 ], [ -74.022738015999948, 4.768722322000031 ], [ -74.022729544999947, 4.768695700000023 ], [ -74.022728979999954, 4.768693916000075 ], [ -74.022726142999943, 4.768684999000072 ], [ -74.02272383899998, 4.768671526000048 ], [ -74.022723118999977, 4.768586672000026 ], [ -74.022723095999936, 4.768583877000026 ], [ -74.022722564999981, 4.768521308000061 ], [ -74.022721698999987, 4.768486230000065 ], [ -74.022721874999945, 4.768224325000062 ], [ -74.022722344999977, 4.768200264000029 ], [ -74.022722418999933, 4.768196502000023 ], [ -74.022725453999954, 4.767914879000045 ], [ -74.022725764999961, 4.767807963000052 ], [ -74.022725397999977, 4.767787217000034 ], [ -74.022725453999954, 4.767564908000054 ], [ -74.022725493999985, 4.767380424000066 ], [ -74.022769537999977, 4.767366153000069 ], [ -74.022833194999976, 4.767345521000038 ], [ -74.022951686999988, 4.767309385000033 ], [ -74.022948088999954, 4.767299451000042 ], [ -74.022887591999961, 4.767132312000058 ], [ -74.02288410999995, 4.76711614200002 ], [ -74.022849423999958, 4.766848787000072 ], [ -74.022848795999948, 4.766843936000043 ], [ -74.022842665999974, 4.766796692000071 ], [ -74.022825964999981, 4.766663024000025 ], [ -74.022794860999966, 4.766430405000051 ], [ -74.022780754999985, 4.766304550000029 ], [ -74.022755951999955, 4.766066227000067 ], [ -74.022751494999966, 4.766011190000029 ], [ -74.022750868999935, 4.766003455000032 ], [ -74.022732960999974, 4.765782326000021 ], [ -74.022712124999941, 4.765493668000033 ], [ -74.022706225999968, 4.765424714000062 ], [ -74.022701162999965, 4.76538067000007 ], [ -74.022701043999973, 4.765379637000024 ], [ -74.022693557999958, 4.765314482000065 ], [ -74.022687992999977, 4.765270864000058 ], [ -74.02268787099996, 4.765269938000074 ], [ -74.022684696999988, 4.765245077000031 ], [ -74.022679446999973, 4.765203958000029 ], [ -74.022672716999978, 4.765151574000072 ], [ -74.022672475999968, 4.76514968400005 ], [ -74.022658297999953, 4.765039321000074 ], [ -74.022658202999935, 4.765038572000037 ], [ -74.022641721999946, 4.764910284000052 ], [ -74.022641705999945, 4.76491014800007 ], [ -74.022633660999986, 4.764847508000059 ], [ -74.022630298999957, 4.764821436000034 ], [ -74.022633935999977, 4.764816692000068 ], [ -74.022637315999987, 4.76481228800003 ], [ -74.022641895999982, 4.764806312000076 ], [ -74.022642504999965, 4.764805519000049 ], [ -74.022700154999939, 4.764812534000043 ], [ -74.022728363999988, 4.764815966000072 ], [ -74.022735462999947, 4.764816831000076 ], [ -74.022736062999968, 4.764803917000052 ], [ -74.022738588999971, 4.764749541000072 ], [ -74.022739977999947, 4.764719619000061 ], [ -74.022732685999983, 4.764683995000041 ], [ -74.022728012999949, 4.764661161000049 ], [ -74.022724914999969, 4.764646022000022 ], [ -74.023078173999977, 4.764620928000056 ], [ -74.023096573999965, 4.764057570000034 ], [ -74.023102334999976, 4.763823509000076 ], [ -74.023110358999986, 4.763719098000024 ], [ -74.023110391999978, 4.763533224000071 ], [ -74.02310928299994, 4.763338169000065 ], [ -74.023109302999956, 4.763225729000055 ], [ -74.023109333999969, 4.763050246000034 ], [ -74.023109333999969, 4.763050178000071 ], [ -74.023225713999977, 4.76305128100006 ], [ -74.023232852999968, 4.763051349000023 ], [ -74.023232883999981, 4.762878095000076 ], [ -74.023235193999938, 4.762746148000076 ], [ -74.023236360999988, 4.762618792000069 ], [ -74.023239822999983, 4.762446684000054 ], [ -74.02323754799994, 4.762381283000025 ], [ -74.02323987799997, 4.762127976000045 ], [ -74.023239879999949, 4.762127716000066 ], [ -74.023327595999945, 4.762130912000032 ], [ -74.023324592999984, 4.76211978200007 ], [ -74.023308974999964, 4.762036198000033 ], [ -74.023308903999975, 4.762035814000058 ], [ -74.023187272999962, 4.762042414000064 ], [ -74.023182735999967, 4.76189019900005 ], [ -74.02317931999994, 4.761804145000042 ], [ -74.023179336999988, 4.761711207000076 ], [ -74.023175920999961, 4.761628597000026 ], [ -74.023164546999965, 4.761550684000042 ], [ -74.023130247999973, 4.761376563000056 ], [ -74.02309594899998, 4.761196702000063 ], [ -74.023065461999977, 4.761037889000022 ], [ -74.023050221999938, 4.760938392000071 ], [ -74.023043205999954, 4.760831389000032 ], [ -74.023015939999937, 4.760672430000056 ], [ -74.022999912999978, 4.76057746500004 ], [ -74.022972943999946, 4.760441040000046 ], [ -74.022958465999977, 4.760376354000073 ], [ -74.022956916999988, 4.760375617000022 ], [ -74.022944263999989, 4.76036483300004 ], [ -74.022917861999986, 4.760282231000076 ], [ -74.022915538999939, 4.760274965000065 ], [ -74.022900930999981, 4.760236853000038 ], [ -74.022898259999977, 4.760229884000069 ], [ -74.02289703699995, 4.76022669200006 ], [ -74.022890090999965, 4.760227196000073 ], [ -74.022846595999965, 4.760230354000043 ], [ -74.022782460999963, 4.760230935000038 ], [ -74.022699573999944, 4.76023254200004 ], [ -74.022677690999956, 4.760234 ], [ -74.022670245999961, 4.760236353000039 ], [ -74.022664039999938, 4.760236058000032 ], [ -74.022663105999982, 4.760236353000039 ], [ -74.022653792999961, 4.760235910000063 ], [ -74.022634695999955, 4.760234089000051 ], [ -74.022598831999971, 4.760231375000046 ], [ -74.022546185999943, 4.760222161000058 ], [ -74.022530350999943, 4.760220799000024 ], [ -74.022505198999966, 4.760218991000045 ], [ -74.022491530999957, 4.760218706000046 ], [ -74.022485174999986, 4.760218573000031 ], [ -74.02246841799996, 4.760221417000025 ], [ -74.022360889999959, 4.760238971000035 ], [ -74.022345523999945, 4.760239942000055 ], [ -74.02230035499997, 4.760240054000064 ], [ -74.022269044999973, 4.760242256000026 ], [ -74.022265899999979, 4.760242475000041 ], [ -74.022201162999977, 4.760238899000058 ], [ -74.022167627999977, 4.76023664500002 ], [ -74.022123385999976, 4.76023535500002 ], [ -74.022081366999942, 4.760234614000069 ], [ -74.022076815999981, 4.760234535000052 ], [ -74.022060516999943, 4.760235040000055 ], [ -74.022040981999965, 4.760235907000038 ], [ -74.022038168999984, 4.760236031000034 ], [ -74.022011200999941, 4.760235253000076 ], [ -74.022008363999987, 4.760235170000044 ], [ -74.021957116999943, 4.760236149000036 ], [ -74.021921900999985, 4.760234468000021 ], [ -74.021889764999969, 4.760233146000076 ], [ -74.021787772999971, 4.76022966000005 ], [ -74.021697890999974, 4.760227081000039 ], [ -74.021597768999982, 4.760226393000039 ], [ -74.021552596999982, 4.760225104000028 ], [ -74.021514410999941, 4.76022473200004 ], [ -74.021458524999957, 4.760223002000032 ], [ -74.021440301999974, 4.760221182000066 ], [ -74.021439738999959, 4.760219524000036 ], [ -74.021432038999933, 4.760196896000025 ], [ -74.021414713999945, 4.76014598200004 ], [ -74.021380872999941, 4.760122166000031 ], [ -74.021333590999973, 4.76008889000002 ], [ -74.021271062999972, 4.760015409000061 ], [ -74.021251738999979, 4.759995678000053 ], [ -74.021216490999961, 4.759959684000023 ], [ -74.021207406999963, 4.759950408000066 ], [ -74.021176814999933, 4.75993730600004 ], [ -74.02116939299998, 4.759934126000076 ], [ -74.021161507999977, 4.75993075100007 ], [ -74.021141403999934, 4.759922138000036 ], [ -74.021126881999976, 4.759915919000036 ], [ -74.02112412699995, 4.759914737000031 ], [ -74.021115015999953, 4.759910836000074 ], [ -74.021113936999939, 4.759908350000046 ], [ -74.021106671999974, 4.759891629000037 ], [ -74.021109335999938, 4.759868432000076 ], [ -74.02111989399998, 4.759824999000045 ], [ -74.02112150499994, 4.759820166000054 ], [ -74.021125977999986, 4.759811160000027 ], [ -74.021144141999969, 4.759786086000076 ], [ -74.021148654999934, 4.759781513000064 ], [ -74.021167304999949, 4.759762172000023 ], [ -74.02117197299998, 4.759758361000024 ], [ -74.021175763999963, 4.75975526700006 ], [ -74.021189696999954, 4.759743893000064 ], [ -74.021193831999938, 4.759740558000033 ], [ -74.021216355999968, 4.759722390000036 ], [ -74.021232346999966, 4.759707881000054 ], [ -74.02124514999997, 4.759700346000045 ], [ -74.021266483999966, 4.759685822000051 ], [ -74.021292614999936, 4.759668071000021 ], [ -74.021329957999967, 4.759646541000052 ], [ -74.021360364999964, 4.759628243000066 ], [ -74.021384902999955, 4.759613715000057 ], [ -74.021403563999968, 4.759599197000057 ], [ -74.021432354999945, 4.759575544000029 ], [ -74.021451013999979, 4.759560492000048 ], [ -74.021468059999961, 4.759540621000042 ], [ -74.021479239999962, 4.75952451400002 ], [ -74.021484016999977, 4.75951271100007 ], [ -74.021484676999989, 4.759504475000028 ], [ -74.021480783999948, 4.759483930000044 ], [ -74.021474320999971, 4.75945996300004 ], [ -74.021450320999975, 4.759420624000029 ], [ -74.021407955999962, 4.75935680300006 ], [ -74.021405932999983, 4.759353756000053 ], [ -74.021383908999951, 4.75932057600005 ], [ -74.021366826999952, 4.759318477000022 ], [ -74.021365039999978, 4.759285508000062 ], [ -74.021361553999952, 4.759268383000062 ], [ -74.021357703999968, 4.759232795000059 ], [ -74.021357114999944, 4.759211761000074 ], [ -74.02136029199994, 4.75919179400006 ], [ -74.021363473999941, 4.759173988000043 ], [ -74.021365034999974, 4.759152947000075 ], [ -74.021348647999957, 4.759048347000032 ], [ -74.021403936999945, 4.759011531000056 ], [ -74.021437209999988, 4.758986637000021 ], [ -74.021464038999966, 4.758964996000032 ], [ -74.021500518999972, 4.758932780000066 ], [ -74.021503213999949, 4.758930399000064 ], [ -74.021537537999961, 4.75890008600004 ], [ -74.021561141999939, 4.758878452000033 ], [ -74.021592245999955, 4.758846014000028 ], [ -74.021632450999959, 4.758797368000046 ], [ -74.021665163999955, 4.758763306000048 ], [ -74.021682854999938, 4.758742227000027 ], [ -74.021710174999953, 4.758701164000058 ], [ -74.021718737999947, 4.758684963000064 ], [ -74.021729431999972, 4.758661203000031 ], [ -74.021737972999972, 4.758636370000033 ], [ -74.021743326999967, 4.758627186000069 ], [ -74.021744776999981, 4.758560837000061 ], [ -74.021745865999947, 4.758506857000043 ], [ -74.021745945999953, 4.758502896000039 ], [ -74.021747172999937, 4.758442169000034 ], [ -74.021757199999968, 4.758365550000065 ], [ -74.02176297799997, 4.758309978000057 ], [ -74.021765601999959, 4.758283541000026 ], [ -74.021763801999953, 4.758207491000064 ], [ -74.021764940999958, 4.758065427000076 ], [ -74.021693481999989, 4.757816609000031 ], [ -74.021674559999951, 4.757774046000065 ], [ -74.021658362999972, 4.75774603800005 ], [ -74.021645412999987, 4.757727730000056 ], [ -74.021616298999959, 4.757694360000073 ], [ -74.021598521999977, 4.757680380000068 ], [ -74.021571981999955, 4.757657538000046 ], [ -74.021540087999938, 4.757631116000027 ], [ -74.021535590999974, 4.757627391000028 ], [ -74.02151827199998, 4.757613043000049 ], [ -74.021509867999953, 4.75760574800006 ], [ -74.021500256999957, 4.757551998000054 ], [ -74.02148441199995, 4.757485461000044 ], [ -74.021481477999941, 4.757478153000022 ], [ -74.021462, 4.757416015000047 ], [ -74.021456128999944, 4.757401031000029 ], [ -74.021443665999982, 4.757373992000055 ], [ -74.021425707999981, 4.757336726000062 ], [ -74.021394167999972, 4.757263278000039 ], [ -74.021385351999982, 4.75723659800002 ], [ -74.021370876999981, 4.757191243000022 ], [ -74.021368772999949, 4.757184651000046 ], [ -74.021355954999933, 4.757144488000051 ], [ -74.021329126999944, 4.757058592000021 ], [ -74.021302315999947, 4.756980011000053 ], [ -74.021294369999964, 4.756949655000028 ], [ -74.021291992999977, 4.756933579000076 ], [ -74.021291724999969, 4.756926490000069 ], [ -74.021295499999951, 4.756900188000031 ], [ -74.021298815999955, 4.756890765000037 ], [ -74.021324249999964, 4.75685412100006 ], [ -74.021365691999961, 4.756803904000037 ], [ -74.021368283999948, 4.756800359000067 ], [ -74.021372416999952, 4.756796217000044 ], [ -74.02137720199994, 4.75679285700005 ], [ -74.021382496999934, 4.75679038100003 ], [ -74.021388139999942, 4.756788865000033 ], [ -74.02139109899997, 4.756788604000064 ], [ -74.021393958999965, 4.756788355000026 ], [ -74.021396410999955, 4.75678845300007 ], [ -74.021396648999939, 4.756788463000021 ], [ -74.021403294999971, 4.756789058000038 ], [ -74.021409848999951, 4.756790822000028 ], [ -74.021415998999942, 4.75679370000006 ], [ -74.021419638999987, 4.756796089000034 ], [ -74.021431331999963, 4.75680630200003 ], [ -74.021441938999942, 4.756819810000025 ], [ -74.021500510999942, 4.756914042000062 ], [ -74.02153551899994, 4.756986131000076 ], [ -74.021580215999961, 4.75707632700005 ], [ -74.021597136999958, 4.757116452000048 ], [ -74.021643394999955, 4.757217360000027 ], [ -74.021645471999989, 4.757216583000059 ], [ -74.021692293999934, 4.757199024000045 ], [ -74.021721640999942, 4.757191744000068 ], [ -74.021779570999968, 4.757178823000061 ], [ -74.021798977999936, 4.757174810000038 ], [ -74.021800644999985, 4.757174466000038 ], [ -74.021865972999933, 4.757160961000068 ], [ -74.021923006999941, 4.757148907000044 ], [ -74.021924644999956, 4.757148562000054 ], [ -74.021952875999943, 4.757142593000026 ], [ -74.021969921999982, 4.757138935000057 ], [ -74.021973019999962, 4.757129557000042 ], [ -74.021993732999988, 4.757066864000024 ], [ -74.021927824999977, 4.756992253000021 ], [ -74.021865295999987, 4.756914817000052 ], [ -74.021830373999933, 4.756823254000039 ], [ -74.021797710999977, 4.756658780000066 ], [ -74.021755978999977, 4.756572238000047 ], [ -74.021755465999945, 4.756571172000065 ], [ -74.021658741999943, 4.756586713000047 ], [ -74.021653492999974, 4.756587556000056 ], [ -74.021567300999948, 4.756549114000052 ], [ -74.021507588999953, 4.756468852000069 ], [ -74.02147886399996, 4.756377290000046 ], [ -74.021450702999971, 4.756290812000032 ], [ -74.021435499999939, 4.756195859000059 ], [ -74.021434944999953, 4.756101473000058 ], [ -74.021392134999985, 4.756015559000048 ], [ -74.021340309999971, 4.755939819000048 ], [ -74.021300317999987, 4.755852210000057 ], [ -74.021169632999943, 4.755635733000076 ], [ -74.021126258999971, 4.755545297000026 ], [ -74.02096514599998, 4.755420943000047 ], [ -74.020878318999962, 4.755396126000051 ], [ -74.020876133999934, 4.755395501000066 ], [ -74.02078204999998, 4.755407363000074 ], [ -74.020700354999974, 4.755480267000053 ], [ -74.020618096999954, 4.755540733000032 ], [ -74.020534470999962, 4.755552788000045 ], [ -74.020527957999946, 4.755553728000052 ], [ -74.020515212999953, 4.755534613000066 ], [ -74.020475568999984, 4.755475161000049 ], [ -74.020427125999959, 4.755396030000043 ], [ -74.020373610999968, 4.75532142000003 ], [ -74.020291927999949, 4.755267719000074 ], [ -74.020201788999941, 4.755255842000054 ], [ -74.020053623999956, 4.755217965000043 ], [ -74.019931935999978, 4.755217390000041 ], [ -74.019841234999944, 4.755185729000061 ], [ -74.019730255999946, 4.755121288000055 ], [ -74.019634483999937, 4.755112237000048 ], [ -74.019587160999947, 4.755093016000046 ], [ -74.019544346999965, 4.755076059000032 ], [ -74.019627728999978, 4.755038197000033 ], [ -74.019722376999937, 4.755021815000021 ], [ -74.019797873999948, 4.75496417100004 ], [ -74.019858159999956, 4.754894093000075 ], [ -74.019954509999934, 4.754756759000031 ], [ -74.020020428999942, 4.754688376000047 ], [ -74.020045782999944, 4.754674814000055 ], [ -74.020133106999936, 4.754631301000074 ], [ -74.020213675999969, 4.75456857100005 ], [ -74.020254244999933, 4.754486622000059 ], [ -74.020250317999967, 4.754290500000025 ], [ -74.020283567999968, 4.754147509000063 ], [ -74.020297097999958, 4.754048602000069 ], [ -74.020338795999976, 4.753958174000047 ], [ -74.020378239999957, 4.753840056000058 ], [ -74.020450364999988, 4.753675590000057 ], [ -74.020520233999946, 4.753563120000024 ], [ -74.020529817999943, 4.753467603000047 ], [ -74.020441366999989, 4.753434524000056 ], [ -74.020439118999946, 4.753433685000061 ], [ -74.020325592999939, 4.753453200000024 ], [ -74.020238937999977, 4.753422929000067 ], [ -74.020149363999963, 4.75338675100005 ], [ -74.020063170999947, 4.753357919000052 ], [ -74.01997810499995, 4.753327391000028 ], [ -74.019904308999969, 4.753253911000058 ], [ -74.019831075999946, 4.753191732000062 ], [ -74.019770237999978, 4.753124470000046 ], [ -74.01970320199996, 4.753060598000047 ], [ -74.019665462999967, 4.75297185900007 ], [ -74.019640118999973, 4.752879730000075 ], [ -74.019623960999979, 4.752854408000076 ], [ -74.019623946999957, 4.752854177000074 ], [ -74.019621876999963, 4.752842697000062 ], [ -74.01961926499996, 4.752833112000076 ], [ -74.019615392999981, 4.752822175000063 ], [ -74.019611790999988, 4.752807077000057 ], [ -74.019607288999964, 4.752793789000066 ], [ -74.019602875999965, 4.752782849000027 ], [ -74.019599002999939, 4.752772365000055 ], [ -74.019596933999935, 4.752763686000037 ], [ -74.019592969999962, 4.752752749000024 ], [ -74.019589908999933, 4.752740364000033 ], [ -74.019585585999948, 4.752732678000029 ], [ -74.019579821999969, 4.752722284000072 ], [ -74.019573694999963, 4.752713693000032 ], [ -74.019567030999951, 4.752704651000045 ], [ -74.01956000399997, 4.75269832500004 ], [ -74.019552976999989, 4.752692989000025 ], [ -74.019545498999946, 4.752687653000066 ], [ -74.019538021999949, 4.752681868000025 ], [ -74.019530994999968, 4.752675629000066 ], [ -74.019522976999951, 4.752666588000068 ], [ -74.01951117599998, 4.752655828000059 ], [ -74.019502166999985, 4.752644527000029 ], [ -74.019495037999945, 4.752638918000059 ], [ -74.019474512999977, 4.752586382000061 ], [ -74.019401282999979, 4.752483512000026 ], [ -74.019360166999945, 4.752360297000052 ], [ -74.019344399999966, 4.752261951000037 ], [ -74.019333703999962, 4.752168693000044 ], [ -74.019418776999942, 4.752121790000047 ], [ -74.019353438999985, 4.751984442000037 ], [ -74.019339920999982, 4.751959008000028 ], [ -74.019303872999956, 4.751844836000032 ], [ -74.019328669999936, 4.751751582000054 ], [ -74.019301635999966, 4.751652106000051 ], [ -74.019243051999979, 4.751576366000052 ], [ -74.019191228999944, 4.751493843000048 ], [ -74.019189547999986, 4.751402847000065 ], [ -74.019237438999937, 4.751317507000067 ], [ -74.019270684999981, 4.751229339000076 ], [ -74.019300551999947, 4.751143432000049 ], [ -74.019297742999981, 4.751046220000035 ], [ -74.019283666999968, 4.75095804800003 ], [ -74.019264519999979, 4.75086366000005 ], [ -74.01929157099994, 4.750761362000048 ], [ -74.01933551999997, 4.750681109000027 ], [ -74.019340034999971, 4.750588983000057 ], [ -74.019409898999982, 4.750518340000042 ], [ -74.019497784999942, 4.750498566000033 ], [ -74.019594299999937, 4.750490506000062 ], [ -74.019599191999987, 4.750490097000068 ], [ -74.019683217999955, 4.750505383000075 ], [ -74.019689329999949, 4.750506495000025 ], [ -74.019752431999962, 4.75043811200004 ], [ -74.019779480999944, 4.750347684000076 ], [ -74.019797516999972, 4.750254429000051 ], [ -74.019765975999974, 4.750162300000056 ], [ -74.019732183999963, 4.750048127000071 ], [ -74.019714163999936, 4.749955999000065 ], [ -74.019792838999933, 4.749912160000065 ], [ -74.019881107999936, 4.749937928000065 ], [ -74.019975189999968, 4.749949804000039 ], [ -74.019975993999935, 4.749949005000076 ], [ -74.020050685999934, 4.749874643000055 ], [ -74.02010815899996, 4.749778 ], [ -74.020153232999974, 4.749698310000042 ], [ -74.020322821999969, 4.749523680000038 ], [ -74.020383110999944, 4.749430429000029 ], [ -74.020423680999954, 4.749340001000064 ], [ -74.020436644999961, 4.74924900600007 ], [ -74.02048059599997, 4.749169316000064 ], [ -74.020471589999943, 4.749054582000042 ], [ -74.020426526999984, 4.748975453000071 ], [ -74.020343719999971, 4.748882754000022 ], [ -74.020251891999976, 4.748881616000062 ], [ -74.020161753999957, 4.748857869000062 ], [ -74.020096971999976, 4.748794562000057 ], [ -74.020038949999957, 4.748720519000074 ], [ -74.019962337999971, 4.748666253000067 ], [ -74.019873691999976, 4.748654573000067 ], [ -74.019872200999941, 4.748654377000037 ], [ -74.019742624999935, 4.748658888000023 ], [ -74.019574176999981, 4.748666222000054 ], [ -74.019479542999989, 4.748671608000052 ], [ -74.019475025999952, 4.748671866000052 ], [ -74.019386864999944, 4.748663228000055 ], [ -74.019382634999943, 4.748662814000056 ], [ -74.01928742299998, 4.748676371000045 ], [ -74.019194614999947, 4.748698428000068 ], [ -74.019105834999948, 4.748658834000025 ], [ -74.019034855999962, 4.748590439000054 ], [ -74.018968384999937, 4.748524307000025 ], [ -74.018891770999971, 4.748471172000052 ], [ -74.01875205999994, 4.748419162000062 ], [ -74.018655161999959, 4.748401068000021 ], [ -74.018566153999984, 4.748360367000032 ], [ -74.018486478999989, 4.748283799000035 ], [ -74.018486161999988, 4.748283493000031 ], [ -74.01858146099994, 4.748287393000055 ], [ -74.018583060999958, 4.748287459000039 ], [ -74.018677706999938, 4.748286336000035 ], [ -74.018776753999987, 4.748246825000024 ], [ -74.018776862999971, 4.748246781000034 ], [ -74.018862721999938, 4.748247310000068 ], [ -74.018869817999985, 4.748247354000057 ], [ -74.018937428999948, 4.748179536000066 ], [ -74.018959408999933, 4.748088543000051 ], [ -74.018938569999989, 4.748000936000039 ], [ -74.018865337999955, 4.747924630000057 ], [ -74.018860275999941, 4.747826285000031 ], [ -74.018920579999985, 4.74755217400002 ], [ -74.018913263999934, 4.747460611000065 ], [ -74.018880595999974, 4.747365656000056 ], [ -74.018797249999977, 4.747001666000074 ], [ -74.018793936999941, 4.74698746200005 ], [ -74.018786560999956, 4.746955853000031 ], [ -74.01877021699994, 4.746885798000051 ], [ -74.018749947999936, 4.746745629000031 ], [ -74.018756717999963, 4.74664163500006 ], [ -74.018729691999965, 4.746457945000031 ], [ -74.018768918999967, 4.746378160000063 ], [ -74.018844806999937, 4.746413871000073 ], [ -74.018844786999978, 4.74641050300005 ], [ -74.018851945999984, 4.746413871000073 ], [ -74.018851388999963, 4.746323439000037 ], [ -74.018857597999954, 4.746203054000034 ], [ -74.018806350999967, 4.745971322000059 ], [ -74.018811428999982, 4.745873544000062 ], [ -74.018845816999942, 4.745611298000028 ], [ -74.018842437999979, 4.745579647000056 ], [ -74.018806390999941, 4.745495995000056 ], [ -74.018815974999939, 4.745405567000034 ], [ -74.018832320999934, 4.745310615000051 ], [ -74.018861059999949, 4.74522244700006 ], [ -74.018917967999982, 4.745113934000074 ], [ -74.018942200999959, 4.745022942000048 ], [ -74.018956661999937, 4.744809661000033 ], [ -74.018996307999942, 4.744742611000049 ], [ -74.019009272999938, 4.744647659000066 ], [ -74.019029295999985, 4.744587415000069 ], [ -74.019039702999976, 4.744556102000047 ], [ -74.019127028999947, 4.744515414000034 ], [ -74.01914788199997, 4.744396162000044 ], [ -74.01914802999994, 4.74439598500004 ], [ -74.019153779999954, 4.744389084000034 ], [ -74.019359656999939, 4.744426650000037 ], [ -74.01936028199998, 4.744425461000048 ], [ -74.019366895999951, 4.744412903000068 ], [ -74.019380012999989, 4.744387792000055 ], [ -74.019384783999953, 4.744370154000023 ], [ -74.019394029999944, 4.744333083000072 ], [ -74.019402079999963, 4.744303488000071 ], [ -74.019408938999959, 4.744272696000053 ], [ -74.019414591999976, 4.744247174000066 ], [ -74.019419932999938, 4.744222556000068 ], [ -74.019424914999945, 4.744206144000032 ], [ -74.01943025199995, 4.744188307000059 ], [ -74.019437368999945, 4.744167256000026 ], [ -74.019443062999983, 4.744147635000047 ], [ -74.019450534999976, 4.744124087000046 ], [ -74.019456229999946, 4.744105535000074 ], [ -74.019461212999943, 4.74408091500004 ], [ -74.019468684999936, 4.744055941000056 ], [ -74.019470465999973, 4.744043096000041 ], [ -74.019469046999973, 4.744029180000041 ], [ -74.01946585099995, 4.744004563000033 ], [ -74.019462299999986, 4.743968169000027 ], [ -74.019458748999966, 4.743934628000034 ], [ -74.019449154999961, 4.743892881000022 ], [ -74.019444891999967, 4.743872543000066 ], [ -74.019431030999954, 4.743815096000048 ], [ -74.019415393999964, 4.743753724000044 ], [ -74.019388014999947, 4.743717683000057 ], [ -74.019372017999956, 4.743694490000053 ], [ -74.019322939999938, 4.743677353000066 ], [ -74.019297691999952, 4.743668428000035 ], [ -74.019285600999979, 4.743664857000056 ], [ -74.019256794999933, 4.74365700200002 ], [ -74.019233759999963, 4.743651247000059 ], [ -74.019228486999964, 4.743641331000049 ], [ -74.019203036999954, 4.743593489000034 ], [ -74.019200929999954, 4.743589526000051 ], [ -74.019196900999987, 4.743581942000048 ], [ -74.019186358999946, 4.743581920000054 ], [ -74.019179220999945, 4.743581909000056 ], [ -74.019141909999973, 4.743581866000056 ], [ -74.019134770999983, 4.743581862000042 ], [ -74.019124255999941, 4.743580500000064 ], [ -74.019111454999972, 4.743580029000043 ], [ -74.019094487999951, 4.74357988600002 ], [ -74.019088824999983, 4.743579837000027 ], [ -74.019036583999934, 4.743581536000022 ], [ -74.019036599999936, 4.743649264000055 ], [ -74.019036020999977, 4.743689158000052 ], [ -74.019032163999952, 4.743690977000028 ], [ -74.018989, 4.74371093700006 ], [ -74.018954361999988, 4.743715026000075 ], [ -74.018898454999942, 4.743721424000057 ], [ -74.018897640999967, 4.743721516000051 ], [ -74.018823239999961, 4.74372041700002 ], [ -74.01878056399994, 4.743720156000052 ], [ -74.018719077999947, 4.743719333000058 ], [ -74.018604818999961, 4.743718011000055 ], [ -74.018537074999983, 4.743717129000061 ], [ -74.018436484999938, 4.743696920000048 ], [ -74.018288331999941, 4.743667290000076 ], [ -74.018264058999989, 4.74366221300005 ], [ -74.018141005999951, 4.743637449000062 ], [ -74.018119051999975, 4.74363330500006 ], [ -74.018112880999979, 4.743632140000045 ], [ -74.018085201999952, 4.743665461000035 ], [ -74.017998717999944, 4.743772362000072 ], [ -74.017960707999976, 4.743819174000066 ], [ -74.017954079999981, 4.74392769800005 ], [ -74.017949578999946, 4.74401638300003 ], [ -74.017947646999971, 4.744057576000046 ], [ -74.017959314999985, 4.744060585000057 ], [ -74.017958748999945, 4.744077886000071 ], [ -74.017952954999942, 4.744206030000043 ], [ -74.017952476999938, 4.744219710000039 ], [ -74.017952433999938, 4.744220945000052 ], [ -74.017847147999987, 4.744202629000029 ], [ -74.017770742999971, 4.744189559000063 ], [ -74.017695455999956, 4.744176733000074 ], [ -74.017671995999933, 4.744172420000041 ], [ -74.017606871999988, 4.744160906000047 ], [ -74.017557997999972, 4.744142770000053 ], [ -74.017508059999955, 4.74412370400006 ], [ -74.017440392999958, 4.744097736000072 ], [ -74.017384898999978, 4.744079534000036 ], [ -74.017363842999941, 4.744072692000032 ], [ -74.017323039999951, 4.744067358000052 ], [ -74.017261772999973, 4.744056905000036 ], [ -74.017196342999966, 4.744045437000068 ], [ -74.017087513999968, 4.744027087000063 ], [ -74.017026328999975, 4.744016737000038 ], [ -74.016984005999973, 4.744009455000025 ], [ -74.016966400999934, 4.744006426000055 ], [ -74.016963776999944, 4.74400597500005 ], [ -74.016994833999945, 4.743935703000034 ], [ -74.017037088999984, 4.743839360000038 ], [ -74.017056584999978, 4.743796023000073 ], [ -74.017083698999954, 4.743734568000036 ], [ -74.017094140999973, 4.743711074000032 ], [ -74.017111538999984, 4.743658001000028 ], [ -74.01713056899996, 4.743597415000067 ], [ -74.017127380999966, 4.743559251000022 ], [ -74.01712484899997, 4.743535292000047 ], [ -74.01710215099996, 4.743503459000067 ], [ -74.017085615999974, 4.743478896000056 ], [ -74.017059400999983, 4.743441597000071 ], [ -74.01700981099998, 4.743402360000061 ], [ -74.016974545999972, 4.743373639000026 ], [ -74.016945288999977, 4.743311608000056 ], [ -74.016894918999981, 4.743205918000058 ], [ -74.01685213899998, 4.743115270000033 ], [ -74.016797944999951, 4.743112310000072 ], [ -74.016754495999976, 4.743110624000053 ], [ -74.016655442999934, 4.743105752000076 ], [ -74.016578764999963, 4.74310299800004 ], [ -74.016504832999942, 4.743099277000056 ], [ -74.016407271999981, 4.743094729000063 ], [ -74.016284323999969, 4.743089368000028 ], [ -74.01623131599996, 4.74308725100002 ], [ -74.016144513999961, 4.743083476000038 ], [ -74.016057341999954, 4.743079618000024 ], [ -74.015970994999975, 4.743075549000025 ], [ -74.015937578999967, 4.743074441000033 ], [ -74.015889379999976, 4.743071603000033 ], [ -74.015885211999944, 4.743071699000041 ], [ -74.015827361999982, 4.743115043000046 ], [ -74.015821347999974, 4.743119571000022 ], [ -74.015747569999974, 4.743175124000061 ], [ -74.015744103999964, 4.743172357000049 ], [ -74.015697541999941, 4.743135204000055 ], [ -74.015668779999942, 4.743111618000057 ], [ -74.015646402999948, 4.743040310000026 ], [ -74.015622494999946, 4.742969340000059 ], [ -74.015586835999954, 4.742854352000052 ], [ -74.015581097999984, 4.742836457000067 ], [ -74.015551569999957, 4.742742831000044 ], [ -74.015530969999986, 4.742680412000027 ], [ -74.015523912999981, 4.742660024000031 ], [ -74.015494357999955, 4.742650462000029 ], [ -74.015477137999937, 4.74264619500002 ], [ -74.015371205999941, 4.742615073000024 ], [ -74.015285973999937, 4.742590867000047 ], [ -74.015202920999968, 4.742566544000056 ], [ -74.015101367999989, 4.742537222000067 ], [ -74.015025552999987, 4.74251565000003 ], [ -74.014966039999933, 4.742498362000049 ], [ -74.014978035999945, 4.74245492600005 ], [ -74.015055795999956, 4.742269551000049 ], [ -74.015090732999965, 4.742181949000042 ], [ -74.015111020999939, 4.74208982600004 ], [ -74.015115537999975, 4.74198922100004 ], [ -74.015080607999948, 4.741941205000046 ], [ -74.015090624999971, 4.741931862000058 ], [ -74.015124654999966, 4.741899379000074 ], [ -74.015185327999973, 4.741843217000053 ], [ -74.015219932999969, 4.741810208000061 ], [ -74.015246550999962, 4.741792675000056 ], [ -74.015325391999966, 4.741741245000071 ], [ -74.015396472999953, 4.741694021000058 ], [ -74.015489579999951, 4.741632724000056 ], [ -74.015532101999952, 4.741604664000022 ], [ -74.015590381999971, 4.741566619000025 ], [ -74.015626106999946, 4.741543517000025 ], [ -74.015628005999986, 4.741542290000041 ], [ -74.015724851999948, 4.741564982000057 ], [ -74.015855900999952, 4.741593676000036 ], [ -74.01597013099996, 4.741620443000045 ], [ -74.016138363999971, 4.741660111000044 ], [ -74.016305659999944, 4.741699573000062 ], [ -74.016473704999953, 4.74173920100003 ], [ -74.016640859999939, 4.74177843800004 ], [ -74.016713295999978, 4.741795463000074 ], [ -74.016797685999961, 4.741813654000055 ], [ -74.01681311599998, 4.741816630000073 ], [ -74.016877577999935, 4.741829909000046 ], [ -74.016987017999952, 4.741852636000033 ], [ -74.017104567999979, 4.741877577000025 ], [ -74.017163815999936, 4.741889660000027 ], [ -74.017302034999943, 4.74191830500007 ], [ -74.017340365999985, 4.741926044000024 ], [ -74.017439729999978, 4.741947195000023 ], [ -74.017476930999976, 4.741955114000064 ], [ -74.017515556999967, 4.741963307000049 ], [ -74.017625812999938, 4.741985882000051 ], [ -74.017691254999988, 4.74199911200003 ], [ -74.017828686999962, 4.742027785000062 ], [ -74.017866166999966, 4.742034948000025 ], [ -74.017985558999953, 4.742059505000043 ], [ -74.018035407999946, 4.742069938000043 ], [ -74.018164757999955, 4.742096266000033 ], [ -74.018209802999934, 4.742105460000062 ], [ -74.018301719999954, 4.742124279000052 ], [ -74.018379453999955, 4.742140346000042 ], [ -74.018394661999935, 4.742143704000057 ], [ -74.018545978999953, 4.742174356000021 ], [ -74.018632139999966, 4.742191295000055 ], [ -74.018725378999989, 4.742210186000023 ], [ -74.018884368999977, 4.742242951000037 ], [ -74.019027819999963, 4.742271754000058 ], [ -74.01914267899997, 4.74229525100003 ], [ -74.019176125999934, 4.742319906000034 ], [ -74.019237361999956, 4.742337860000021 ], [ -74.019282618999966, 4.742350152000029 ], [ -74.019345637999947, 4.742350155000054 ], [ -74.019361173999982, 4.742350277000071 ], [ -74.019399157999942, 4.742352637000067 ], [ -74.01941695499994, 4.742356049000023 ], [ -74.01942315499997, 4.742357845000072 ], [ -74.019466893999947, 4.742367003000027 ], [ -74.01958127499995, 4.742389499000069 ], [ -74.019668994999961, 4.742406652000057 ], [ -74.019741341999975, 4.742421075000038 ], [ -74.019810546999963, 4.742434354000068 ], [ -74.01985379599995, 4.742442965000066 ], [ -74.019868585999973, 4.742446749000067 ], [ -74.019910703999983, 4.742457115000036 ], [ -74.019911827999977, 4.742455634000066 ], [ -74.019967365999946, 4.742382452000072 ], [ -74.019917233999934, 4.742294842000035 ], [ -74.019907100999944, 4.742202149000036 ], [ -74.01983499399995, 4.742142798000032 ], [ -74.019729114999961, 4.742099870000061 ], [ -74.019723452999983, 4.742097575000059 ], [ -74.019644022999955, 4.742043875000036 ], [ -74.019569100999945, 4.741987349000055 ], [ -74.019588261999957, 4.741897485000038 ], [ -74.019660378999959, 4.741839843000037 ], [ -74.019657569999936, 4.741734717000043 ], [ -74.019608000999938, 4.741649934000066 ], [ -74.019570262999935, 4.741564586000038 ], [ -74.019601818999945, 4.74146511400005 ], [ -74.019641261999936, 4.741376949000028 ], [ -74.019660986999952, 4.741288214000065 ], [ -74.01972127199997, 4.741218701000037 ], [ -74.019703253999978, 4.74112092200005 ], [ -74.019719597999938, 4.741027667000026 ], [ -74.01968805599995, 4.740940059000025 ], [ -74.019627784999955, 4.740866579000055 ], [ -74.01955905899996, 4.740803271000061 ], [ -74.019495405999976, 4.740734879000058 ], [ -74.019480202999944, 4.740641621000066 ], [ -74.01932415899995, 4.740533656000025 ], [ -74.019301630999962, 4.740443222000067 ], [ -74.019245866999938, 4.740366352000024 ], [ -74.019151223999984, 4.740346561000024 ], [ -74.019062778999967, 4.740314339000065 ], [ -74.01897996799994, 4.740263466000044 ], [ -74.018902228999934, 4.740212591000045 ], [ -74.018796888999987, 4.740119890000074 ], [ -74.018768913999963, 4.740095699000051 ], [ -74.018727599999977, 4.740059974000076 ], [ -74.018638028999987, 4.740020403000074 ], [ -74.018556345999968, 4.73997292100006 ], [ -74.018484242999989, 4.739915265000036 ], [ -74.018414388999986, 4.739850262000061 ], [ -74.018331015999934, 4.739814648000049 ], [ -74.018270178999956, 4.739746254000067 ], [ -74.018227931999945, 4.739663166000071 ], [ -74.018214422999961, 4.739547867000056 ], [ -74.018256554999937, 4.739464508000026 ], [ -74.018257623999943, 4.739461960000028 ], [ -74.018268336999938, 4.739351184000043 ], [ -74.018333692999988, 4.739283366000052 ], [ -74.018392288999962, 4.73919972300007 ], [ -74.018458781999982, 4.73901547600002 ], [ -74.018462169999964, 4.738914872000066 ], [ -74.018489218999946, 4.738824444000045 ], [ -74.018450918999974, 4.738735141000063 ], [ -74.018424446999973, 4.738647535000041 ], [ -74.01844191899994, 4.738552581000022 ], [ -74.018510097999979, 4.738412986000071 ], [ -74.018545597999946, 4.738320298000076 ], [ -74.018537154999933, 4.73822986700003 ], [ -74.018541668999944, 4.738135478000061 ], [ -74.018463367999971, 4.738085171000023 ], [ -74.018401965999942, 4.738014516000021 ], [ -74.018330988999935, 4.737948383000059 ], [ -74.018260574999942, 4.737883944000032 ], [ -74.018232414999943, 4.737793512000053 ], [ -74.018181153999933, 4.737752815000022 ], [ -74.018292144999975, 4.737625655000045 ], [ -74.018306799999948, 4.737531270000034 ], [ -74.018280329999982, 4.737436315000025 ], [ -74.01822148499997, 4.737363402000028 ], [ -74.018210975999978, 4.737359229000049 ], [ -74.017602316999955, 4.737117524000041 ], [ -74.016980302999968, 4.736887807000073 ], [ -74.016728052999952, 4.736703083000066 ], [ -74.016522202999965, 4.736730741000031 ], [ -74.016043842999977, 4.736609306000048 ], [ -74.015822382999943, 4.736567231000038 ], [ -74.015007989999958, 4.736412682000037 ], [ -74.015194538999936, 4.735990129000072 ], [ -74.015292304999946, 4.735816378000038 ], [ -74.015299378999941, 4.735805911000057 ], [ -74.015284529999974, 4.735800841000071 ], [ -74.014879567999969, 4.735662603000037 ], [ -74.014828196999986, 4.735644748000027 ], [ -74.014821118999976, 4.735655958000052 ], [ -74.014705953999965, 4.735848754000074 ], [ -74.014673674999983, 4.735926421000045 ], [ -74.014630736999948, 4.735977241000057 ], [ -74.014582035999979, 4.736009875000036 ], [ -74.014550895999946, 4.736002645000042 ], [ -74.014509109999949, 4.73607686400004 ], [ -74.014450111999963, 4.736039560000052 ], [ -74.014399690999937, 4.736025814000072 ], [ -74.014396155999975, 4.736034465000046 ], [ -74.014332157999945, 4.736005327000044 ], [ -74.014354338999965, 4.735952907000069 ], [ -74.014352818999953, 4.735954247000052 ], [ -74.014344018999964, 4.735962005000033 ], [ -74.014306285999965, 4.735938490000024 ], [ -74.014317295999945, 4.735928333000061 ], [ -74.014344021999989, 4.735903673000053 ], [ -74.014317668999979, 4.735870416000068 ], [ -74.014287592999949, 4.735901344000069 ], [ -74.014257771999951, 4.735894311000038 ], [ -74.014260191999938, 4.735890605000066 ], [ -74.014230729999952, 4.735871723000059 ], [ -74.014239496999949, 4.73585655200003 ], [ -74.014195818999951, 4.735825838000039 ], [ -74.014205729999958, 4.735810534000052 ], [ -74.014178382999944, 4.735786706000056 ], [ -74.014153212999986, 4.735764775000064 ], [ -74.014137167999934, 4.735787603000063 ], [ -74.014068323999936, 4.735849228000063 ], [ -74.014002975999972, 4.735769812000058 ], [ -74.013898607999977, 4.735720869000033 ], [ -74.013857064999968, 4.735665125000025 ], [ -74.013812549999955, 4.735594678000041 ], [ -74.013750774999949, 4.735560428000042 ], [ -74.013675292999949, 4.735547432000033 ], [ -74.013546089999977, 4.73554712400005 ], [ -74.013481303999981, 4.73553131400007 ], [ -74.013408123999966, 4.735513457000025 ], [ -74.013365224999973, 4.735502989000054 ], [ -74.013177740999936, 4.735454061000041 ], [ -74.013041203999933, 4.735414603000038 ], [ -74.012692742999945, 4.735164809000025 ], [ -74.012591403999977, 4.735139033000053 ], [ -74.012552589999984, 4.735129033000021 ], [ -74.012562658999968, 4.734998480000058 ], [ -74.012572691999935, 4.734871949000024 ], [ -74.012573508999935, 4.734855205000031 ], [ -74.012573645999964, 4.734852414000045 ], [ -74.012496780999982, 4.734821781000051 ], [ -74.012461967999968, 4.734474133000049 ], [ -74.012467879999974, 4.734405798000068 ], [ -74.012488728999983, 4.734369629000071 ], [ -74.012495496999975, 4.73427467700003 ], [ -74.012500675999945, 4.734204830000067 ], [ -74.01250282999996, 4.734175769000046 ], [ -74.012506782999935, 4.734067251000056 ], [ -74.012520876999986, 4.733976823000035 ], [ -74.012545108999973, 4.733885831000066 ], [ -74.01255807299998, 4.733795401000066 ], [ -74.012591319999956, 4.733705537000048 ], [ -74.012660641999958, 4.733402037000076 ], [ -74.012662344999967, 4.733261868000056 ], [ -74.012671371999943, 4.733117744000026 ], [ -74.012656867999965, 4.733070938000026 ], [ -74.012653969999974, 4.733061586000076 ], [ -74.012652748999983, 4.733057644000041 ], [ -74.012651008999967, 4.733052029000021 ], [ -74.012703729999942, 4.732939084000066 ], [ -74.012727256999938, 4.73291583200006 ], [ -74.012728790999972, 4.732914319000031 ], [ -74.012888937999946, 4.732756064000057 ], [ -74.012891625999941, 4.732753408000065 ], [ -74.013141876999953, 4.732506115000035 ], [ -74.013172733999966, 4.732515911000064 ], [ -74.013174122999942, 4.732516352000061 ], [ -74.013180877999957, 4.732518494000033 ], [ -74.013181376999967, 4.732516387000032 ], [ -74.013207783999974, 4.732404958000075 ], [ -74.013208030999976, 4.732403914000031 ], [ -74.013234813999986, 4.732290895000062 ], [ -74.013235080999948, 4.732289767000054 ], [ -74.013262019999956, 4.732176095000057 ], [ -74.013262253999983, 4.732175109000025 ], [ -74.013263802999973, 4.732168571000045 ], [ -74.013285614999972, 4.732093440000028 ], [ -74.013392567999972, 4.73172504300004 ], [ -74.013381992999939, 4.731721499000059 ], [ -74.013197465999951, 4.731660135000027 ], [ -74.013198428999942, 4.731656775000033 ], [ -74.013213644999951, 4.731566344000044 ], [ -74.013173091999988, 4.731483823000076 ], [ -74.013052021999954, 4.731358381000064 ], [ -74.013051982999968, 4.731358341000032 ], [ -74.012955087999956, 4.731358894000039 ], [ -74.012882971999943, 4.731417669000052 ], [ -74.012821559999963, 4.731490009000026 ], [ -74.012800640999956, 4.731524298000068 ], [ -74.01262361199997, 4.731464223000046 ], [ -74.012265557999967, 4.731355036000025 ], [ -74.012139300999934, 4.731314498000074 ], [ -74.012131848999957, 4.731289299000025 ], [ -74.012190445999977, 4.731213568000044 ], [ -74.012271572999964, 4.731166666000036 ], [ -74.012340307999978, 4.731096588000071 ], [ -74.012383130999979, 4.731015204000073 ], [ -74.012391590999982, 4.730916862000072 ], [ -74.012378642999977, 4.730813997000041 ], [ -74.012329074999968, 4.730728082000041 ], [ -74.012250774999984, 4.730660253000053 ], [ -74.012182616999951, 4.730594683000049 ], [ -74.012130793999972, 4.730517813000063 ], [ -74.012078975999941, 4.73040420500007 ], [ -74.012061522999943, 4.730312077000065 ], [ -74.012125750999985, 4.730246519000048 ], [ -74.012207439999941, 4.730205267000031 ], [ -74.012297014999945, 4.730180973000074 ], [ -74.012444615999982, 4.730165162000048 ], [ -74.01253418999994, 4.730140300000073 ], [ -74.012541389999967, 4.730126243000029 ], [ -74.012543002999962, 4.730123093000032 ], [ -74.012740922999967, 4.730235864000065 ], [ -74.012745769999981, 4.730238625000027 ], [ -74.012839896999935, 4.730125216000033 ], [ -74.012850797999988, 4.730112074000033 ], [ -74.012854929999946, 4.730107092000026 ], [ -74.012865442999953, 4.730124508000074 ], [ -74.012940647999983, 4.730174280000028 ], [ -74.012944871999935, 4.730177077000064 ], [ -74.013009662999934, 4.730114913000023 ], [ -74.013086284999986, 4.730054445000064 ], [ -74.013176420999969, 4.73004314700006 ], [ -74.013176429999987, 4.729951022000023 ], [ -74.013116159999981, 4.72986454200003 ], [ -74.013098603999936, 4.729813317000037 ], [ -74.013272623999967, 4.729603498000074 ], [ -74.013319724999974, 4.729545629000029 ], [ -74.013322632999973, 4.729542056000071 ], [ -74.013326319999976, 4.729545228000063 ], [ -74.013404056999946, 4.729602321000073 ], [ -74.013480153999978, 4.729634093000072 ], [ -74.013481232999936, 4.729634542000042 ], [ -74.013579819999961, 4.729627205000043 ], [ -74.013660946999948, 4.729581997000025 ], [ -74.013687995999987, 4.729493829000035 ], [ -74.013743775999956, 4.729415839000069 ], [ -74.013787724999986, 4.729336150000051 ], [ -74.013865349999946, 4.729286295000065 ], [ -74.013866033999989, 4.729285854000068 ], [ -74.013952735999965, 4.729291770000032 ], [ -74.01395729799998, 4.72929208100004 ], [ -74.014041408999958, 4.729281939000032 ], [ -74.014046306999944, 4.729281350000065 ], [ -74.014091373999975, 4.72929322400006 ], [ -74.014138695999975, 4.729305662000058 ], [ -74.014224309999975, 4.729318717000069 ], [ -74.01422770399995, 4.729319234000059 ], [ -74.014367897999989, 4.729299866000076 ], [ -74.01437079699997, 4.729299466000043 ], [ -74.014466564999964, 4.729308518000039 ], [ -74.014504300999988, 4.729398952000054 ], [ -74.014516123999954, 4.729488253000056 ], [ -74.014481187999934, 4.729581506000045 ], [ -74.014411322999933, 4.729676453000025 ], [ -74.014383711999983, 4.729766882000035 ], [ -74.014454688999933, 4.729825668000046 ], [ -74.014548766999951, 4.729828502000032 ], [ -74.014666507999948, 4.729839250000055 ], [ -74.01474931499996, 4.729887864000034 ], [ -74.014832576999936, 4.729918931000043 ], [ -74.014837195999974, 4.729920655000058 ], [ -74.01493635199995, 4.729852840000035 ], [ -74.015023673999963, 4.729822891000026 ], [ -74.015100295999957, 4.729771467000035 ], [ -74.015183112999978, 4.729720043000043 ], [ -74.015259733999983, 4.729668052000022 ], [ -74.015320017999954, 4.729599668000048 ], [ -74.015365095999982, 4.729492850000042 ], [ -74.015425379999954, 4.729423338000061 ], [ -74.015495803999954, 4.729365131000066 ], [ -74.015512791999981, 4.729344285000025 ], [ -74.015514092999979, 4.729342689000021 ], [ -74.015549818999943, 4.72935245900004 ], [ -74.015841424999962, 4.729429271000072 ], [ -74.015926476999937, 4.729488639000067 ], [ -74.016032318999976, 4.729560001000038 ], [ -74.016383961999964, 4.729797487000042 ], [ -74.016399080999975, 4.729807699000048 ], [ -74.016657878999979, 4.729981389000045 ], [ -74.016712121999944, 4.73001873100003 ], [ -74.016995007999981, 4.730211405000034 ], [ -74.017290014999958, 4.73040962500005 ], [ -74.017346965999934, 4.730448187000036 ], [ -74.01766371399998, 4.730674002000057 ], [ -74.017852354999945, 4.730807326000047 ], [ -74.017892275999941, 4.730836768000074 ], [ -74.017915673999937, 4.730854025000042 ], [ -74.018146211999976, 4.731024969000032 ], [ -74.018149581999978, 4.731027178000033 ], [ -74.018165431999989, 4.73103922100006 ], [ -74.018376973999978, 4.731199949000029 ], [ -74.018431097999951, 4.731239730000027 ], [ -74.018554786999971, 4.731319906000067 ], [ -74.018734896999945, 4.731449886000064 ], [ -74.018884710999941, 4.731556393000062 ], [ -74.018908340999985, 4.731575805000034 ], [ -74.018935708999948, 4.731598286000064 ], [ -74.019061275999945, 4.731681981000065 ], [ -74.019294163999973, 4.731846630000064 ], [ -74.019405800999948, 4.731924778000064 ], [ -74.019420901999979, 4.731935348000036 ], [ -74.019540849999942, 4.732019311000045 ], [ -74.019667481999988, 4.732111623000037 ], [ -74.019722168999976, 4.732149086000049 ], [ -74.020077585999957, 4.73239200200004 ], [ -74.020304808999981, 4.732548322000071 ], [ -74.020519399999955, 4.73269616400006 ], [ -74.020532804999959, 4.732705344000067 ], [ -74.020573365999951, 4.732733112000062 ], [ -74.020814170999984, 4.732897773000047 ], [ -74.021087715999954, 4.733081775000073 ], [ -74.020959965999964, 4.733441623000033 ], [ -74.020881633999977, 4.733662609000021 ], [ -74.020816279999963, 4.733845301000031 ], [ -74.02084221299998, 4.733859994000056 ], [ -74.020921007999959, 4.733901725000067 ], [ -74.020923331999938, 4.733902956000065 ], [ -74.021008286999972, 4.733881248000046 ], [ -74.02101178099997, 4.733880355000053 ], [ -74.021101879999947, 4.733902424000064 ], [ -74.021106424999971, 4.73390353700006 ], [ -74.021192056999951, 4.733866806000037 ], [ -74.021283886999981, 4.733845902000041 ], [ -74.021337973999948, 4.733771865000051 ], [ -74.021394878999956, 4.733688220000033 ], [ -74.021470245999978, 4.733639304000064 ], [ -74.021471498999972, 4.733638491000022 ], [ -74.021559017999948, 4.733650590000025 ], [ -74.021565578999969, 4.733651498000029 ], [ -74.021615723999957, 4.733572940000045 ], [ -74.021629251999968, 4.733476857000028 ], [ -74.021626442999946, 4.733376254000063 ], [ -74.021676025999966, 4.733296001000042 ], [ -74.021779696999943, 4.733104974000071 ], [ -74.021782521999967, 4.733008326000061 ], [ -74.021805062999988, 4.732907158000046 ], [ -74.021833801999946, 4.732858933000045 ], [ -74.021863660999941, 4.732808820000059 ], [ -74.021921691999978, 4.732733655000061 ], [ -74.021960237999963, 4.732704657000056 ], [ -74.022152459999973, 4.732764207000059 ], [ -74.022263064999947, 4.732799166000063 ], [ -74.022262531999957, 4.732796741000072 ], [ -74.022254086999965, 4.732758317000048 ], [ -74.022240543999942, 4.73272141700005 ], [ -74.02221538799995, 4.732680627000036 ], [ -74.022199905999969, 4.732647610000072 ], [ -74.022172815999966, 4.732587400000057 ], [ -74.022157333999985, 4.732552440000063 ], [ -74.022122499999966, 4.732511650000049 ], [ -74.022072179999952, 4.732455319000053 ], [ -74.022041212999966, 4.732418414000051 ], [ -74.022012182999958, 4.732377624000037 ], [ -74.021992829999988, 4.732354316000055 ], [ -74.02197154199996, 4.73232712500004 ], [ -74.021936700999959, 4.732303812000055 ], [ -74.021917346999942, 4.732286330000022 ], [ -74.021892185999945, 4.732266905000074 ], [ -74.021880574999955, 4.732243598000025 ], [ -74.021865094999953, 4.732216405000031 ], [ -74.021839933999956, 4.732185327000025 ], [ -74.021799290999979, 4.732138710000072 ], [ -74.021758647999945, 4.732092092000073 ], [ -74.021719938999979, 4.732053242000063 ], [ -74.021692843999972, 4.732022166000036 ], [ -74.021663811999986, 4.732000796000023 ], [ -74.021638649999943, 4.731985255000041 ], [ -74.021623165999983, 4.731963891000021 ], [ -74.021613558999945, 4.731961479000063 ], [ -74.021603203999973, 4.731973595000056 ], [ -74.021591586999989, 4.731981362000056 ], [ -74.021586096999954, 4.731980259000068 ], [ -74.021584447999942, 4.731981363000045 ], [ -74.021574768999983, 4.731979417000048 ], [ -74.021559287999935, 4.731956110000056 ], [ -74.02155154899998, 4.731934745000046 ], [ -74.021536066999943, 4.731911437000065 ], [ -74.021520585999951, 4.73188424600005 ], [ -74.021507037999982, 4.731866765000063 ], [ -74.021470263999959, 4.731833741000059 ], [ -74.021450908999952, 4.731814319000023 ], [ -74.021447042999966, 4.731794898000032 ], [ -74.021452852999971, 4.731775477000042 ], [ -74.021450921999985, 4.731746345000033 ], [ -74.021452861999933, 4.731726925000032 ], [ -74.021431571999983, 4.731701675000068 ], [ -74.021412219999945, 4.731674481000027 ], [ -74.021387058999949, 4.731649228000038 ], [ -74.021367706999968, 4.731614268000044 ], [ -74.021361904999935, 4.731590962000041 ], [ -74.021365783999954, 4.731550179000067 ], [ -74.021367723999958, 4.731517164000024 ], [ -74.021371602999977, 4.731484149000039 ], [ -74.021375477999982, 4.731456961000049 ], [ -74.021382556999981, 4.731421488000024 ], [ -74.021388394999974, 4.731428006000044 ], [ -74.021407637999971, 4.731449497000028 ], [ -74.021491011999956, 4.731490764000057 ], [ -74.02149312399996, 4.731488277000039 ], [ -74.021542843999953, 4.731429726000044 ], [ -74.021521442999983, 4.731368118000034 ], [ -74.02145722299997, 4.731307639000022 ], [ -74.021390750999956, 4.731279373000064 ], [ -74.02134906699996, 4.731229632000066 ], [ -74.021308508999937, 4.731190630000071 ], [ -74.021234712999956, 4.73113580200004 ], [ -74.021157537999954, 4.731113187000062 ], [ -74.021069775999933, 4.731102176000036 ], [ -74.021067399999936, 4.731101878000061 ], [ -74.021001359999957, 4.731106013000044 ], [ -74.020995290999963, 4.731106394000051 ], [ -74.020950786999947, 4.73109056200002 ], [ -74.020914868999967, 4.731070540000076 ], [ -74.020869666999943, 4.731045341000026 ], [ -74.020792490999952, 4.730998990000046 ], [ -74.020810665999988, 4.730969861000062 ], [ -74.020818547999966, 4.730957229000069 ], [ -74.02081881099997, 4.73095680800003 ], [ -74.020826646999978, 4.730944246000035 ], [ -74.020844327999953, 4.730915910000022 ], [ -74.020889399999987, 4.730834526000024 ], [ -74.020977296999945, 4.73070171300003 ], [ -74.021018427999934, 4.730620329000033 ], [ -74.02120886299997, 4.730330965000064 ], [ -74.021237602999975, 4.730236017000038 ], [ -74.02122127399997, 4.730146148000074 ], [ -74.021179028999939, 4.730052889000035 ], [ -74.021114813999986, 4.729966976000071 ], [ -74.02090300499998, 4.729807010000059 ], [ -74.020903013999941, 4.729713187000073 ], [ -74.021052868999959, 4.729664026000023 ], [ -74.021114939999961, 4.729628193000053 ], [ -74.021131178999951, 4.729618818000063 ], [ -74.021212306999985, 4.729548741000031 ], [ -74.021286111999984, 4.72948714000006 ], [ -74.021315411999979, 4.729398407000076 ], [ -74.021304153999949, 4.729293281000025 ], [ -74.021269233999988, 4.72920115200003 ], [ -74.021216850999963, 4.729102804000036 ], [ -74.021144750999952, 4.728994846000035 ], [ -74.021134226999948, 4.72896171900004 ], [ -74.021116026999948, 4.728904414000056 ], [ -74.021158285999945, 4.72881342200003 ], [ -74.021350389999952, 4.728783480000061 ], [ -74.021420812999963, 4.72872583700007 ], [ -74.021378569999968, 4.728637665000065 ], [ -74.021377777999987, 4.728637300000059 ], [ -74.021378588999937, 4.728636742000049 ], [ -74.021385528999986, 4.728631321000023 ], [ -74.021391024999957, 4.728624 ], [ -74.021397514999933, 4.728615322000053 ], [ -74.02140355399996, 4.728606193000076 ], [ -74.021411483999941, 4.728597065000031 ], [ -74.021417431999964, 4.728590648000022 ], [ -74.021420766999938, 4.728581069000029 ], [ -74.021424170999978, 4.728572075000045 ], [ -74.021425454999985, 4.728568683000049 ], [ -74.02143104299995, 4.728555397000036 ], [ -74.021435729999951, 4.72854392000005 ], [ -74.021438975999956, 4.728535693000026 ], [ -74.021441409999966, 4.72852376000003 ], [ -74.021443304999934, 4.72851092600007 ], [ -74.02144429699996, 4.728502155000058 ], [ -74.021446731999959, 4.72849068000005 ], [ -74.021450879999975, 4.728482002000021 ], [ -74.021453763999943, 4.728473324000049 ], [ -74.021457010999939, 4.728461394000021 ], [ -74.021460345999969, 4.72845127000005 ], [ -74.021460886999989, 4.728442141000073 ], [ -74.021461881999983, 4.728428308000048 ], [ -74.021464225999978, 4.72841918000006 ], [ -74.021468011999957, 4.728410413000063 ], [ -74.021471256999973, 4.728401735000034 ], [ -74.021474593999983, 4.728392155000051 ], [ -74.021476035999967, 4.728381579000029 ], [ -74.021475226999939, 4.728371003000063 ], [ -74.021473877999938, 4.728361330000041 ], [ -74.021472617999962, 4.72835211000006 ], [ -74.021468113999958, 4.728341081000053 ], [ -74.021461357999954, 4.728334570000072 ], [ -74.021452168999986, 4.728332218000048 ], [ -74.021444420999956, 4.728325257000051 ], [ -74.021439465999947, 4.728316036000024 ], [ -74.021433161999937, 4.728307177000033 ], [ -74.021425866999948, 4.728298858000073 ], [ -74.021419107999975, 4.728291443000046 ], [ -74.021412712999961, 4.728284936000023 ], [ -74.021408209999947, 4.728277161000051 ], [ -74.021405508999976, 4.72826604100004 ], [ -74.021401456999968, 4.728257273000054 ], [ -74.02140019899997, 4.728248594000036 ], [ -74.021399838999969, 4.728238923000049 ], [ -74.021399930999962, 4.728229250000027 ], [ -74.02139822099997, 4.728216864000046 ], [ -74.021395068999936, 4.728206649000072 ], [ -74.02139191599997, 4.728198425000073 ], [ -74.021386962999941, 4.728190558000051 ], [ -74.021382008999979, 4.728183146000049 ], [ -74.021377954999934, 4.728175279000027 ], [ -74.021374354999978, 4.728166964000025 ], [ -74.021374445999982, 4.728157833000068 ], [ -74.021370842999943, 4.72814861300003 ], [ -74.021370934999936, 4.728138940000065 ], [ -74.021368686999949, 4.728128816000037 ], [ -74.021368775999974, 4.728118241000061 ], [ -74.021369769999978, 4.728106310000044 ], [ -74.021370761999947, 4.728096182000058 ], [ -74.02137229799996, 4.72808515600002 ], [ -74.021373288999939, 4.728074580000055 ], [ -74.021373382999968, 4.728063100000043 ], [ -74.02137257399994, 4.728051169000025 ], [ -74.021370322999985, 4.728041947000065 ], [ -74.021369064999988, 4.728030919000048 ], [ -74.021368704999986, 4.72802169800002 ], [ -74.021368346999964, 4.728009314000076 ], [ -74.021367086999987, 4.727998737000064 ], [ -74.02136718099996, 4.727987258000041 ], [ -74.021366821999948, 4.727974331000041 ], [ -74.021367003999956, 4.727953632000037 ], [ -74.021368898999981, 4.727940795000052 ], [ -74.021371336999948, 4.727926604000061 ], [ -74.021374220999974, 4.727914221000049 ], [ -74.021376566999947, 4.727903646000073 ], [ -74.021378008999989, 4.727894966000065 ], [ -74.021379002999936, 4.727884844000073 ], [ -74.021379279999962, 4.727847602000054 ], [ -74.021377119999954, 4.727833318000023 ], [ -74.021375860999967, 4.727821838000068 ], [ -74.021374600999934, 4.72781171400004 ], [ -74.021373790999974, 4.72779932900005 ], [ -74.021372983999981, 4.727790110000058 ], [ -74.021371631999955, 4.727780887000051 ], [ -74.021371494999983, 4.727780267000071 ], [ -74.021369473999982, 4.727771216000065 ], [ -74.021369023999966, 4.727761544000032 ], [ -74.021365511999988, 4.727748708000036 ], [ -74.021362452999938, 4.727734876000056 ], [ -74.021360652999988, 4.727722401000051 ], [ -74.021358493999969, 4.727705858000036 ], [ -74.021354531999975, 4.727690672000051 ], [ -74.021352370999978, 4.727679192000039 ], [ -74.02135057199996, 4.727669067000022 ], [ -74.021347961999936, 4.727654332000043 ], [ -74.021345801999985, 4.727641857000037 ], [ -74.021343640999987, 4.727629021000041 ], [ -74.021341391999954, 4.727618896000024 ], [ -74.021338781999987, 4.727603169000076 ], [ -74.021337521999953, 4.727587529000061 ], [ -74.021336264999945, 4.727574240000024 ], [ -74.021334103999948, 4.72755724700005 ], [ -74.02133284599995, 4.727547573000038 ], [ -74.021331585999974, 4.727538354000046 ], [ -74.021329785999967, 4.72752822800004 ], [ -74.021328074999985, 4.727519007000069 ], [ -74.021325464999961, 4.727502917000038 ], [ -74.021323305999942, 4.727488634000053 ], [ -74.021320605999961, 4.727475709000032 ], [ -74.021319794999954, 4.727463777000025 ], [ -74.021319437999978, 4.72745320000007 ], [ -74.021319078999966, 4.727443076000043 ], [ -74.021319264999988, 4.72741966500007 ], [ -74.021320798999966, 4.727407731000028 ], [ -74.021323142999961, 4.727393450000022 ], [ -74.021325125999965, 4.727382061000071 ], [ -74.02132702199998, 4.727371938000033 ], [ -74.021330267999986, 4.727361362000067 ], [ -74.02133405099994, 4.727351780000049 ], [ -74.021335496999939, 4.727343014000041 ], [ -74.021336039999937, 4.727332438000076 ], [ -74.021336407999968, 4.727288776000023 ], [ -74.021337852999977, 4.727277839000067 ], [ -74.021340285999941, 4.727269070000034 ], [ -74.021343079999951, 4.72726039500003 ], [ -74.021348217999957, 4.727249366000024 ], [ -74.021352814999943, 4.727241141000036 ], [ -74.021360294999965, 4.727231109000058 ], [ -74.021366331999957, 4.727221530000065 ], [ -74.021371921999958, 4.727212850000058 ], [ -74.021379310999976, 4.727200922000065 ], [ -74.021384448999981, 4.727190889000042 ], [ -74.021390939999947, 4.727180856000075 ], [ -74.021394183999973, 4.727172087000042 ], [ -74.021397969999953, 4.72716341000006 ], [ -74.021402114999944, 4.727153829000031 ], [ -74.021406352999975, 4.727143706000049 ], [ -74.021410589999959, 4.727131775000032 ], [ -74.021414284999935, 4.727123551000034 ], [ -74.021416268999985, 4.727113969000072 ], [ -74.021416811999984, 4.727103843000066 ], [ -74.021418255999947, 4.72708956300005 ], [ -74.021420690999946, 4.727076729000032 ], [ -74.02142168499995, 4.72706759700003 ], [ -74.021424027999956, 4.727058830000033 ], [ -74.021424569999965, 4.727050151000071 ], [ -74.02142556299998, 4.727040480000028 ], [ -74.021426103999943, 4.72703171400002 ], [ -74.021428091999951, 4.727013816000067 ], [ -74.021429083999976, 4.726999172000035 ], [ -74.021430620999979, 4.726986787000044 ], [ -74.021434497999962, 4.726963826000031 ], [ -74.021435490999977, 4.726954156000033 ], [ -74.021436482999945, 4.726944935000063 ], [ -74.021437927999955, 4.726934450000044 ], [ -74.021439370999985, 4.726924779000058 ], [ -74.021440364999989, 4.726915106000035 ], [ -74.021440905999953, 4.726903174000029 ], [ -74.021441089999939, 4.726883920000034 ], [ -74.021441632999938, 4.726872892000074 ], [ -74.021441724999988, 4.726861323000037 ], [ -74.021441365999976, 4.72685219300007 ], [ -74.021440106999989, 4.726841616000058 ], [ -74.021437946999981, 4.726824983000029 ], [ -74.021435789999941, 4.726808892000065 ], [ -74.02143498199996, 4.726796961000048 ], [ -74.021434172999989, 4.726783672000067 ], [ -74.021432552999954, 4.72675881300006 ], [ -74.021429851999983, 4.726750045000074 ], [ -74.02142625099998, 4.726740372000052 ], [ -74.021423640999956, 4.726727895000067 ], [ -74.021419136999953, 4.72671777100004 ], [ -74.021414182999933, 4.726710359000037 ], [ -74.021406076999938, 4.726695172000063 ], [ -74.02140202399994, 4.726685948000068 ], [ -74.021395718999941, 4.726675281000041 ], [ -74.021391665999943, 4.726665609000065 ], [ -74.021384369999964, 4.726656840000032 ], [ -74.021378063999975, 4.726648522000062 ], [ -74.021371217999956, 4.72664291600006 ], [ -74.021364002999974, 4.726639369000054 ], [ -74.021362570999941, 4.726638664000063 ], [ -74.021358289999966, 4.72663919200005 ], [ -74.021351576999962, 4.726640021000037 ], [ -74.021347521999985, 4.726632155000061 ], [ -74.021342232999984, 4.726630458000045 ], [ -74.021337185999982, 4.726631971000074 ], [ -74.021334771999989, 4.726630554000053 ], [ -74.021330045999946, 4.726631972000064 ], [ -74.021320496999977, 4.726626364000026 ], [ -74.021311396999977, 4.726620307000076 ], [ -74.021305091999977, 4.726613438000072 ], [ -74.021295901999963, 4.726608733000035 ], [ -74.021269864999965, 4.726599780000072 ], [ -74.021261215999971, 4.726597879000053 ], [ -74.02125067299994, 4.726597335000065 ], [ -74.021222888999944, 4.726597057000049 ], [ -74.021219869999982, 4.72659165500005 ], [ -74.021175935999963, 4.726498961000061 ], [ -74.021112845999937, 4.726430567000023 ], [ -74.021090883999989, 4.726337310000076 ], [ -74.021117930999935, 4.726250271000026 ], [ -74.021175962999962, 4.726168324000071 ], [ -74.021271172999946, 4.726119161000042 ], [ -74.021326949999946, 4.726041733000045 ], [ -74.021320761999959, 4.725941129000034 ], [ -74.021245840999939, 4.725887993000072 ], [ -74.021169228999952, 4.725838816000021 ], [ -74.021168211999964, 4.725783766000063 ], [ -74.021167544999969, 4.725747820000038 ], [ -74.021203607999951, 4.72566247900005 ], [ -74.021203093999986, 4.725568782000039 ], [ -74.021203050999986, 4.725561308000067 ], [ -74.021133200999941, 4.725496306000025 ], [ -74.021045889999982, 4.725418302000037 ], [ -74.020963431999974, 4.725397218000069 ], [ -74.020907116999979, 4.72547198500007 ], [ -74.02084683299995, 4.725544324000055 ], [ -74.020845959999974, 4.725536805000047 ], [ -74.020836136999947, 4.725452198000028 ], [ -74.020787132999942, 4.725361761000045 ], [ -74.020714464999969, 4.725297325000042 ], [ -74.020651375999989, 4.725222147000068 ], [ -74.020599555999979, 4.725141887000063 ], [ -74.020406907999984, 4.72492088000007 ], [ -74.020370036999964, 4.724850249000042 ], [ -74.020416070999943, 4.724748054000031 ], [ -74.020462136999981, 4.724678984000036 ], [ -74.020454402999974, 4.724662952000074 ], [ -74.020419328999935, 4.724590246000048 ], [ -74.020387788999983, 4.72450150700007 ], [ -74.020309494999935, 4.724368681000044 ], [ -74.020277390999979, 4.724267510000061 ], [ -74.020307819999971, 4.724173123000071 ], [ -74.02034557199994, 4.724079305000032 ], [ -74.020345580999958, 4.723988873000053 ], [ -74.020302208999965, 4.723905787000035 ], [ -74.020220527999982, 4.723853783000038 ], [ -74.020076880999966, 4.723776906000069 ], [ -74.019942809999975, 4.723709072000077 ], [ -74.019772681999939, 4.723654797000052 ], [ -74.019670720999954, 4.723610704000066 ], [ -74.019510168999943, 4.723574520000057 ], [ -74.019502852999949, 4.723482958000034 ], [ -74.019601440999963, 4.72345696800005 ], [ -74.019705099999953, 4.72341515200003 ], [ -74.019801998999981, 4.723390292000033 ], [ -74.019932134999976, 4.723354130000075 ], [ -74.020007627999973, 4.723302138000065 ], [ -74.020074670999975, 4.723229235000076 ], [ -74.020083692999947, 4.72313710800006 ], [ -74.020103416999973, 4.723047245000032 ], [ -74.020093284999973, 4.722956813000053 ], [ -74.020174062999956, 4.722919253000043 ], [ -74.020178352999949, 4.722917257000063 ], [ -74.020275241999968, 4.72298508700004 ], [ -74.020364811999968, 4.723026354000069 ], [ -74.020453191999934, 4.723037544000022 ], [ -74.020485941999937, 4.723041693000027 ], [ -74.020489873999963, 4.723042190000058 ], [ -74.020584516999975, 4.723027502000036 ], [ -74.020638849999955, 4.723005375000071 ], [ -74.020677471999988, 4.722989641000026 ], [ -74.020755781999981, 4.722934261000034 ], [ -74.02079916799994, 4.722849483000061 ], [ -74.020818891999966, 4.722759621000023 ], [ -74.020863402999964, 4.722676541000055 ], [ -74.020936078999966, 4.722619462000068 ], [ -74.02103288099994, 4.722612810000044 ], [ -74.021034664999945, 4.722612687000037 ], [ -74.021127743999955, 4.722614817000022 ], [ -74.021133813999938, 4.722614957000076 ], [ -74.021242539999946, 4.722600837000073 ], [ -74.021304517999965, 4.722583778000057 ], [ -74.021363662999988, 4.722567500000025 ], [ -74.021548869999947, 4.722492318000036 ], [ -74.021603093999943, 4.722470306000048 ], [ -74.021791816999951, 4.722435278000034 ], [ -74.021940539999946, 4.722434160000034 ], [ -74.022041944999955, 4.722413823000068 ], [ -74.022127575999946, 4.722367484000074 ], [ -74.022187296999959, 4.72229853400006 ], [ -74.022351248999939, 4.722076992000041 ], [ -74.022433502999945, 4.722002393000025 ], [ -74.022467073999962, 4.721979941000029 ], [ -74.022556880999957, 4.721919883000055 ], [ -74.022627869999951, 4.72184924000004 ], [ -74.02266336699995, 4.721753726000031 ], [ -74.02268928999996, 4.721651995000059 ], [ -74.022806483999943, 4.721418014000051 ], [ -74.022834658999955, 4.721319673000039 ], [ -74.022846499999957, 4.721176679000052 ], [ -74.022869043999947, 4.721047252000062 ], [ -74.022883142999945, 4.720853959000067 ], [ -74.02289948899994, 4.72075165900003 ], [ -74.022916412999962, 4.720437980000042 ], [ -74.02290740799998, 4.720324939000022 ], [ -74.022938961999955, 4.720225468000024 ], [ -74.023030227999982, 4.720178 ], [ -74.023195853999937, 4.720158231000028 ], [ -74.023283737999975, 4.720116979000068 ], [ -74.023415181999951, 4.719982138000034 ], [ -74.023433036999961, 4.719963822000068 ], [ -74.023496466999973, 4.719869408000022 ], [ -74.023523014999967, 4.71982577600005 ], [ -74.023541820999981, 4.719794866000029 ], [ -74.023579538999968, 4.719690860000071 ], [ -74.023598400999958, 4.719605766000029 ], [ -74.023591343999954, 4.719539575000056 ], [ -74.023584288999984, 4.71946865700005 ], [ -74.023579597999969, 4.719345735000047 ], [ -74.023558407999985, 4.719260630000065 ], [ -74.023546642999975, 4.719166073000054 ], [ -74.02351602799996, 4.719080968000071 ], [ -74.023457143999963, 4.718979310000066 ], [ -74.023344631999976, 4.718666495000036 ], [ -74.023334610999939, 4.718634164000036 ], [ -74.023301643999957, 4.718544331000032 ], [ -74.023235685999964, 4.718461583000021 ], [ -74.023216033999972, 4.718438208000066 ], [ -74.023179851999942, 4.718224141000064 ], [ -74.023119016999942, 4.718134271000054 ], [ -74.023044098999947, 4.718057398000042 ], [ -74.022804127999962, 4.717912692000027 ], [ -74.022715119999987, 4.717894035000029 ], [ -74.022612028999959, 4.717881025000054 ], [ -74.022591645999967, 4.717869588000042 ], [ -74.022549966999975, 4.71786559800006 ], [ -74.022521367999957, 4.717865593000056 ], [ -74.022514240999953, 4.717865592000066 ], [ -74.02247969299998, 4.717867476000038 ], [ -74.022459658999935, 4.717868570000064 ], [ -74.022405075999984, 4.717882497000062 ], [ -74.022342247999973, 4.717885227000068 ], [ -74.022336600999949, 4.717885473000024 ], [ -74.02227606699995, 4.717875505000052 ], [ -74.022227750999946, 4.717868844000066 ], [ -74.022225455999944, 4.717868528000054 ], [ -74.02217980599994, 4.717871506000051 ], [ -74.022154254999975, 4.717872356000044 ], [ -74.02215003699996, 4.717872496000041 ], [ -74.022108353999954, 4.717870496000046 ], [ -74.022085532999938, 4.717859540000063 ], [ -74.022085536999953, 4.717832659000067 ], [ -74.022091887999977, 4.717813552000052 ], [ -74.022098444999983, 4.717793831000051 ], [ -74.022117306999974, 4.717758987000025 ], [ -74.022165938999933, 4.717726139000035 ], [ -74.022211595999977, 4.717692295000063 ], [ -74.022244348999948, 4.717658451000034 ], [ -74.022272142999952, 4.717610664000063 ], [ -74.022290014999953, 4.717566860000034 ], [ -74.022303918999967, 4.717506129000071 ], [ -74.022324776999938, 4.71741951100006 ], [ -74.02234860599998, 4.71733787200003 ], [ -74.022362508999947, 4.717287097000053 ], [ -74.022372435999955, 4.717270173000031 ], [ -74.022400224999956, 4.717253253000024 ], [ -74.022438930999954, 4.717237332000025 ], [ -74.022489545999974, 4.717220412000074 ], [ -74.022546113999965, 4.717200509000065 ], [ -74.022612606999985, 4.717186581000021 ], [ -74.022666198999957, 4.717165685000055 ], [ -74.022716815999956, 4.717138810000051 ], [ -74.02274857499998, 4.717114920000029 ], [ -74.022771404999958, 4.717087048000053 ], [ -74.022791259999963, 4.71705319900002 ], [ -74.02285603699994, 4.716955129000041 ], [ -74.022856039999965, 4.716932126000074 ], [ -74.02283529999994, 4.716894878000062 ], [ -74.022812379999948, 4.716852152000058 ], [ -74.022769805999985, 4.716813804000026 ], [ -74.022715215999938, 4.716789696000035 ], [ -74.022670553999944, 4.716782717000058 ], [ -74.022648110999967, 4.716788586000064 ], [ -74.022586967999985, 4.716796244000022 ], [ -74.022556392999945, 4.716806096000028 ], [ -74.022542195999961, 4.716820335000023 ], [ -74.022521626999946, 4.716837095000074 ], [ -74.022514487999956, 4.716837095000074 ], [ -74.02249575999997, 4.716837091000059 ], [ -74.02248862099998, 4.71683709000007 ], [ -74.022417657999938, 4.716837991000034 ], [ -74.022197881999944, 4.716682219000063 ], [ -74.02218977299998, 4.716674355000066 ], [ -74.022143710999956, 4.716601178000076 ], [ -74.022122972999966, 4.716565026000069 ], [ -74.022096222999949, 4.716520049000053 ], [ -74.022019271999966, 4.716429172000062 ], [ -74.022017093999978, 4.71639740300003 ], [ -74.02202146999997, 4.716345920000037 ], [ -74.022056422999981, 4.716271437000046 ], [ -74.022119773999975, 4.716135614000052 ], [ -74.022131789999946, 4.716102754000076 ], [ -74.022135074999937, 4.716052364000063 ], [ -74.022140544999957, 4.715997595000033 ], [ -74.022132908999936, 4.715950490000068 ], [ -74.022108897999942, 4.715896809000071 ], [ -74.022082705999935, 4.715828886000054 ], [ -74.022042317999933, 4.715770823000071 ], [ -74.022025946999975, 4.715733573000023 ], [ -74.022015034999981, 4.715697423000051 ], [ -74.022013947999937, 4.715667845000041 ], [ -74.022022688999982, 4.71563388900006 ], [ -74.022048898999969, 4.715601032000052 ], [ -74.022068555999965, 4.715586796000025 ], [ -74.022089301999983, 4.715575845000046 ], [ -74.022111145999986, 4.715538602000038 ], [ -74.022122068999977, 4.715512314000023 ], [ -74.022118797999951, 4.715483833000064 ], [ -74.022101332999966, 4.715463017000047 ], [ -74.022041293999962, 4.715392897000072 ], [ -74.022009634999961, 4.71535893500004 ], [ -74.021972515999948, 4.71534030600003 ], [ -74.021915747999969, 4.715307432000031 ], [ -74.021885181999949, 4.715272372000072 ], [ -74.021876447999944, 4.715261416000033 ], [ -74.021857892999947, 4.71523512400006 ], [ -74.021860077999975, 4.715225265000072 ], [ -74.021866627999941, 4.715220884000075 ], [ -74.021872592999955, 4.715220886000054 ], [ -74.021879730999956, 4.715220887000044 ], [ -74.021911393999972, 4.71522856200005 ], [ -74.021940466, 4.71523481600002 ], [ -74.021941962999961, 4.715235138000025 ], [ -74.02197674699994, 4.715233149000028 ], [ -74.021980179999957, 4.715232954000044 ], [ -74.022000924999986, 4.715234054000064 ], [ -74.022047871999973, 4.71524392200007 ], [ -74.022083901999963, 4.715245022000033 ], [ -74.022124298999984, 4.715251602000023 ], [ -74.02215268599997, 4.715257086000065 ], [ -74.022178889999964, 4.715263662000041 ], [ -74.022213826999973, 4.715265859000056 ], [ -74.022226928999942, 4.715269148000061 ], [ -74.022260770999935, 4.715292159000057 ], [ -74.022294615999954, 4.715312976000064 ], [ -74.022310992999962, 4.71531845800007 ], [ -74.022348114999943, 4.715322846000049 ], [ -74.02239396799996, 4.71534366700007 ], [ -74.022451829999966, 4.715372159000026 ], [ -74.022503137999934, 4.71541927100003 ], [ -74.022558815999957, 4.715455431000066 ], [ -74.022623283999962, 4.715498567000054 ], [ -74.022624318999988, 4.715499259000069 ], [ -74.022682186999987, 4.715492698000048 ], [ -74.022757527999943, 4.715475183000024 ], [ -74.022815397999977, 4.715459858000031 ], [ -74.022859073999939, 4.715447815000061 ], [ -74.022937688999946, 4.715436875000023 ], [ -74.023026985999934, 4.715427625000075 ], [ -74.023032680999961, 4.715427035000062 ], [ -74.023063969999953, 4.715439813000046 ], [ -74.023098294999954, 4.715454168000065 ], [ -74.023142634999942, 4.715461351000044 ], [ -74.023198414999968, 4.71546853600006 ], [ -74.023262777999946, 4.715474288000053 ], [ -74.023327215999984, 4.715476992000049 ], [ -74.023371494999935, 4.715474308000069 ], [ -74.023422988999982, 4.715457098000059 ], [ -74.023461610999959, 4.715438449000033 ], [ -74.023483068999951, 4.715415492000034 ], [ -74.02351740499995, 4.715376753000044 ], [ -74.023538868999935, 4.715330837000067 ], [ -74.02355603899997, 4.715286353000067 ], [ -74.023571779999941, 4.715239 ], [ -74.023587526999961, 4.71516581800006 ], [ -74.023608993999972, 4.715089764000027 ], [ -74.023623308999959, 4.715025195000067 ], [ -74.02362474499995, 4.714996493000058 ], [ -74.02363762799996, 4.714937659000043 ], [ -74.023637638999958, 4.714884564000045 ], [ -74.023627630999954, 4.71484438300007 ], [ -74.023586163999937, 4.714782669000044 ], [ -74.023567577999984, 4.714741051000033 ], [ -74.023551089999955, 4.714691560000063 ], [ -74.02354584699998, 4.714648118000071 ], [ -74.023548483999946, 4.714588881000054 ], [ -74.02355504999997, 4.714544127000067 ], [ -74.023566865999953, 4.71450463900004 ], [ -74.023572119999983, 4.714473046000023 ], [ -74.023577372999966, 4.714441455000042 ], [ -74.023608873999933, 4.714376959000049 ], [ -74.023631187999968, 4.714322992000064 ], [ -74.023649562999935, 4.714290084000027 ], [ -74.023656124999945, 4.714267710000058 ], [ -74.023661378999975, 4.714247966000073 ], [ -74.023662702999957, 4.714176882000061 ], [ -74.023665337999944, 4.714120278000053 ], [ -74.023661414999935, 4.714038664000043 ], [ -74.023666671999933, 4.71398864300005 ], [ -74.023687674999962, 4.713930727000047 ], [ -74.023712612999987, 4.713880710000069 ], [ -74.023734927999953, 4.713818846000038 ], [ -74.023757246999935, 4.71374776600004 ], [ -74.023784808999949, 4.713688535000074 ], [ -74.023791373999984, 4.713655626000048 ], [ -74.023803188999977, 4.713631934000034 ], [ -74.023813690999987, 4.713596396000071 ], [ -74.02381894499996, 4.713562170000046 ], [ -74.023824197999943, 4.713531896000063 ], [ -74.023833386999968, 4.713501621000034 ], [ -74.023857010999961, 4.713456870000073 ], [ -74.023878011999955, 4.713420015000054 ], [ -74.023878584999977, 4.713416767000069 ], [ -74.023894540999947, 4.713399717000073 ], [ -74.023966651999956, 4.713336984000023 ], [ -74.024022144999947, 4.713230811000074 ], [ -74.024027501999967, 4.713220560000025 ], [ -74.02406356299997, 4.713135784000031 ], [ -74.024126660999968, 4.71306966100002 ], [ -74.02420271699998, 4.713006365000069 ], [ -74.024267504999955, 4.712940243000048 ], [ -74.024425246999954, 4.712866215000076 ], [ -74.024554816999967, 4.712836269000036 ], [ -74.024633687999938, 4.712779190000049 ], [ -74.02465848199995, 4.712690458000054 ], [ -74.024678767999944, 4.712599462000071 ], [ -74.024643286999947, 4.712500551000062 ], [ -74.024604422999971, 4.712414075000027 ], [ -74.024530629999958, 4.712332680000031 ], [ -74.024442189999945, 4.712278981000054 ], [ -74.02410870999995, 4.712091878000024 ], [ -74.024016887999949, 4.712058525000032 ], [ -74.023956615999964, 4.711989001000063 ], [ -74.024019715999941, 4.711901401000034 ], [ -74.024054086999968, 4.711815495000053 ], [ -74.024162262999937, 4.711606381000024 ], [ -74.024296351999965, 4.711430052000026 ], [ -74.024345366999967, 4.711347538000041 ], [ -74.024426501999983, 4.711161596000068 ], [ -74.02444509999998, 4.711066644000027 ], [ -74.024474962999989, 4.710976780000067 ], [ -74.024492997999971, 4.710881829000073 ], [ -74.024509903999956, 4.710785183000041 ], [ -74.024551376999966, 4.710725330000059 ], [ -74.024546602999976, 4.710700608000025 ], [ -74.024515184999984, 4.710528423000028 ], [ -74.024528208999982, 4.710391647000051 ], [ -74.024536291999937, 4.710320316000036 ], [ -74.024550847999933, 4.71017166300004 ], [ -74.024557676999962, 4.710110833000044 ], [ -74.024608694999984, 4.710022438000067 ], [ -74.024623109999936, 4.709997465000072 ], [ -74.024683403999973, 4.709893382000075 ], [ -74.024702073999947, 4.709861151000041 ], [ -74.024839295999982, 4.709622969000065 ], [ -74.024882469999966, 4.709547781000026 ], [ -74.024971640999979, 4.70939381900007 ], [ -74.02506286299996, 4.709236236000038 ], [ -74.025076550999984, 4.709212587000025 ], [ -74.025086797999961, 4.709143900000072 ], [ -74.025118439999972, 4.70902183000004 ], [ -74.025134223999942, 4.708893531000058 ], [ -74.025148312999988, 4.708803102000047 ], [ -74.025143250999974, 4.708708151000053 ], [ -74.025083551999955, 4.708505804000026 ], [ -74.025068919999967, 4.708302898000056 ], [ -74.025085266999952, 4.708189299000026 ], [ -74.025147809999964, 4.708014658000025 ], [ -74.025199079999936, 4.707915753000066 ], [ -74.02536190099994, 4.707691949000036 ], [ -74.025436828999943, 4.707627524000031 ], [ -74.025643583999965, 4.70748115300006 ], [ -74.025697669999943, 4.707402596000065 ], [ -74.025733730999946, 4.707285038000066 ], [ -74.025654882999959, 4.707051607000039 ], [ -74.025609821999979, 4.706961738000075 ], [ -74.025542227999949, 4.706883173000051 ], [ -74.025490971999943, 4.706789912000033 ], [ -74.02528536799997, 4.706617512000037 ], [ -74.025136653999937, 4.706542330000048 ], [ -74.024936672999956, 4.706484665000062 ], [ -74.024851704999946, 4.706480423000073 ], [ -74.024845976999984, 4.706480139000064 ], [ -74.024745702999951, 4.70650047700002 ], [ -74.024658945999988, 4.706529862000025 ], [ -74.024559795999949, 4.706593155000064 ], [ -74.024483179999947, 4.706645147000074 ], [ -74.024395294999977, 4.70667000800006 ], [ -74.024218246999965, 4.70669857200005 ], [ -74.024216717999934, 4.706698819000053 ], [ -74.024113626999963, 4.706694291000076 ], [ -74.023911534999968, 4.706627430000026 ], [ -74.023908579999954, 4.706626452000023 ], [ -74.023809430999961, 4.70664961500006 ], [ -74.023724226999946, 4.706663588000026 ], [ -74.023719858999982, 4.706664304000071 ], [ -74.023531709999986, 4.706615684000042 ], [ -74.023410596999952, 4.706550113000048 ], [ -74.023252873999979, 4.706423495000024 ], [ -74.023198236999974, 4.70633758200006 ], [ -74.023167256999955, 4.706296887000065 ], [ -74.023081633999936, 4.706256186000076 ], [ -74.022998262999977, 4.70622396300007 ], [ -74.022908133999977, 4.706188349000058 ], [ -74.022883346999947, 4.706178740000041 ], [ -74.022894619999988, 4.706088310000041 ], [ -74.022883355999966, 4.706077570000048 ], [ -74.022827025999959, 4.706025003000036 ], [ -74.022732950999966, 4.705990519000068 ], [ -74.022639439999978, 4.705962253000052 ], [ -74.022545363999939, 4.70595546200002 ], [ -74.022452977999933, 4.70594415000005 ], [ -74.02243946599998, 4.705853718000071 ], [ -74.022512141999982, 4.705785902000059 ], [ -74.022567353999989, 4.705710168000053 ], [ -74.022601721999933, 4.705622568000024 ], [ -74.022612996999953, 4.705521399000077 ], [ -74.022594415999947, 4.70542701200003 ], [ -74.022534709999945, 4.705342792000067 ], [ -74.022464295999953, 4.705285137000033 ], [ -74.022243850999985, 4.705159492000064 ], [ -74.022207427999945, 4.705138732000023 ], [ -74.022223207999957, 4.705048302000023 ], [ -74.022308048999946, 4.705036150000069 ], [ -74.022313906999955, 4.705035311000074 ], [ -74.022316416999956, 4.705035974000054 ], [ -74.022407980999958, 4.705060186000026 ], [ -74.022486997999977, 4.705107385000076 ], [ -74.022496784999987, 4.705113327000049 ], [ -74.022496948999958, 4.705109092000043 ], [ -74.022503923999977, 4.705113327000049 ], [ -74.022506319999934, 4.705051522000076 ], [ -74.022508214999959, 4.704996649000066 ], [ -74.022508281999933, 4.704994724000073 ], [ -74.022595474999946, 4.705018462000055 ], [ -74.022660569999971, 4.705024822000041 ], [ -74.022667357999978, 4.705025486000068 ], [ -74.022668194999937, 4.705023901000061 ], [ -74.022696592999978, 4.704970260000039 ], [ -74.02270073699998, 4.70496243100007 ], [ -74.022726362999947, 4.704944456000021 ], [ -74.022728454999935, 4.704942990000063 ], [ -74.02263821799994, 4.704923028000053 ], [ -74.022525715999961, 4.704855323000061 ], [ -74.022497245999944, 4.704846982000049 ], [ -74.022488048999946, 4.704844287000071 ], [ -74.022320197999989, 4.704755839000029 ], [ -74.022175941999933, 4.704681185000027 ], [ -74.022019559999933, 4.704598918000045 ], [ -74.021933851999961, 4.704553547000046 ], [ -74.021881341999972, 4.704526289000057 ], [ -74.021894585999974, 4.70451177800004 ], [ -74.021888669999953, 4.704510736000032 ], [ -74.021774431999972, 4.704490583000052 ], [ -74.021760347999987, 4.70448187300002 ], [ -74.021753763999982, 4.704475578000029 ], [ -74.021743630999936, 4.70446236500004 ], [ -74.021734569999978, 4.704445526000029 ], [ -74.021727578999958, 4.70442743600006 ], [ -74.021724499999948, 4.704414204000045 ], [ -74.021722028999989, 4.704394938000064 ], [ -74.021722021999949, 4.704372481000064 ], [ -74.021724112999948, 4.704352580000034 ], [ -74.02172836699998, 4.704334275000065 ], [ -74.021732028999963, 4.70432050900007 ], [ -74.021736137999937, 4.704306218000056 ], [ -74.021739238999942, 4.704298431000041 ], [ -74.021751244999962, 4.704276926000034 ], [ -74.021775221999974, 4.704238679000071 ], [ -74.021815600999957, 4.704169322000041 ], [ -74.021868775999963, 4.704079893000028 ], [ -74.02189859799995, 4.704029750000075 ], [ -74.021916299999987, 4.703999035000038 ], [ -74.02192847699996, 4.703976880000027 ], [ -74.021947692999959, 4.703943640000034 ], [ -74.021956723999949, 4.703927407000037 ], [ -74.021981271999948, 4.703884352000046 ], [ -74.021984311999972, 4.703878084000053 ], [ -74.02208255499994, 4.703708495000058 ], [ -74.022100313999943, 4.703664116000027 ], [ -74.022107797999979, 4.703633654000043 ], [ -74.022115910999958, 4.703606085000047 ], [ -74.022119159999988, 4.703575533000048 ], [ -74.022120334999954, 4.703556281000033 ], [ -74.022114031999934, 4.703535395000074 ], [ -74.022104034999984, 4.703516682000043 ], [ -74.022088639999936, 4.703472766000061 ], [ -74.022104286999934, 4.703461230000073 ], [ -74.022194421999984, 4.703429588000063 ], [ -74.022273293999945, 4.703374206000035 ], [ -74.02254654099994, 4.702981985000065 ], [ -74.022627099999966, 4.702935645000025 ], [ -74.022766806999982, 4.702896814000042 ], [ -74.022767371999976, 4.702896656000064 ], [ -74.022862011999962, 4.702898925000056 ], [ -74.022951483999975, 4.702907381000045 ], [ -74.022976062999987, 4.702890102000026 ], [ -74.023027817999946, 4.702853723000032 ], [ -74.023040054999967, 4.702834188000054 ], [ -74.023047290999955, 4.702822637000054 ], [ -74.023053929999946, 4.702812041000072 ], [ -74.023058772999946, 4.702815704000045 ], [ -74.023087483999973, 4.702837424000052 ], [ -74.023180932999935, 4.702908936000028 ], [ -74.023136428999976, 4.70297148800006 ], [ -74.023060601999987, 4.703079088000038 ], [ -74.023187264999933, 4.703085280000039 ], [ -74.023164316999953, 4.703110984000034 ], [ -74.023165369999958, 4.70311193200007 ], [ -74.023172508999949, 4.703111936000028 ], [ -74.023250188999953, 4.703112002000069 ], [ -74.023257327999943, 4.703112008000062 ], [ -74.023357294999983, 4.703112092000026 ], [ -74.023455081999941, 4.703112339000029 ], [ -74.023511173999964, 4.703200720000041 ], [ -74.023584973999959, 4.703317888000072 ], [ -74.023659687999952, 4.703432600000042 ], [ -74.023736282999948, 4.703494569000043 ], [ -74.023789592999947, 4.703536700000029 ], [ -74.02377692999994, 4.70354736400003 ], [ -74.023771988999954, 4.703553284000066 ], [ -74.023782430999972, 4.703553936000048 ], [ -74.023822744999961, 4.703646334000041 ], [ -74.02384776599996, 4.703703736000023 ], [ -74.023936907999939, 4.703781722000031 ], [ -74.024046296999984, 4.70393122400003 ], [ -74.024056539999947, 4.703944086000035 ], [ -74.024063578999971, 4.70394396100005 ], [ -74.024063678999937, 4.703944086000035 ], [ -74.02409675399997, 4.703943498000058 ], [ -74.024123322999969, 4.703923727000074 ], [ -74.024104550999937, 4.703909638000027 ], [ -74.024099343999978, 4.703896169000075 ], [ -74.024089525999955, 4.703872616000069 ], [ -74.024083901999973, 4.703855763000035 ], [ -74.024076271999945, 4.703840795000076 ], [ -74.024068772999954, 4.703827248000039 ], [ -74.024009280999962, 4.70379901900003 ], [ -74.024000792999971, 4.703777993000074 ], [ -74.023993044999941, 4.703755928000021 ], [ -74.023992527999951, 4.703750239000044 ], [ -74.023989575999963, 4.703738085000055 ], [ -74.023976537999943, 4.703710347000026 ], [ -74.023999253999989, 4.703680794000036 ], [ -74.024061147999987, 4.70360450000004 ], [ -74.024062818999937, 4.703602439000065 ], [ -74.024075210999968, 4.703607108000028 ], [ -74.024142283999936, 4.703630452000027 ], [ -74.024200549999989, 4.703651583000067 ], [ -74.024225212999966, 4.703660528000057 ], [ -74.024296951999986, 4.703687038000055 ], [ -74.024327930999959, 4.70369587700003 ], [ -74.024354605999974, 4.703701379000051 ], [ -74.024376409999945, 4.703704590000029 ], [ -74.024392940999974, 4.703706916000044 ], [ -74.024465433999978, 4.703710762000071 ], [ -74.024610612999936, 4.70371792800006 ], [ -74.02461748099995, 4.703718244000072 ], [ -74.024624500999948, 4.703718568000056 ], [ -74.024637570999971, 4.703682984000068 ], [ -74.024642085999972, 4.703590858000041 ], [ -74.024596461999977, 4.70350720600004 ], [ -74.024626885999965, 4.703417908000063 ], [ -74.024712746999967, 4.703405152000073 ], [ -74.024718147999977, 4.703404350000028 ], [ -74.024739713999963, 4.703414305000024 ], [ -74.024795392999977, 4.703440009000076 ], [ -74.024798394999948, 4.703441394000038 ], [ -74.024818940999978, 4.703434513000047 ], [ -74.024900020999951, 4.703394073000027 ], [ -74.024923728999966, 4.703381673000024 ], [ -74.024980152999944, 4.703352160000065 ], [ -74.025211615999979, 4.703215772000021 ], [ -74.025221785999975, 4.703131400000075 ], [ -74.025236154999959, 4.703074067000045 ], [ -74.025247707999938, 4.70302797100004 ], [ -74.02526348799995, 4.702934150000033 ], [ -74.025275888999943, 4.70282846200007 ], [ -74.025301807999938, 4.702734077000059 ], [ -74.025313645999972, 4.702639125000076 ], [ -74.025357028999963, 4.702557740000032 ], [ -74.025448861999962, 4.702421536000031 ], [ -74.025457311999958, 4.702410799000063 ], [ -74.025488227999972, 4.702377486000046 ], [ -74.025518156999965, 4.702345241000046 ], [ -74.025558091999983, 4.702282921000062 ], [ -74.025593625999988, 4.702302529000065 ], [ -74.025619938999967, 4.702317342000072 ], [ -74.025639601999956, 4.702328308000062 ], [ -74.02565438299996, 4.702335995000055 ], [ -74.025662872999987, 4.702340454000023 ], [ -74.025663827999949, 4.702337206000038 ], [ -74.025670012999967, 4.702340453000033 ], [ -74.025676202999989, 4.702319401000068 ], [ -74.025682442999937, 4.702308022000068 ], [ -74.025700022999956, 4.70229550800002 ], [ -74.025723275999951, 4.702285842000038 ], [ -74.025757303999967, 4.702260813000066 ], [ -74.025793599999986, 4.702238629000021 ], [ -74.025827626999956, 4.702221 ], [ -74.025866761999964, 4.702188007000075 ], [ -74.025920072999952, 4.702149328000075 ], [ -74.025939921999964, 4.702138522000041 ], [ -74.025954100999968, 4.702126576000069 ], [ -74.02595807199998, 4.702117473000044 ], [ -74.025956940999947, 4.702097559000038 ], [ -74.025942200999964, 4.702076506000026 ], [ -74.025928024999985, 4.702064557000028 ], [ -74.025879828999962, 4.702045773000066 ], [ -74.025840135999943, 4.702034388000072 ], [ -74.025781731999984, 4.702000241000064 ], [ -74.025725031999968, 4.701962680000065 ], [ -74.025698951999971, 4.701933091000058 ], [ -74.025633188999961, 4.701840342000025 ], [ -74.02561448199998, 4.70180278600003 ], [ -74.025561193999977, 4.701706626000032 ], [ -74.025532285999986, 4.701633229000038 ], [ -74.02551822199996, 4.70156197600005 ], [ -74.025528721999933, 4.701494054000023 ], [ -74.025523002999989, 4.701478745000031 ], [ -74.025490588999958, 4.70145195200007 ], [ -74.025477240999976, 4.701439512000036 ], [ -74.02547438199997, 4.701425162000021 ], [ -74.025476293999986, 4.701412725000068 ], [ -74.025482968999938, 4.701402204000033 ], [ -74.025492505999978, 4.701385943000048 ], [ -74.025497277999989, 4.70136106800004 ], [ -74.025489654999944, 4.701333325000064 ], [ -74.025488706999965, 4.701301754000042 ], [ -74.025484896999956, 4.701283577000027 ], [ -74.025475361999952, 4.701270180000051 ], [ -74.025457248999942, 4.701250087000062 ], [ -74.025448669999946, 4.701233823000052 ], [ -74.025447718999942, 4.701218514000061 ], [ -74.025453441999957, 4.701203211000063 ], [ -74.025463933999958, 4.701186948000043 ], [ -74.025466797999968, 4.701173556000072 ], [ -74.025462033999986, 4.701151551000066 ], [ -74.02545250299994, 4.701125719000061 ], [ -74.025450599999942, 4.701102758000047 ], [ -74.025455370999964, 4.701086494000037 ], [ -74.025470627999937, 4.701072149000026 ], [ -74.025476135999952, 4.701043854000034 ], [ -74.025478264999947, 4.701032926000039 ], [ -74.025481129999946, 4.701003270000058 ], [ -74.025483995999934, 4.700971699000036 ], [ -74.02548614899996, 4.700940855000056 ], [ -74.025490987999945, 4.700842980000061 ], [ -74.025533005999989, 4.700610293000068 ], [ -74.025781359999939, 4.700282535000042 ], [ -74.025789332999977, 4.700275512000076 ], [ -74.025891151999986, 4.700157604000026 ], [ -74.025953080999955, 4.70008496500003 ], [ -74.026071962999936, 4.700026365000042 ], [ -74.026062856999943, 4.700020355000049 ], [ -74.026029673999972, 4.699998443000027 ], [ -74.025960802999975, 4.699955467000052 ], [ -74.025917901999946, 4.699927486000036 ], [ -74.025859834999949, 4.699890758000038 ], [ -74.025828544999968, 4.699870931000021 ], [ -74.025770123999962, 4.699833757000022 ], [ -74.025716074999934, 4.699799250000069 ], [ -74.025710174999972, 4.699795483000059 ], [ -74.025711887999989, 4.69978936800004 ], [ -74.025712788999954, 4.699786150000023 ], [ -74.025716485999965, 4.699773767000067 ], [ -74.025722075999965, 4.699760390000051 ], [ -74.025725319999935, 4.69975207400006 ], [ -74.025729015999957, 4.699743758000068 ], [ -74.025732349999942, 4.699732641000026 ], [ -74.025735597999983, 4.699721160000024 ], [ -74.025738842999942, 4.699710495000033 ], [ -74.025744429999975, 4.699703628000066 ], [ -74.025749926999936, 4.699695310000038 ], [ -74.025758308999968, 4.699685188000046 ], [ -74.025765246999981, 4.699677867000048 ], [ -74.025773536999964, 4.699667746000046 ], [ -74.025786513999947, 4.699651567000046 ], [ -74.025793001999943, 4.699644699000032 ], [ -74.025802641999974, 4.69963918600007 ], [ -74.025812283999983, 4.699636929000064 ], [ -74.02582201499996, 4.69963367500003 ], [ -74.02583354799998, 4.699630967000076 ], [ -74.025844629999938, 4.699628709000024 ], [ -74.025854269999968, 4.699627354000029 ], [ -74.025865802999988, 4.699623289000044 ], [ -74.025877787999946, 4.699619132000066 ], [ -74.02588886999996, 4.699613168000042 ], [ -74.025898961999985, 4.699606751000033 ], [ -74.025908694999941, 4.699600788000055 ], [ -74.02591743499994, 4.699594825000077 ], [ -74.025925724999979, 4.699587954000037 ], [ -74.02593221099994, 4.69958144800006 ], [ -74.025940050999964, 4.699575033000031 ], [ -74.025947439999982, 4.699569520000068 ], [ -74.025959963999981, 4.699561295000024 ], [ -74.025967804999937, 4.699553885000057 ], [ -74.025973754999939, 4.699547467000059 ], [ -74.025980691999962, 4.699539605000041 ], [ -74.025989974999959, 4.699528126000075 ], [ -74.025998804999972, 4.699518908000073 ], [ -74.026008898999976, 4.699506434000057 ], [ -74.026015836999989, 4.699499114000048 ], [ -74.026022775999934, 4.699488991000067 ], [ -74.026028813999972, 4.699479320000023 ], [ -74.026035302999958, 4.699470552000037 ], [ -74.026041790999955, 4.699462238000024 ], [ -74.026045992999968, 4.699450243000058 ], [ -74.026054274999979, 4.699447182000029 ], [ -74.026054844999976, 4.699446971000043 ], [ -74.02611061999994, 4.699370110000075 ], [ -74.026135976999967, 4.699280810000062 ], [ -74.026146685999947, 4.69918246800006 ], [ -74.026128666999966, 4.699062081000022 ], [ -74.026137125999981, 4.698955261000037 ], [ -74.026151216999949, 4.698852962000046 ], [ -74.02615517299995, 4.698667580000063 ], [ -74.026133210999944, 4.698574320000034 ], [ -74.026135470999975, 4.698478803000057 ], [ -74.026160263999941, 4.698391201000049 ], [ -74.026187309999955, 4.69830077000006 ], [ -74.026180560999933, 4.698174169000026 ], [ -74.026093811999942, 4.698097860000075 ], [ -74.026027343999942, 4.698035684000047 ], [ -74.026023408999947, 4.697932254000023 ], [ -74.026020605999975, 4.697749133000059 ], [ -74.026045961999955, 4.697651921000045 ], [ -74.026065122999967, 4.697550751000051 ], [ -74.026040906999981, 4.697463147000065 ], [ -74.025946831999988, 4.697447880000027 ], [ -74.025856699999963, 4.697434872000031 ], [ -74.025779532999934, 4.697330305000037 ], [ -74.025657859999967, 4.697240430000022 ], [ -74.025590266999984, 4.697181081000053 ], [ -74.025536192999937, 4.69710477700005 ], [ -74.02556098499997, 4.697017173000063 ], [ -74.025564940999971, 4.696843659000024 ], [ -74.025533965999955, 4.696754357000032 ], [ -74.025415114999987, 4.696609657000067 ], [ -74.025362730999973, 4.696532787000024 ], [ -74.025290628999983, 4.696472872000072 ], [ -74.025304154999958, 4.696381313000074 ], [ -74.025342469999941, 4.696286362000023 ], [ -74.025392047999958, 4.696209501000055 ], [ -74.025406136999948, 4.696118505000072 ], [ -74.025360514999988, 4.696037113000045 ], [ -74.025285593999968, 4.695985675000031 ], [ -74.025135190999947, 4.69593592700005 ], [ -74.025050134999958, 4.695876009000074 ], [ -74.025024126999938, 4.695828969000047 ], [ -74.025004508999984, 4.695793490000028 ], [ -74.025002344999962, 4.695773187000043 ], [ -74.024994376999985, 4.695698535000076 ], [ -74.024993346999963, 4.695692826000027 ], [ -74.024992698999938, 4.695689228000049 ], [ -74.024978048999969, 4.69560810400003 ], [ -74.024948196999958, 4.695558364000021 ], [ -74.024941731999945, 4.695551096000031 ], [ -74.024950314999955, 4.695552719000034 ], [ -74.024948870999935, 4.69555109700002 ], [ -74.024957056999938, 4.695552644000031 ], [ -74.024961728999983, 4.695553527000072 ], [ -74.024999580999975, 4.695539971000073 ], [ -74.025034730999948, 4.695513532000064 ], [ -74.025064476999944, 4.695472847000076 ], [ -74.025089489999971, 4.695436234000056 ], [ -74.025111123999977, 4.695403687000066 ], [ -74.025119920999941, 4.695356220000065 ], [ -74.025122524999972, 4.695227587000034 ], [ -74.025125405999972, 4.695117091000043 ], [ -74.025128277999954, 4.695046775000037 ], [ -74.025111136999953, 4.694916185000068 ], [ -74.025101139999947, 4.694838694000055 ], [ -74.025076833999947, 4.694778417000066 ], [ -74.025052528999936, 4.694719578000047 ], [ -74.025021080999977, 4.694627731000026 ], [ -74.024969600999952, 4.694566018000046 ], [ -74.024866644999975, 4.694438282000021 ], [ -74.024746526999934, 4.694291890000045 ], [ -74.024614957999972, 4.69419141700007 ], [ -74.024423328999944, 4.694045011000071 ], [ -74.024220316999958, 4.693955987000038 ], [ -74.024165117999985, 4.693875727000034 ], [ -74.024105975999987, 4.69378359500007 ], [ -74.023860381999953, 4.69359593400003 ], [ -74.023709416999964, 4.693503229000044 ], [ -74.023706607999941, 4.693408275000024 ], [ -74.023759566999956, 4.693334805000063 ], [ -74.023713947999966, 4.693202547000055 ], [ -74.023651424999969, 4.693133024000076 ], [ -74.023621573999947, 4.693047112000045 ], [ -74.023578768999982, 4.692964025000038 ], [ -74.023645252999984, 4.692779777000055 ], [ -74.023642446999986, 4.692679174000034 ], [ -74.023592318999988, 4.692563304000032 ], [ -74.023508955999944, 4.692458737000038 ], [ -74.023594020999951, 4.69239996500005 ], [ -74.023689222999963, 4.692393190000075 ], [ -74.023779354999988, 4.692375111000047 ], [ -74.023864982999953, 4.692347423000058 ], [ -74.023938219999934, 4.692287517000068 ], [ -74.024017653999977, 4.692211788000066 ], [ -74.024123006999957, 4.69204902000007 ], [ -74.024196248999942, 4.69190433700004 ], [ -74.02424188599997, 4.691814473000022 ], [ -74.024327513999935, 4.691785090000053 ], [ -74.024413141999958, 4.691748924000024 ], [ -74.024474547999944, 4.691678846000059 ], [ -74.024533142999985, 4.691565811000032 ], [ -74.024677384999961, 4.691139102000022 ], [ -74.024692037999955, 4.691048107000029 ], [ -74.024687539999945, 4.690946373000031 ], [ -74.02467459099995, 4.690837289000058 ], [ -74.024680794999938, 4.690740643000026 ], [ -74.024706152999954, 4.690618562000054 ], [ -74.024773193999977, 4.690534353000032 ], [ -74.024845868999989, 4.690471622000075 ], [ -74.024870099999987, 4.690342761000068 ], [ -74.024912751999977, 4.690263381000022 ], [ -74.025007175999974, 4.690267601000073 ], [ -74.025149685999963, 4.690408345000037 ], [ -74.025208265999936, 4.69048069300004 ], [ -74.025249944999985, 4.690566604000026 ], [ -74.025367666999955, 4.690731652000068 ], [ -74.025484822999942, 4.690952085000049 ], [ -74.025529315999961, 4.691068519000055 ], [ -74.025581697999939, 4.691147648000026 ], [ -74.025712379999959, 4.691296869000041 ], [ -74.02585996199997, 4.691408788000047 ], [ -74.026052609999965, 4.691533033000042 ], [ -74.02604637099995, 4.691574831000025 ], [ -74.026046055999984, 4.691577184000039 ], [ -74.026053162999972, 4.69153338700005 ], [ -74.026059121999936, 4.691537230000051 ], [ -74.026059624999959, 4.691537554000035 ], [ -74.026086968999948, 4.69155519100002 ], [ -74.026186110999959, 4.691604933000065 ], [ -74.026298206999968, 4.691642811000065 ], [ -74.026305345999958, 4.69164280900003 ], [ -74.026388339999983, 4.691642816000069 ], [ -74.026395477999984, 4.691642817000059 ], [ -74.026499695999973, 4.691618521000066 ], [ -74.026593773999934, 4.691572748000056 ], [ -74.026663627999937, 4.691506626000034 ], [ -74.026678214999947, 4.69148117900005 ], [ -74.026715460999981, 4.691416199000059 ], [ -74.026748785999985, 4.691358359000048 ], [ -74.02676362699998, 4.691302035000035 ], [ -74.026753146999965, 4.69123926900005 ], [ -74.026738683999952, 4.691175365000049 ], [ -74.026719877999938, 4.69111000700002 ], [ -74.02669093999998, 4.691031577000047 ], [ -74.026651873999981, 4.690940074000025 ], [ -74.026608464999981, 4.690838404000033 ], [ -74.02658532099997, 4.69075126000007 ], [ -74.026562178999939, 4.690648142000043 ], [ -74.026566528999979, 4.690598763000025 ], [ -74.026579569999967, 4.690529056000059 ], [ -74.02665340599998, 4.690447739000035 ], [ -74.02669395199996, 4.690346083000065 ], [ -74.026691067999934, 4.690285084000038 ], [ -74.026682391999941, 4.69022553800005 ], [ -74.026707029999955, 4.690051262000054 ], [ -74.026718627999969, 4.689949604000049 ], [ -74.026727324999968, 4.689879892000022 ], [ -74.026720097999942, 4.689821798000025 ], [ -74.026708525999936, 4.689763704000029 ], [ -74.026644852999937, 4.689664935000053 ], [ -74.026565259999984, 4.689548737000052 ], [ -74.026508820999936, 4.689468850000026 ], [ -74.026474089999965, 4.689416558000062 ], [ -74.026366990999975, 4.689324910000039 ], [ -74.026364929999943, 4.689323146000049 ], [ -74.02618384799996, 4.689215864000062 ], [ -74.026010356999961, 4.689032164000025 ], [ -74.025663369999961, 4.688789105000069 ], [ -74.025552966999953, 4.688687926000057 ], [ -74.025456080999959, 4.688624617000073 ], [ -74.025368768999954, 4.688586179000026 ], [ -74.025278638999964, 4.688570913000035 ], [ -74.025214989999938, 4.688497996000024 ], [ -74.025193026999943, 4.688391738000064 ], [ -74.025226271999941, 4.688278703000037 ], [ -74.025278107999952, 4.688139669000066 ], [ -74.025354727999968, 4.68802550700002 ], [ -74.025378958999966, 4.687932817000046 ], [ -74.025361589999989, 4.687784089000047 ], [ -74.025232387999949, 4.687766685000042 ], [ -74.025179819999948, 4.687759227000072 ], [ -74.02507649599994, 4.687740546000043 ], [ -74.024957952999955, 4.687719163000054 ], [ -74.024881300999937, 4.687703803000034 ], [ -74.024866280999959, 4.687698999000077 ], [ -74.024873273999958, 4.687676805000024 ], [ -74.024887035999939, 4.687631030000034 ], [ -74.024916665999967, 4.687534471000049 ], [ -74.024945733999971, 4.687440107000043 ], [ -74.024959868999986, 4.687392734000071 ], [ -74.025010066999982, 4.687229004000073 ], [ -74.025049124999953, 4.68710126000002 ], [ -74.025064826999937, 4.687052667000046 ], [ -74.025112683999964, 4.686853150000047 ], [ -74.025116245999982, 4.686840061000055 ], [ -74.025139889999934, 4.686753940000074 ], [ -74.025176620999957, 4.686616684000057 ], [ -74.025216690999969, 4.686471074000053 ], [ -74.025210252999955, 4.686467823000044 ], [ -74.025100720999944, 4.68644518800005 ], [ -74.025021920999961, 4.686494939000056 ], [ -74.02493291199994, 4.686549757000023 ], [ -74.024925773999939, 4.686549757000023 ], [ -74.024841654999989, 4.686549749000051 ], [ -74.024732935999964, 4.686519221000026 ], [ -74.024646187999963, 4.686485869000023 ], [ -74.02452169999998, 4.686424818000035 ], [ -74.024458614999958, 4.686342861000071 ], [ -74.02455043599997, 4.686338909000028 ], [ -74.024647891999962, 4.686302180000041 ], [ -74.024752894999949, 4.686274752000031 ], [ -74.024784398999941, 4.686281278000024 ], [ -74.024791538999978, 4.68628127900007 ], [ -74.024879038999984, 4.686281286000053 ], [ -74.024886178999964, 4.686281286000053 ], [ -74.025001098999951, 4.68621799400006 ], [ -74.025107008999953, 4.686134917000061 ], [ -74.025190383999984, 4.686074450000035 ], [ -74.02527601099996, 4.686037153000029 ], [ -74.02535187999996, 4.686020147000022 ], [ -74.025355203999936, 4.686008446000073 ], [ -74.025402522999968, 4.685838195000031 ], [ -74.025438606999955, 4.685710297000071 ], [ -74.025443413999938, 4.685696429000075 ], [ -74.025464323999984, 4.685664003000056 ], [ -74.025642711999978, 4.685398587000066 ], [ -74.025730591999945, 4.685269170000026 ], [ -74.025862563999965, 4.685073631000023 ], [ -74.026049643999954, 4.684792753000067 ], [ -74.026076079999939, 4.684756676000063 ], [ -74.026117018999969, 4.684698525000044 ], [ -74.026163742999984, 4.684627936000027 ], [ -74.026202179999984, 4.684567002000051 ], [ -74.026218969999945, 4.684538867000072 ], [ -74.02624497499994, 4.684492594000062 ], [ -74.026257619999967, 4.684469110000066 ], [ -74.02626576199998, 4.684456775000058 ], [ -74.026265842999976, 4.68445665400003 ], [ -74.026290199999949, 4.684457070000065 ], [ -74.026296035999962, 4.684457171000076 ], [ -74.026344969999968, 4.684453404000067 ], [ -74.026392023999961, 4.684443970000075 ], [ -74.026435311999933, 4.684428871000023 ], [ -74.026476718999959, 4.684411884000042 ], [ -74.026536010999962, 4.684374127000069 ], [ -74.026587775999985, 4.684324095000022 ], [ -74.026625426999942, 4.684272174000057 ], [ -74.026675310999963, 4.684205147000057 ], [ -74.02669978299997, 4.684170218000077 ], [ -74.026742138999964, 4.684113575000026 ], [ -74.026780729999984, 4.684065430000032 ], [ -74.026817391999941, 4.684025179000059 ], [ -74.026851758999953, 4.683969228000024 ], [ -74.026878239999974, 4.683877102000054 ], [ -74.026971756999956, 4.683785549000049 ], [ -74.027097951999963, 4.683634651000034 ], [ -74.027171186999965, 4.683558355000059 ], [ -74.027261884999973, 4.683501842000055 ], [ -74.027362721999964, 4.683464546000039 ], [ -74.027450600999941, 4.683435729000053 ], [ -74.027545800999974, 4.683428388000038 ], [ -74.027605517999973, 4.683352655000022 ], [ -74.027514262999944, 4.683339085000057 ], [ -74.027463560999934, 4.683315203000063 ], [ -74.027460230999964, 4.683313635000047 ], [ -74.027489120999974, 4.683301735000043 ], [ -74.027734664999969, 4.68322613600003 ], [ -74.027768325999943, 4.683221682000067 ], [ -74.028059501999962, 4.68317279200005 ], [ -74.028125541999941, 4.683134078000023 ], [ -74.028205968999941, 4.683081905000051 ], [ -74.028545167999937, 4.683070980000025 ], [ -74.028877075999958, 4.683188888000075 ], [ -74.028880684999933, 4.683187635000024 ], [ -74.028927788999965, 4.683171284000025 ], [ -74.029001392999987, 4.683154047000073 ], [ -74.029362213999946, 4.68311817600005 ], [ -74.029634013999953, 4.683005611000056 ], [ -74.029852174999974, 4.682812676000026 ], [ -74.029887147999943, 4.682808869000041 ], [ -74.029934935999961, 4.682750485000042 ], [ -74.030114043999959, 4.682624001000022 ], [ -74.030142861999934, 4.682587157000057 ], [ -74.030391142999974, 4.682507315000066 ], [ -74.030452240999978, 4.682462214000054 ], [ -74.030476207999982, 4.682447099000058 ], [ -74.030784648999941, 4.682239467000045 ], [ -74.030846607999933, 4.682173998000053 ], [ -74.031079993999981, 4.682073474000049 ], [ -74.03121693099996, 4.682068877000063 ], [ -74.031217326999979, 4.68206910400005 ], [ -74.031224068999961, 4.682068876000073 ], [ -74.031476945999941, 4.682213514000068 ], [ -74.031754288999934, 4.68225129800004 ], [ -74.032117188999962, 4.682233422000024 ], [ -74.032126707999964, 4.68223294400002 ], [ -74.032522808999943, 4.682159733000049 ], [ -74.032833634999974, 4.68200138900005 ], [ -74.032895919999987, 4.681939617000069 ], [ -74.033481889999962, 4.681730318000064 ], [ -74.03408759499996, 4.681721868000068 ], [ -74.034583641999973, 4.681498641000076 ], [ -74.034663613999953, 4.681482022000068 ], [ -74.035076465999964, 4.681298763000029 ], [ -74.035943913999972, 4.681048259000022 ], [ -74.036539601999948, 4.680496912000024 ], [ -74.036613990999967, 4.680457089000072 ], [ -74.037603993999937, 4.679821816000072 ], [ -74.037736545999962, 4.679734293000024 ], [ -74.037993554999957, 4.679848597000046 ], [ -74.038060551999934, 4.67987839400007 ], [ -74.038149057999988, 4.679917755000076 ], [ -74.038263556999937, 4.679968688000031 ], [ -74.04331240099998, 4.682612619000054 ], [ -74.046385274999977, 4.684056971000075 ], [ -74.046902811999985, 4.68430022900003 ], [ -74.048199303999979, 4.684900276000064 ], [ -74.048361391999947, 4.684975301000065 ], [ -74.050016377999953, 4.68548168500007 ], [ -74.052204342999971, 4.685903753000048 ], [ -74.057247039999936, 4.686836304000053 ], [ -74.056098654999971, 4.693675824000024 ], [ -74.055514802999937, 4.697153241000024 ], [ -74.054156096999975, 4.705245365000053 ], [ -74.054045993999978, 4.705901117000053 ], [ -74.053904315999944, 4.706744913000023 ], [ -74.054887970999971, 4.706907975000036 ], [ -74.05562090899997, 4.707026721000034 ], [ -74.056990493999933, 4.707262008000043 ], [ -74.058074026999975, 4.707448173000046 ], [ -74.059735015999934, 4.707727136000074 ], [ -74.059739873999945, 4.707727914000031 ], [ -74.059782316999986, 4.70773441700004 ], [ -74.061206880999976, 4.70795268400002 ], [ -74.061780246999945, 4.708083195000029 ], [ -74.062371351999957, 4.708225644000038 ], [ -74.062761426999941, 4.708362063000038 ], [ -74.06380769499998, 4.708812971000043 ], [ -74.064268713999979, 4.709020584000029 ], [ -74.064392874999953, 4.709068056000035 ], [ -74.064420885999937, 4.709081619000074 ], [ -74.064500702999965, 4.709118493000062 ], [ -74.064937156999974, 4.709320314000024 ], [ -74.064929900999971, 4.709383764000052 ], [ -74.064902064999956, 4.709627154000032 ], [ -74.064885726999989, 4.709692758000074 ], [ -74.064864743999976, 4.709734844000025 ], [ -74.064857635999942, 4.709782865000022 ], [ -74.064855375999969, 4.709798119000027 ], [ -74.064846000999978, 4.709903484000051 ], [ -74.064839249999977, 4.70995245000006 ], [ -74.064834375999965, 4.709987804000036 ], [ -74.064808440999968, 4.710025045000066 ], [ -74.064791148999973, 4.710049875000038 ], [ -74.064777534999962, 4.710070624000025 ], [ -74.064728138999953, 4.710145911000041 ], [ -74.064686106999943, 4.71022083400004 ], [ -74.064672761999987, 4.710249476000058 ], [ -74.064653367999938, 4.710291099000074 ], [ -74.064648713999986, 4.710359027000038 ], [ -74.064648706999947, 4.710417576000054 ], [ -74.064658060999989, 4.710469132000071 ], [ -74.064661487999956, 4.710489878000033 ], [ -74.064665024999954, 4.710511293000025 ], [ -74.064683668999976, 4.710579163000034 ], [ -74.064707028999976, 4.710644772000023 ], [ -74.064765370999964, 4.710740823000037 ], [ -74.064897263999967, 4.710849737000046 ], [ -74.064949338999952, 4.710931711000057 ], [ -74.065032665999979, 4.711062887000026 ], [ -74.065116684999964, 4.711266638000041 ], [ -74.065135662999978, 4.711321775000044 ], [ -74.065158620999966, 4.711388465000027 ], [ -74.065181970999959, 4.711535993000041 ], [ -74.06517903799994, 4.711565718000031 ], [ -74.065169143999981, 4.711666005000041 ], [ -74.06514234499997, 4.711725067000032 ], [ -74.065122392999967, 4.711769034000042 ], [ -74.065067078999959, 4.711886977000063 ], [ -74.065029031999984, 4.711968102000071 ], [ -74.064986995999959, 4.712082854000073 ], [ -74.064906431999987, 4.712383830000022 ], [ -74.06489748599995, 4.712446427000032 ], [ -74.064892270999962, 4.712482916000056 ], [ -74.064871346999951, 4.712629727000035 ], [ -74.064815283999963, 4.712906059000034 ], [ -74.064748741999949, 4.713099267000075 ], [ -74.064698440999962, 4.713263684000026 ], [ -74.064613326999961, 4.713541900000052 ], [ -74.064613299999962, 4.713541926000062 ], [ -74.064507095999943, 4.713648450000051 ], [ -74.064336612999966, 4.714210571000024 ], [ -74.064224517999946, 4.714477573000067 ], [ -74.064154469999949, 4.714571208000052 ], [ -74.063920258999985, 4.714777036000044 ], [ -74.063916598999981, 4.714778943000056 ], [ -74.063868309999975, 4.71480125000005 ], [ -74.063818119999951, 4.714823066000065 ], [ -74.063795804999984, 4.71482800800004 ], [ -74.063778067999976, 4.714828217000047 ], [ -74.063761947999978, 4.714829132000034 ], [ -74.06374737699997, 4.714832448000038 ], [ -74.063726258999964, 4.71484240500007 ], [ -74.063705422999988, 4.714850241000022 ], [ -74.063691414999937, 4.714852922000034 ], [ -74.063685995999947, 4.714852498000027 ], [ -74.063670298999966, 4.714852496000049 ], [ -74.063652841999954, 4.714852918000076 ], [ -74.063637988999972, 4.714856802000043 ], [ -74.063614900999937, 4.714860610000073 ], [ -74.063597442999935, 4.714860820000069 ], [ -74.06355042399997, 4.714853611000024 ], [ -74.063527971999974, 4.714850428000034 ], [ -74.063503123999965, 4.714848873000051 ], [ -74.06349143999995, 4.714849082000057 ], [ -74.06342717299998, 4.714851758000066 ], [ -74.063396272999967, 4.714856488000066 ], [ -74.063384796999969, 4.714858110000023 ], [ -74.063312224999947, 4.714871587000061 ], [ -74.063293640999973, 4.714877449000028 ], [ -74.063280196999983, 4.714880766000022 ], [ -74.063231626999936, 4.714893611000036 ], [ -74.063206495999964, 4.71490123500007 ], [ -74.063175311999942, 4.714912742000024 ], [ -74.063123643999973, 4.714935899000068 ], [ -74.063099430999955, 4.714946489000056 ], [ -74.063070919999973, 4.71495524200003 ], [ -74.063040720999936, 4.714968515000066 ], [ -74.063009818999944, 4.714987437000048 ], [ -74.062979547999987, 4.715007418000027 ], [ -74.06296539799996, 4.715018010000051 ], [ -74.062927595999952, 4.715048583000055 ], [ -74.062898452999946, 4.715067507000072 ], [ -74.062876700999936, 4.715087562000065 ], [ -74.062859662999983, 4.71510033900006 ], [ -74.062799895999945, 4.715145106000023 ], [ -74.062767374999964, 4.715162687000031 ], [ -74.06268466299997, 4.715211473000068 ], [ -74.062653759999989, 4.715236681000022 ], [ -74.062608070999943, 4.715277635000064 ], [ -74.062587442999984, 4.715300794000029 ], [ -74.062575333999973, 4.715321063000033 ], [ -74.062520068999959, 4.715395277000027 ], [ -74.062508591999972, 4.715410812000073 ], [ -74.06247796599996, 4.715464128000065 ], [ -74.062456423999947, 4.715500352000049 ], [ -74.062421992999987, 4.715562706000071 ], [ -74.06240136699995, 4.715589046000048 ], [ -74.062383552999961, 4.715621669000029 ], [ -74.062362714999949, 4.715652668000075 ], [ -74.062343636999969, 4.71567611100005 ], [ -74.06230491599996, 4.715708451000069 ], [ -74.062258525999937, 4.715761129000043 ], [ -74.06221624799997, 4.71580326000003 ], [ -74.062204106999957, 4.715815357000054 ], [ -74.062194462999969, 4.715823689000047 ], [ -74.062183269999935, 4.715829550000024 ], [ -74.062171372999956, 4.715835128000037 ], [ -74.062163065999982, 4.715840352000043 ], [ -74.062115409999933, 4.715863511000066 ], [ -74.062098163999963, 4.715875442000026 ], [ -74.062086264999948, 4.715884197000037 ], [ -74.062073030999954, 4.715899733000072 ], [ -74.06206267999994, 4.715917034000029 ], [ -74.062039237999954, 4.715930521000075 ], [ -74.062017908999962, 4.715956152000047 ], [ -74.061988973999973, 4.715993081000022 ], [ -74.061951449999981, 4.716039898000076 ], [ -74.061942014999943, 4.716057625000076 ], [ -74.061937718999957, 4.71607838500006 ], [ -74.061929335999935, 4.71611998000003 ], [ -74.061926164999988, 4.716156419000072 ], [ -74.061926162999953, 4.716171038000027 ], [ -74.061918339999977, 4.716235160000053 ], [ -74.061914746999946, 4.716259454000067 ], [ -74.061913195999978, 4.716292079000027 ], [ -74.061915373999966, 4.716317786000047 ], [ -74.061923042999979, 4.716334666000023 ], [ -74.061926697999979, 4.716390456000056 ], [ -74.061928947999945, 4.716404581000063 ], [ -74.061913519999962, 4.716495257000076 ], [ -74.061892387999933, 4.716619968000032 ], [ -74.061860026999966, 4.717023139000048 ], [ -74.061846276999972, 4.717204342000059 ], [ -74.061803404999978, 4.71777015300006 ], [ -74.061746798999934, 4.718403825000053 ], [ -74.061707506999937, 4.718517659000042 ], [ -74.061577167999985, 4.71889518200004 ], [ -74.061465921999968, 4.719125602000076 ], [ -74.061237103999986, 4.719518009000069 ], [ -74.06112946099995, 4.71963854300003 ], [ -74.061036099999967, 4.719820380000044 ], [ -74.060656539999968, 4.720498921000058 ], [ -74.060271627999953, 4.72118290100002 ], [ -74.059924382999952, 4.721796690000076 ], [ -74.059465891999935, 4.72262712600002 ], [ -74.05914729899996, 4.723204265000049 ], [ -74.058972336999943, 4.723533682000038 ], [ -74.05892565399995, 4.723638056000027 ], [ -74.058896921999974, 4.723724422000032 ], [ -74.058812571999965, 4.723906258000056 ], [ -74.058727308999948, 4.724041272000022 ], [ -74.058634027999972, 4.72416004400003 ], [ -74.058499425999969, 4.724269840000034 ], [ -74.058361235999939, 4.724381400000027 ], [ -74.058199747999936, 4.724471421000032 ], [ -74.058022135999977, 4.724600983000073 ], [ -74.058010449999983, 4.72461355300004 ], [ -74.057802275999961, 4.724829554000053 ], [ -74.057565446999945, 4.725090535000049 ], [ -74.05749310799996, 4.725172386000054 ], [ -74.057369803999961, 4.725311902000044 ], [ -74.057243291999953, 4.72545771700004 ], [ -74.057168354999988, 4.725629318000074 ], [ -74.057079796999972, 4.725739219000047 ], [ -74.057025755999973, 4.725850629000035 ], [ -74.057006236999939, 4.725931932000037 ], [ -74.056995723999989, 4.725998182000069 ], [ -74.056982208999955, 4.72605539400007 ], [ -74.056966328999977, 4.72614283300004 ], [ -74.056946164999943, 4.726266179000049 ], [ -74.056916131999969, 4.726401684000052 ], [ -74.05689360599996, 4.726511597000069 ], [ -74.056878582999957, 4.726632044000041 ], [ -74.056865066999933, 4.726708831000053 ], [ -74.056853049999972, 4.726791640000044 ], [ -74.056817168999942, 4.727007292000053 ], [ -74.05679297599994, 4.727130407000061 ], [ -74.056774956999959, 4.727211710000063 ], [ -74.056752425999946, 4.727350226000055 ], [ -74.056722389999948, 4.727520362000064 ], [ -74.056698359999984, 4.727681463000067 ], [ -74.056686345999935, 4.727737171000058 ], [ -74.056659311999965, 4.727896766000072 ], [ -74.056629275999967, 4.72805033800006 ], [ -74.056584222999959, 4.728294247000065 ], [ -74.056549676999964, 4.728500518000033 ], [ -74.056528652999987, 4.72862096800003 ], [ -74.056500117999974, 4.728780563000043 ], [ -74.056479051999986, 4.728924865000067 ], [ -74.056455059999962, 4.729051576000074 ], [ -74.05643403299996, 4.729184069000041 ], [ -74.056408501999954, 4.729321083000059 ], [ -74.056381467999984, 4.729482184000062 ], [ -74.056366448999938, 4.72958155300006 ], [ -74.056352937999975, 4.729617689000065 ], [ -74.056330407999951, 4.729751688000022 ], [ -74.056285349999939, 4.730024205000063 ], [ -74.056244797999966, 4.730275644000073 ], [ -74.056217759999981, 4.730462343000056 ], [ -74.056207240999981, 4.730561713000043 ], [ -74.056197770999972, 4.730694412000048 ], [ -74.05621320399996, 4.730861338000068 ], [ -74.056216190999976, 4.730975770000043 ], [ -74.056207169999936, 4.731106759000056 ], [ -74.056201158999954, 4.731159456000057 ], [ -74.056186137999987, 4.731269368000028 ], [ -74.056169617999956, 4.731359705000045 ], [ -74.056158048999976, 4.731417773000032 ], [ -74.056147091999946, 4.731471120000037 ], [ -74.05613141699996, 4.731560796000053 ], [ -74.056112544999962, 4.731702987000062 ], [ -74.056090018999953, 4.731817410000076 ], [ -74.05606996399996, 4.731961800000022 ], [ -74.056055468999944, 4.732067346000065 ], [ -74.056032928999969, 4.732290182000042 ], [ -74.056020908999983, 4.732398586000045 ], [ -74.056004591999965, 4.732529563000071 ], [ -74.055978850999963, 4.732687665000071 ], [ -74.055954817999975, 4.732835216000069 ], [ -74.055926288999956, 4.73295566500002 ], [ -74.05590848199995, 4.733126627000047 ], [ -74.055896239999981, 4.733210117000056 ], [ -74.05585268599998, 4.73343896800003 ], [ -74.055818145999979, 4.733624161000023 ], [ -74.05578660599997, 4.733804835000058 ], [ -74.055752061999954, 4.734011105000036 ], [ -74.055723528999977, 4.734160160000044 ], [ -74.05569199599995, 4.734292654000058 ], [ -74.055675474999987, 4.734381485000029 ], [ -74.055646938999985, 4.734547106000036 ], [ -74.055630419999943, 4.734641957000065 ], [ -74.055592874999945, 4.734831666000048 ], [ -74.055570834999969, 4.734960426000043 ], [ -74.055553825999937, 4.735052990000042 ], [ -74.055517779999946, 4.735254743000041 ], [ -74.055487747999962, 4.735391754000034 ], [ -74.055468223999981, 4.735491126000056 ], [ -74.055406651999988, 4.735804293000058 ], [ -74.055378112999961, 4.735997012000041 ], [ -74.055327054999964, 4.736237908000021 ], [ -74.055300019999947, 4.736395999000024 ], [ -74.055274488999942, 4.736539032000053 ], [ -74.055238446999965, 4.736722717000021 ], [ -74.055211411999949, 4.736876291000044 ], [ -74.055184379999957, 4.737010292000036 ], [ -74.055154340999934, 4.73719698900004 ], [ -74.055124301999967, 4.737383686000044 ], [ -74.055098646999966, 4.73750215900003 ], [ -74.055073249999964, 4.737580917000059 ], [ -74.055035713999985, 4.737693838000041 ], [ -74.055002686999956, 4.737778149000064 ], [ -74.054956144999949, 4.737909135000052 ], [ -74.054912144999946, 4.738013604000059 ], [ -74.054833042999974, 4.73820874300003 ], [ -74.054771488999961, 4.738377369000034 ], [ -74.054733954999961, 4.738481255000067 ], [ -74.054658889999985, 4.738679990000037 ], [ -74.054564310999979, 4.738920883000048 ], [ -74.054522983999959, 4.73904277500003 ], [ -74.054513263999979, 4.739071442000068 ], [ -74.05444420799995, 4.739237055000046 ], [ -74.054394665999951, 4.739368038000066 ], [ -74.054363853999973, 4.739447302000031 ], [ -74.054360134999968, 4.739456867000058 ], [ -74.054336112999977, 4.739530639000066 ], [ -74.054279062999967, 4.739687220000064 ], [ -74.054222013999947, 4.739836271000058 ], [ -74.054181480999944, 4.739928113000076 ], [ -74.054137941999954, 4.740050064000059 ], [ -74.05411391399997, 4.740165998000066 ], [ -74.054097395999975, 4.740244290000021 ], [ -74.054085370999985, 4.740369257000054 ], [ -74.054082354999935, 4.740483684000026 ], [ -74.054070327999966, 4.740631237000059 ], [ -74.054061302999969, 4.740789329000052 ], [ -74.054053770999985, 4.740998615000024 ], [ -74.054042237999965, 4.741194868000036 ], [ -74.054032713999959, 4.74136147400003 ], [ -74.054029695999986, 4.741474398000037 ], [ -74.054023675999986, 4.741605389000028 ], [ -74.054016140999977, 4.741831235000063 ], [ -74.054010123999944, 4.741936630000055 ], [ -74.054005604999986, 4.742061599000067 ], [ -74.054001082999946, 4.742206141000054 ], [ -74.053981535999981, 4.742484684000033 ], [ -74.05397401099998, 4.742651810000041 ], [ -74.053964986999972, 4.742800868000074 ], [ -74.053960466999968, 4.74292583700003 ], [ -74.053952897999977, 4.743037969000056 ], [ -74.053943926999978, 4.74316222300007 ], [ -74.05393490299997, 4.743314293000026 ], [ -74.053928879999944, 4.743452810000065 ], [ -74.053921360999936, 4.743565735000061 ], [ -74.053913846999933, 4.743660591000037 ], [ -74.05391082899996, 4.743772008000064 ], [ -74.053900302999978, 4.743930100000057 ], [ -74.053895782999973, 4.744049045000054 ], [ -74.053888266999934, 4.744151428000066 ], [ -74.053879230999939, 4.74438179200007 ], [ -74.053870207999978, 4.744526333000067 ], [ -74.053864187999977, 4.744655821000038 ], [ -74.053858172999981, 4.744737124000039 ], [ -74.053847646999941, 4.744883169000047 ], [ -74.053844631999937, 4.745000610000034 ], [ -74.053834103999975, 4.745166232000031 ], [ -74.053828081999939, 4.745292704000065 ], [ -74.05382356299998, 4.745417675000056 ], [ -74.053811529999962, 4.745619429000044 ], [ -74.053798000999961, 4.745795588000021 ], [ -74.053791969999963, 4.745994333000056 ], [ -74.053787454999963, 4.746087686000067 ], [ -74.053779937999934, 4.746187055000064 ], [ -74.053772420999962, 4.746275887000024 ], [ -74.053766407999944, 4.74636171100002 ], [ -74.053758896999966, 4.746423442000037 ], [ -74.053749880999987, 4.746477643000048 ], [ -74.053739371999939, 4.74652281300007 ], [ -74.053727358999936, 4.746569484000076 ], [ -74.053715346999979, 4.746608630000026 ], [ -74.053704623999977, 4.746643988000073 ], [ -74.053685319999943, 4.746703482000044 ], [ -74.053661293999937, 4.746792312000025 ], [ -74.053649532999941, 4.74683826200004 ], [ -74.053624775999936, 4.746907781000061 ], [ -74.05361174799998, 4.746945880000055 ], [ -74.05359630199996, 4.74699281300002 ], [ -74.053584720999936, 4.747039229000052 ], [ -74.053572707999933, 4.747085903000027 ], [ -74.053539676999947, 4.747201834000066 ], [ -74.053526161999969, 4.747259047000057 ], [ -74.05351264799998, 4.747314756000037 ], [ -74.053500632999942, 4.747365946000059 ], [ -74.053493118999938, 4.747441225000046 ], [ -74.053490106999959, 4.747528553000052 ], [ -74.05348558999998, 4.747639971000069 ], [ -74.053485571999943, 4.747761928000045 ], [ -74.053476547999935, 4.747910986000022 ], [ -74.053472029999966, 4.748029933000055 ], [ -74.053467509999962, 4.748144361000072 ], [ -74.053462990999947, 4.748281378000058 ], [ -74.053456967999978, 4.748427424000056 ], [ -74.053449444999956, 4.748580999000069 ], [ -74.05344942499994, 4.74871801300003 ], [ -74.053441909999947, 4.748802327000021 ], [ -74.053434385999935, 4.748952892000034 ], [ -74.053429850999976, 4.749214875000064 ], [ -74.053429837999943, 4.749305215000049 ], [ -74.053422314999978, 4.749436206000041 ], [ -74.053420802999938, 4.749522027000069 ], [ -74.053413285999966, 4.749610860000075 ], [ -74.053408770999965, 4.74970872800003 ], [ -74.053405752999936, 4.749824662000037 ], [ -74.053403279999941, 4.749946500000021 ], [ -74.053398221999942, 4.750038463000067 ], [ -74.053396715999952, 4.750080622000041 ], [ -74.053395207999984, 4.750128801000074 ], [ -74.053390696999941, 4.750190533000023 ], [ -74.053390682999975, 4.750289907000024 ], [ -74.05338616399996, 4.750401322000073 ], [ -74.053383406999956, 4.750492730000076 ], [ -74.053379061999976, 4.75059576700005 ], [ -74.053378623999947, 4.750691914000072 ], [ -74.053369600999986, 4.750822904000074 ], [ -74.053366579999988, 4.750964434000025 ], [ -74.053360555999973, 4.751111987000058 ], [ -74.053356039999983, 4.751218888000039 ], [ -74.053345519999937, 4.751313743000026 ], [ -74.053333503999966, 4.751396555000042 ], [ -74.053319988999988, 4.751447744000075 ], [ -74.05330947899995, 4.75149291200006 ], [ -74.053297884999949, 4.751530555000045 ], [ -74.053270442999974, 4.751613359000032 ], [ -74.053223897999942, 4.751753377000057 ], [ -74.053188946999967, 4.751867588000039 ], [ -74.053157834999979, 4.751964159000067 ], [ -74.053132308999977, 4.752043957000069 ], [ -74.053028712999946, 4.752350342000057 ], [ -74.05296182799998, 4.752548020000063 ], [ -74.052846277999947, 4.752880101000073 ], [ -74.053709501999947, 4.753039079000075 ], [ -74.053910046999988, 4.753076011000076 ], [ -74.057442542999979, 4.753726576000076 ], [ -74.058362737999971, 4.75463290700003 ], [ -74.059274071999937, 4.755495308000036 ], [ -74.059882193999954, 4.756060355000045 ], [ -74.06047125799995, 4.756498494000027 ], [ -74.060540587999981, 4.756550691000029 ], [ -74.061235374999967, 4.757053179000025 ], [ -74.061460117999957, 4.757219874000043 ], [ -74.06283624799994, 4.758240380000075 ], [ -74.063014820999967, 4.758372818000055 ], [ -74.063683635999951, 4.758870075000061 ], [ -74.063735579999957, 4.758915277000028 ], [ -74.065613787999951, 4.760309779000067 ], [ -74.065807069999948, 4.760457401000053 ], [ -74.066232555999989, 4.760810487000072 ], [ -74.066521707999982, 4.761026057000038 ], [ -74.066809450999983, 4.761238943000023 ], [ -74.067103951999968, 4.761458539000046 ], [ -74.067222414999947, 4.761533270000029 ], [ -74.067530782999938, 4.761760848000051 ], [ -74.06810655299995, 4.762190998000051 ], [ -74.068129287999966, 4.762207034000028 ], [ -74.06842955999997, 4.762429806000057 ], [ -74.068478974999948, 4.762459120000074 ], [ -74.068513112999938, 4.762478545000022 ], [ -74.068618768999954, 4.762531877000072 ], [ -74.068650723999951, 4.762546709000048 ], [ -74.06872836499997, 4.76258174700007 ], [ -74.06876813599996, 4.762599408000028 ], [ -74.068830711999965, 4.762623569000027 ], [ -74.068873511999982, 4.762638191000065 ], [ -74.068940593999969, 4.76265882000007 ], [ -74.068976212999985, 4.762668501000064 ], [ -74.069017813999949, 4.762678462000054 ], [ -74.069042449999984, 4.762683693000042 ], [ -74.069188726999982, 4.762701720000052 ], [ -74.06927432699996, 4.762708932000066 ], [ -74.069315576999941, 4.762711620000061 ], [ -74.069355418999976, 4.762713673000064 ], [ -74.069387659999961, 4.76271403100003 ], [ -74.069414972999937, 4.762711703000036 ], [ -74.069491703999972, 4.76269617600002 ], [ -74.069678110999973, 4.762670140000068 ], [ -74.070809106999945, 4.76228779500002 ], [ -74.070980945999963, 4.762232590000053 ], [ -74.071433453999987, 4.761962021000045 ], [ -74.071639472999948, 4.761838836000038 ], [ -74.072883406999949, 4.761095051000041 ], [ -74.072531178999952, 4.761462874000074 ], [ -74.072160889999964, 4.761869066000031 ], [ -74.072140352999952, 4.761888145000057 ], [ -74.072129175999976, 4.76189854100005 ], [ -74.071943112999975, 4.76204640800006 ], [ -74.071922075999964, 4.762060461000033 ], [ -74.071906227999989, 4.76207105900005 ], [ -74.071897380999985, 4.76207598700006 ], [ -74.071844623999937, 4.762105434000034 ], [ -74.071569184999987, 4.762601647000054 ], [ -74.071494757999972, 4.762658848000058 ], [ -74.071458433999965, 4.762911645000031 ], [ -74.07142324199998, 4.763156477000052 ], [ -74.071418973999982, 4.763161991000061 ], [ -74.071414911999966, 4.763162322000028 ], [ -74.071286585999985, 4.763332843000057 ], [ -74.071164003999968, 4.763491047000059 ], [ -74.07106291499997, 4.763621513000032 ], [ -74.070951355999966, 4.763765491000072 ], [ -74.069595057999948, 4.765515926000035 ], [ -74.067387535999956, 4.768476809000049 ], [ -74.06720870099997, 4.76874689300007 ], [ -74.067208682999933, 4.768746872000065 ], [ -74.067182593999974, 4.768786275000025 ], [ -74.067182860999935, 4.768785918000049 ], [ -74.067130577999933, 4.76886488100007 ], [ -74.06762747199997, 4.76919930400004 ], [ -74.067651058999957, 4.769325378000076 ], [ -74.067651059999946, 4.769325413000047 ], [ -74.067532287999938, 4.769428718000029 ], [ -74.067297998999948, 4.769547467000052 ], [ -74.067133822999949, 4.769583603000058 ], [ -74.066936169999963, 4.769647338000027 ], [ -74.066646268999989, 4.76974085300003 ], [ -74.066435585999955, 4.769824504000042 ], [ -74.065925986999957, 4.770112006000033 ], [ -74.065634474999968, 4.770236562000036 ], [ -74.065576577999934, 4.770274725000036 ], [ -74.065171198999963, 4.770592644000033 ], [ -74.065083309999977, 4.77067025100007 ], [ -74.064983013999949, 4.77078509200004 ], [ -74.064949009999964, 4.770813511000028 ], [ -74.064784785999962, 4.771039467000037 ], [ -74.064292033999948, 4.771566869000026 ], [ -74.064292006999949, 4.771566858000028 ], [ -74.064120272999958, 4.771535361000076 ], [ -74.063926133999985, 4.771474798000042 ], [ -74.063926101999982, 4.771474787000045 ], [ -74.063742410999964, 4.771405007000055 ], [ -74.063567497999941, 4.771312198000032 ], [ -74.06328986799997, 4.771151368000062 ], [ -74.063270245999945, 4.77114317500002 ], [ -74.062852982999971, 4.772011049000071 ], [ -74.063727495999956, 4.772443691000035 ], [ -74.063788412999941, 4.772347031000038 ], [ -74.063826474999985, 4.772350867000057 ], [ -74.063826512999981, 4.772350872000061 ], [ -74.063733461999959, 4.772829768000065 ], [ -74.063438918999964, 4.773376520000056 ], [ -74.063438897999958, 4.773376552000059 ], [ -74.063375834999988, 4.773457867000047 ], [ -74.063375811999947, 4.773457898000061 ], [ -74.063315548999981, 4.773534607000045 ], [ -74.063294268999982, 4.773562412000047 ], [ -74.063181203999989, 4.773710338000058 ], [ -74.063111841999955, 4.77385182300003 ], [ -74.063094126999943, 4.77388802300004 ], [ -74.062999549999972, 4.774208544000032 ], [ -74.062977706999959, 4.774248299000021 ], [ -74.062975219999942, 4.774252825000076 ], [ -74.062954486999956, 4.774295316000064 ], [ -74.062932853999939, 4.774336894000044 ], [ -74.062932838999984, 4.774336921000042 ], [ -74.062911222999958, 4.774376672000074 ], [ -74.062887781999962, 4.774420044000067 ], [ -74.062878697999963, 4.774437462000037 ], [ -74.062867988999983, 4.774458026000048 ], [ -74.062845454999945, 4.774503220000042 ], [ -74.06282742999997, 4.774542059000055 ], [ -74.062803981999934, 4.774590007000029 ], [ -74.062787162999939, 4.774623692000034 ], [ -74.062779627999987, 4.774638797000023 ], [ -74.062755326999934, 4.774686680000059 ], [ -74.062744840999983, 4.774710059000029 ], [ -74.062735470999939, 4.774730988000044 ], [ -74.062712028999954, 4.774774380000053 ], [ -74.062690405999945, 4.774814144000061 ], [ -74.062671470999987, 4.774855729000024 ], [ -74.062648046999982, 4.774899109000046 ], [ -74.062632900999972, 4.774925985000039 ], [ -74.062624626999934, 4.774940686000036 ], [ -74.062604782999983, 4.774982273000035 ], [ -74.062584079999965, 4.775023872000077 ], [ -74.062568648999957, 4.77504959700002 ], [ -74.062562419999949, 4.775059998000074 ], [ -74.062562397999955, 4.775060029000031 ], [ -74.062535388999947, 4.775097961000029 ], [ -74.062510153999938, 4.775142252000023 ], [ -74.062486224999986, 4.775184454000055 ], [ -74.062484020999989, 4.775188342000035 ], [ -74.06246148799994, 4.775229925000076 ], [ -74.062433544999976, 4.775273312000024 ], [ -74.062421499999971, 4.775290884000071 ], [ -74.062403829999937, 4.775316709000037 ], [ -74.062390724999943, 4.775334340000029 ], [ -74.062377669999989, 4.775351949000026 ], [ -74.062361927999973, 4.775372121000032 ], [ -74.062345249999964, 4.77539353800006 ], [ -74.062318213999959, 4.775430609000068 ], [ -74.062299996999968, 4.775453962000029 ], [ -74.062289347999979, 4.775467611000067 ], [ -74.062262312999962, 4.775504692000027 ], [ -74.062236182999982, 4.775547187000029 ], [ -74.062209153999959, 4.775589634000028 ], [ -74.062209138999947, 4.775589662000073 ], [ -74.06218929399995, 4.775630307000029 ], [ -74.06216767799998, 4.775670981000076 ], [ -74.06216296599996, 4.77568388100002 ], [ -74.062151480999944, 4.775715329000036 ], [ -74.062137958999983, 4.775762290000046 ], [ -74.062134429999958, 4.775783825000076 ], [ -74.062121246999936, 4.775958753000054 ], [ -74.062095289999945, 4.776023745000032 ], [ -74.062056334999966, 4.776082264000024 ], [ -74.06202387899998, 4.77614079500006 ], [ -74.061991436999961, 4.776186304000021 ], [ -74.061958979999986, 4.776218809000056 ], [ -74.061933038999939, 4.776264303000062 ], [ -74.061933022999938, 4.77626433000006 ], [ -74.061898740999936, 4.77633299300004 ], [ -74.060422786999936, 4.778342665000025 ], [ -74.059645000999978, 4.779743112000062 ], [ -74.059644508999952, 4.779744949000076 ], [ -74.059567465999976, 4.779964922000033 ], [ -74.059465571999965, 4.78019131700006 ], [ -74.05932742799996, 4.780392990000053 ], [ -74.059314895999989, 4.780411138000034 ], [ -74.059296858999971, 4.780518126000061 ], [ -74.05923831399997, 4.78086401500002 ], [ -74.05923619899994, 4.780876798000065 ], [ -74.059058743999969, 4.781824924000034 ], [ -74.058893387999944, 4.782813445000045 ], [ -74.058691677999946, 4.78402032200006 ], [ -74.058514269999989, 4.784604539000043 ], [ -74.058107033999988, 4.785576856000034 ], [ -74.057591033999984, 4.786557279000021 ], [ -74.057066933999977, 4.787553872000046 ], [ -74.056550923999964, 4.788574758000038 ], [ -74.05625988099996, 4.789237066000055 ], [ -74.05613967499994, 4.789510634000067 ], [ -74.05579698799994, 4.790470880000044 ], [ -74.055434090999938, 4.791487692000032 ], [ -74.055063092999944, 4.792504501000053 ], [ -74.05499154499995, 4.792705577000049 ], [ -74.054543002999935, 4.793966131000047 ], [ -74.054426061999948, 4.794528040000046 ], [ -74.054375154999946, 4.795092926000052 ], [ -74.054311573999939, 4.795161277000034 ], [ -74.054064316999984, 4.797773349000067 ], [ -74.053944929999943, 4.798198326000033 ], [ -74.053578429999959, 4.799503320000042 ], [ -74.049501838999959, 4.798071031000063 ], [ -74.049161869999978, 4.797985008000069 ], [ -74.048778011999957, 4.799672282000074 ], [ -74.048668436999947, 4.80015392200005 ], [ -74.048132841999973, 4.802508162000038 ], [ -74.048070652999968, 4.802781518000074 ], [ -74.044251488999976, 4.802000533000069 ], [ -74.042507709999938, 4.801692181000021 ], [ -74.042507486999966, 4.801693534000037 ], [ -74.041515303999972, 4.807697009000037 ], [ -74.043573892999973, 4.808103298000049 ], [ -74.056100555999933, 4.812903599000038 ], [ -74.056504840999935, 4.813058518000048 ], [ -74.057188298999961, 4.813776475000054 ], [ -74.058533755999974, 4.815189844000031 ], [ -74.057556997999939, 4.821939162000035 ], [ -74.055849616999978, 4.821814264000068 ], [ -74.055846480999946, 4.821827909000035 ], [ -74.055436139999983, 4.821784016000038 ], [ -74.055822373999945, 4.818529070000068 ], [ -74.05398287099996, 4.818346007000059 ], [ -74.052995816999953, 4.826067231000025 ], [ -74.052746562999971, 4.828217374000076 ], [ -74.052380833999962, 4.828631422000058 ], [ -74.052357986999937, 4.828610726000022 ], [ -74.05225626899994, 4.828557283000066 ], [ -74.052140024999972, 4.828474702000051 ], [ -74.052038849999974, 4.82841922800003 ], [ -74.051821226999948, 4.828300716000058 ], [ -74.051382934999936, 4.828102569000066 ], [ -74.050835825999968, 4.827812620000032 ], [ -74.047098917999961, 4.827427130000046 ], [ -74.046207015999983, 4.827427174000036 ], [ -74.045690441999966, 4.827427200000045 ], [ -74.043951414999981, 4.828294724000045 ], [ -74.04367562799996, 4.82843721100005 ], [ -74.043635740999946, 4.828497212000059 ], [ -74.042468724999935, 4.830619302000059 ], [ -74.041155888999981, 4.828842254000051 ], [ -74.041167565999956, 4.828674988000046 ], [ -74.04104422599994, 4.827976944000056 ], [ -74.04099406399996, 4.827446675000033 ] ] ], [ [ [ -74.065712947999941, 4.790211831000022 ], [ -74.067407972999945, 4.787286167000047 ], [ -74.067495281999982, 4.787320348000037 ], [ -74.068400516999986, 4.785761523000076 ], [ -74.070246149999946, 4.786812309000027 ], [ -74.067849107999962, 4.791187817000036 ], [ -74.067543929999943, 4.791048386000057 ], [ -74.065712947999941, 4.790211831000022 ] ] ], [ [ [ -74.058136112999989, 4.794721431000028 ], [ -74.058185418999983, 4.791971197000066 ], [ -74.060100071999955, 4.792003946000023 ], [ -74.060100610999939, 4.792184733000056 ], [ -74.060265199999947, 4.792186876000073 ], [ -74.059840146999989, 4.794751115000054 ], [ -74.05954414699994, 4.794746061000069 ], [ -74.058987425999987, 4.794736555000043 ], [ -74.05813470399994, 4.794721996000021 ], [ -74.058136112999989, 4.794721431000028 ] ] ], [ [ [ -74.062339754999982, 4.804524128000025 ], [ -74.06319154199997, 4.801953344000026 ], [ -74.064338584999973, 4.802339566000057 ], [ -74.063492389999965, 4.80491125900005 ], [ -74.06291607299994, 4.804717694000033 ], [ -74.062339754999982, 4.804524128000025 ] ] ], [ [ [ -74.074867328999972, 4.805746427000031 ], [ -74.075721815999941, 4.803180510000061 ], [ -74.076391559999934, 4.803406082000038 ], [ -74.076343195999982, 4.803693292000048 ], [ -74.076032444999953, 4.806139253000026 ], [ -74.074867328999972, 4.805746427000031 ] ] ] ] } },
{ "type": "Feature", "properties": { "objectid": 3, "nombre": "Suba", "zona": "Suba", "lim_norte": "Calle 245", "lim_sur": "Av. Suba", "lim_este": "Autopista Norte", "lim_oeste": "Carrera 160", "color": "Amarillo", "letra": "C", "rango": "100-199", "globalid": "{03DFC7D2-5624-4755-931E-C2FCBA4623AA}", "shape_Length": 0.36708658940710392, "shape_Area": 0.0033149247539444554 }, "geometry": { "type": "MultiPolygon", "coordinates": [ [ [ [ -74.072883406999949, 4.76109505200003 ], [ -74.071639472999948, 4.761838836000038 ], [ -74.071433453999987, 4.761962021000045 ], [ -74.070980945999963, 4.762232590000053 ], [ -74.070809106999945, 4.76228779500002 ], [ -74.069678110999973, 4.762670140000068 ], [ -74.069491703999972, 4.76269617600002 ], [ -74.069414972999937, 4.762711703000036 ], [ -74.069387659999961, 4.76271403100003 ], [ -74.069355418999976, 4.762713673000064 ], [ -74.069315576999941, 4.762711620000061 ], [ -74.06927432699996, 4.762708932000066 ], [ -74.069188726999982, 4.762701720000052 ], [ -74.069042449999984, 4.762683693000042 ], [ -74.069017813999949, 4.762678462000054 ], [ -74.068976212999985, 4.762668501000064 ], [ -74.068940593999969, 4.76265882000007 ], [ -74.068873511999982, 4.762638191000065 ], [ -74.068830711999965, 4.762623569000027 ], [ -74.06876813599996, 4.762599408000028 ], [ -74.06872836499997, 4.76258174700007 ], [ -74.068650723999951, 4.762546709000048 ], [ -74.068618768999954, 4.762531877000072 ], [ -74.068513112999938, 4.762478545000022 ], [ -74.068478974999948, 4.762459120000074 ], [ -74.06842955999997, 4.762429806000057 ], [ -74.068129287999966, 4.762207034000028 ], [ -74.06810655299995, 4.762190998000051 ], [ -74.067530782999938, 4.761760848000051 ], [ -74.067222414999947, 4.761533270000029 ], [ -74.067103951999968, 4.761458539000046 ], [ -74.066809450999983, 4.761238943000023 ], [ -74.066521707999982, 4.761026057000038 ], [ -74.066232555999989, 4.760810487000072 ], [ -74.065807069999948, 4.760457401000053 ], [ -74.065613787999951, 4.760309779000067 ], [ -74.063735579999957, 4.758915277000028 ], [ -74.063683635999951, 4.758870075000061 ], [ -74.063014820999967, 4.758372818000055 ], [ -74.06283624799994, 4.758240380000075 ], [ -74.061460117999957, 4.757219874000043 ], [ -74.061235374999967, 4.757053179000025 ], [ -74.060540587999981, 4.756550691000029 ], [ -74.06047125799995, 4.756498494000027 ], [ -74.059882193999954, 4.756060355000045 ], [ -74.059274071999937, 4.755495308000036 ], [ -74.058362737999971, 4.75463290700003 ], [ -74.057442542999979, 4.753726576000076 ], [ -74.053910046999988, 4.753076011000076 ], [ -74.053709501999947, 4.753039079000075 ], [ -74.052846277999947, 4.752880101000073 ], [ -74.05296182799998, 4.752548020000063 ], [ -74.053028712999946, 4.752350342000057 ], [ -74.053132308999977, 4.752043957000069 ], [ -74.053157834999979, 4.751964159000067 ], [ -74.053188946999967, 4.751867588000039 ], [ -74.053223897999942, 4.751753377000057 ], [ -74.053270442999974, 4.751613359000032 ], [ -74.053297884999949, 4.751530555000045 ], [ -74.05330947899995, 4.75149291200006 ], [ -74.053319988999988, 4.751447744000075 ], [ -74.053333503999966, 4.751396555000042 ], [ -74.053345519999937, 4.751313743000026 ], [ -74.053356039999983, 4.751218888000039 ], [ -74.053360555999973, 4.751111987000058 ], [ -74.053366579999988, 4.750964434000025 ], [ -74.053369600999986, 4.750822904000074 ], [ -74.053378623999947, 4.750691914000072 ], [ -74.053379061999976, 4.75059576700005 ], [ -74.053383406999956, 4.750492730000076 ], [ -74.05338616399996, 4.750401322000073 ], [ -74.053390682999975, 4.750289907000024 ], [ -74.053390696999941, 4.750190533000023 ], [ -74.053395207999984, 4.750128801000074 ], [ -74.053396715999952, 4.750080622000041 ], [ -74.053398221999942, 4.750038463000067 ], [ -74.053403279999941, 4.749946500000021 ], [ -74.053405752999936, 4.749824662000037 ], [ -74.053408770999965, 4.74970872800003 ], [ -74.053413285999966, 4.749610860000075 ], [ -74.053420802999938, 4.749522027000069 ], [ -74.053422314999978, 4.749436206000041 ], [ -74.053429837999943, 4.749305215000049 ], [ -74.053429850999976, 4.749214875000064 ], [ -74.053434385999935, 4.748952892000034 ], [ -74.053441909999947, 4.748802327000021 ], [ -74.05344942499994, 4.74871801300003 ], [ -74.053449444999956, 4.748580999000069 ], [ -74.053456967999978, 4.748427424000056 ], [ -74.053462990999947, 4.748281378000058 ], [ -74.053467509999962, 4.748144361000072 ], [ -74.053472029999966, 4.748029933000055 ], [ -74.053476547999935, 4.747910986000022 ], [ -74.053485571999943, 4.747761928000045 ], [ -74.05348558999998, 4.747639971000069 ], [ -74.053490106999959, 4.747528553000052 ], [ -74.053493118999938, 4.747441225000046 ], [ -74.053500632999942, 4.747365946000059 ], [ -74.05351264799998, 4.747314756000037 ], [ -74.053526161999969, 4.747259047000057 ], [ -74.053539676999947, 4.747201834000066 ], [ -74.053572707999933, 4.747085903000027 ], [ -74.053584720999936, 4.747039229000052 ], [ -74.05359630199996, 4.74699281300002 ], [ -74.05361174799998, 4.746945880000055 ], [ -74.053624775999936, 4.746907781000061 ], [ -74.053649532999941, 4.74683826200004 ], [ -74.053661293999937, 4.746792312000025 ], [ -74.053685319999943, 4.746703482000044 ], [ -74.053704623999977, 4.746643988000073 ], [ -74.053715346999979, 4.746608630000026 ], [ -74.053727358999936, 4.746569484000076 ], [ -74.053739371999939, 4.74652281300007 ], [ -74.053749880999987, 4.746477643000048 ], [ -74.053758896999966, 4.746423442000037 ], [ -74.053766407999944, 4.74636171100002 ], [ -74.053772420999962, 4.746275887000024 ], [ -74.053779937999934, 4.746187055000064 ], [ -74.053787454999963, 4.746087686000067 ], [ -74.053791969999963, 4.745994333000056 ], [ -74.053798000999961, 4.745795588000021 ], [ -74.053811529999962, 4.745619429000044 ], [ -74.05382356299998, 4.745417675000056 ], [ -74.053828081999939, 4.745292704000065 ], [ -74.053834103999975, 4.745166232000031 ], [ -74.053844631999937, 4.745000610000034 ], [ -74.053847646999941, 4.744883169000047 ], [ -74.053870207999978, 4.744526333000067 ], [ -74.053879230999939, 4.74438179200007 ], [ -74.053888266999934, 4.744151428000066 ], [ -74.053895782999973, 4.744049045000054 ], [ -74.053900302999978, 4.743930100000057 ], [ -74.05391082899996, 4.743772008000064 ], [ -74.053913846999933, 4.743660591000037 ], [ -74.053921360999936, 4.743565735000061 ], [ -74.053928879999944, 4.743452810000065 ], [ -74.05393490299997, 4.743314293000026 ], [ -74.053943926999978, 4.74316222300007 ], [ -74.053952897999977, 4.743037969000056 ], [ -74.053960466999968, 4.74292583700003 ], [ -74.053964986999972, 4.742800868000074 ], [ -74.05397401099998, 4.742651810000041 ], [ -74.053981535999981, 4.742484684000033 ], [ -74.054001082999946, 4.742206141000054 ], [ -74.054005604999986, 4.742061599000067 ], [ -74.054010123999944, 4.741936630000055 ], [ -74.054016140999977, 4.741831235000063 ], [ -74.054023675999986, 4.741605389000028 ], [ -74.054029695999986, 4.741474398000037 ], [ -74.054032713999959, 4.74136147400003 ], [ -74.054042237999965, 4.741194868000036 ], [ -74.054053770999985, 4.740998615000024 ], [ -74.054061302999969, 4.740789329000052 ], [ -74.054070327999966, 4.740631237000059 ], [ -74.054082354999935, 4.740483684000026 ], [ -74.054085370999985, 4.740369257000054 ], [ -74.054097395999975, 4.740244290000021 ], [ -74.05411391399997, 4.740165998000066 ], [ -74.054137941999954, 4.740050064000059 ], [ -74.054181480999944, 4.739928113000076 ], [ -74.054222013999947, 4.739836271000058 ], [ -74.054279062999967, 4.739687220000064 ], [ -74.054336112999977, 4.739530639000066 ], [ -74.054360134999968, 4.739456867000058 ], [ -74.054363853999973, 4.739447302000031 ], [ -74.054394665999951, 4.739368038000066 ], [ -74.05444420799995, 4.739237055000046 ], [ -74.054513263999979, 4.739071442000068 ], [ -74.054522983999959, 4.73904277500003 ], [ -74.054564310999979, 4.738920883000048 ], [ -74.054658889999985, 4.738679990000037 ], [ -74.054733954999961, 4.738481255000067 ], [ -74.054771488999961, 4.738377369000034 ], [ -74.054833042999974, 4.73820874300003 ], [ -74.054912144999946, 4.738013604000059 ], [ -74.054956144999949, 4.737909135000052 ], [ -74.055002686999956, 4.737778149000064 ], [ -74.055035713999985, 4.737693838000041 ], [ -74.055073249999964, 4.737580917000059 ], [ -74.055098646999966, 4.73750215900003 ], [ -74.055124301999967, 4.737383686000044 ], [ -74.055154340999934, 4.73719698900004 ], [ -74.055184379999957, 4.737010292000036 ], [ -74.055211411999949, 4.736876291000044 ], [ -74.055238446999965, 4.736722717000021 ], [ -74.055274488999942, 4.736539032000053 ], [ -74.055300019999947, 4.736395999000024 ], [ -74.055327054999964, 4.736237908000021 ], [ -74.055378112999961, 4.735997012000041 ], [ -74.055406651999988, 4.735804293000058 ], [ -74.055468223999981, 4.735491126000056 ], [ -74.055487747999962, 4.735391754000034 ], [ -74.055517779999946, 4.735254743000041 ], [ -74.055553825999937, 4.735052990000042 ], [ -74.055570834999969, 4.734960426000043 ], [ -74.055592874999945, 4.734831666000048 ], [ -74.055630419999943, 4.734641957000065 ], [ -74.055646938999985, 4.734547106000036 ], [ -74.055675474999987, 4.734381485000029 ], [ -74.05569199599995, 4.734292654000058 ], [ -74.055723528999977, 4.734160160000044 ], [ -74.055752061999954, 4.734011105000036 ], [ -74.05578660599997, 4.733804835000058 ], [ -74.055818145999979, 4.733624161000023 ], [ -74.05585268599998, 4.73343896800003 ], [ -74.055896239999981, 4.733210117000056 ], [ -74.05590848199995, 4.733126627000047 ], [ -74.055926288999956, 4.73295566500002 ], [ -74.055954817999975, 4.732835216000069 ], [ -74.055978850999963, 4.732687665000071 ], [ -74.056004591999965, 4.732529563000071 ], [ -74.056020908999983, 4.732398586000045 ], [ -74.056032928999969, 4.732290182000042 ], [ -74.056055468999944, 4.732067346000065 ], [ -74.05606996399996, 4.731961800000022 ], [ -74.056090018999953, 4.731817410000076 ], [ -74.056112544999962, 4.731702987000062 ], [ -74.05613141699996, 4.731560796000053 ], [ -74.056147091999946, 4.731471120000037 ], [ -74.056158048999976, 4.731417773000032 ], [ -74.056169617999956, 4.731359705000045 ], [ -74.056186137999987, 4.731269368000028 ], [ -74.056201158999954, 4.731159456000057 ], [ -74.056207169999936, 4.731106759000056 ], [ -74.056216190999976, 4.730975770000043 ], [ -74.05621320399996, 4.730861338000068 ], [ -74.056197770999972, 4.730694412000048 ], [ -74.056207240999981, 4.730561713000043 ], [ -74.056217759999981, 4.730462343000056 ], [ -74.056244797999966, 4.730275644000073 ], [ -74.056285349999939, 4.730024205000063 ], [ -74.056330407999951, 4.729751688000022 ], [ -74.056352937999975, 4.729617689000065 ], [ -74.056366448999938, 4.72958155300006 ], [ -74.056381467999984, 4.729482184000062 ], [ -74.056408501999954, 4.729321083000059 ], [ -74.05643403299996, 4.729184069000041 ], [ -74.056455059999962, 4.729051576000074 ], [ -74.056479051999986, 4.728924865000067 ], [ -74.056500117999974, 4.728780563000043 ], [ -74.056528652999987, 4.72862096800003 ], [ -74.056549676999964, 4.728500518000033 ], [ -74.056584222999959, 4.728294247000065 ], [ -74.056629275999967, 4.72805033800006 ], [ -74.056659311999965, 4.727896766000072 ], [ -74.056686345999935, 4.727737171000058 ], [ -74.056698359999984, 4.727681463000067 ], [ -74.056722389999948, 4.727520362000064 ], [ -74.056752425999946, 4.727350226000055 ], [ -74.056774956999959, 4.727211710000063 ], [ -74.05679297599994, 4.727130407000061 ], [ -74.056817168999942, 4.727007292000053 ], [ -74.056853049999972, 4.726791640000044 ], [ -74.056865066999933, 4.726708831000053 ], [ -74.056878582999957, 4.726632044000041 ], [ -74.05689360599996, 4.726511597000069 ], [ -74.056916131999969, 4.726401684000052 ], [ -74.056946164999943, 4.726266179000049 ], [ -74.056966328999977, 4.72614283300004 ], [ -74.056982208999955, 4.72605539400007 ], [ -74.056995723999989, 4.725998182000069 ], [ -74.057006236999939, 4.725931932000037 ], [ -74.057025755999973, 4.725850629000035 ], [ -74.057079796999972, 4.725739219000047 ], [ -74.057168354999988, 4.725629318000074 ], [ -74.057243291999953, 4.72545771700004 ], [ -74.057369803999961, 4.725311902000044 ], [ -74.05749310799996, 4.725172386000054 ], [ -74.057565446999945, 4.725090535000049 ], [ -74.057802275999961, 4.724829554000053 ], [ -74.058010449999983, 4.72461355300004 ], [ -74.058022135999977, 4.724600983000073 ], [ -74.058199747999936, 4.724471421000032 ], [ -74.058361235999939, 4.724381400000027 ], [ -74.058499425999969, 4.724269840000034 ], [ -74.058634027999972, 4.72416004400003 ], [ -74.058727308999948, 4.724041272000022 ], [ -74.058812571999965, 4.723906258000056 ], [ -74.058896921999974, 4.723724422000032 ], [ -74.05892565399995, 4.723638056000027 ], [ -74.058972336999943, 4.723533682000038 ], [ -74.05914729899996, 4.723204265000049 ], [ -74.059465891999935, 4.72262712600002 ], [ -74.059924382999952, 4.721796690000076 ], [ -74.060271627999953, 4.72118290100002 ], [ -74.060656539999968, 4.720498921000058 ], [ -74.061036099999967, 4.719820380000044 ], [ -74.06112946099995, 4.71963854300003 ], [ -74.061237103999986, 4.719518009000069 ], [ -74.061465921999968, 4.719125602000076 ], [ -74.061577167999985, 4.71889518200004 ], [ -74.061707506999937, 4.718517659000042 ], [ -74.061746798999934, 4.718403825000053 ], [ -74.061803404999978, 4.71777015300006 ], [ -74.061846276999972, 4.717204342000059 ], [ -74.061860026999966, 4.717023139000048 ], [ -74.061892387999933, 4.716619968000032 ], [ -74.061913519999962, 4.716495257000076 ], [ -74.061928947999945, 4.716404581000063 ], [ -74.061926697999979, 4.716390456000056 ], [ -74.061923042999979, 4.716334666000023 ], [ -74.061915373999966, 4.716317786000047 ], [ -74.061913195999978, 4.716292079000027 ], [ -74.061914746999946, 4.716259454000067 ], [ -74.061918339999977, 4.716235160000053 ], [ -74.061926162999953, 4.716171038000027 ], [ -74.061926164999988, 4.716156419000072 ], [ -74.061929335999935, 4.71611998000003 ], [ -74.061937718999957, 4.71607838500006 ], [ -74.061942014999943, 4.716057625000076 ], [ -74.061951449999981, 4.716039898000076 ], [ -74.061988973999973, 4.715993081000022 ], [ -74.062017908999962, 4.715956152000047 ], [ -74.062039237999954, 4.715930521000075 ], [ -74.06206267999994, 4.715917034000029 ], [ -74.062073030999954, 4.715899733000072 ], [ -74.062086264999948, 4.715884197000037 ], [ -74.062098163999963, 4.715875442000026 ], [ -74.062115409999933, 4.715863511000066 ], [ -74.062163065999982, 4.715840352000043 ], [ -74.062171372999956, 4.715835128000037 ], [ -74.062183269999935, 4.715829550000024 ], [ -74.062194462999969, 4.715823689000047 ], [ -74.062204106999957, 4.715815357000054 ], [ -74.06221624799997, 4.71580326000003 ], [ -74.062258525999937, 4.715761129000043 ], [ -74.06230491599996, 4.715708451000069 ], [ -74.062343636999969, 4.71567611100005 ], [ -74.062362714999949, 4.715652668000075 ], [ -74.062383552999961, 4.715621669000029 ], [ -74.06240136699995, 4.715589046000048 ], [ -74.062421992999987, 4.715562706000071 ], [ -74.062456423999947, 4.715500352000049 ], [ -74.06247796599996, 4.715464128000065 ], [ -74.062508591999972, 4.715410812000073 ], [ -74.062520068999959, 4.715395277000027 ], [ -74.062575333999973, 4.715321063000033 ], [ -74.062587442999984, 4.715300794000029 ], [ -74.062608070999943, 4.715277635000064 ], [ -74.062653759999989, 4.715236681000022 ], [ -74.06268466299997, 4.715211473000068 ], [ -74.062767374999964, 4.715162687000031 ], [ -74.062799895999945, 4.715145106000023 ], [ -74.062859662999983, 4.71510033900006 ], [ -74.062876700999936, 4.715087562000065 ], [ -74.062898452999946, 4.715067507000072 ], [ -74.062927595999952, 4.715048583000055 ], [ -74.06296539799996, 4.715018010000051 ], [ -74.062979547999987, 4.715007418000027 ], [ -74.063009818999944, 4.714987437000048 ], [ -74.063040720999936, 4.714968515000066 ], [ -74.063070919999973, 4.71495524200003 ], [ -74.063099430999955, 4.714946489000056 ], [ -74.063123643999973, 4.714935899000068 ], [ -74.063175311999942, 4.714912742000024 ], [ -74.063206495999964, 4.71490123500007 ], [ -74.063231626999936, 4.714893611000036 ], [ -74.063280196999983, 4.714880766000022 ], [ -74.063293640999973, 4.714877449000028 ], [ -74.063312224999947, 4.714871587000061 ], [ -74.063384796999969, 4.714858110000023 ], [ -74.063396272999967, 4.714856488000066 ], [ -74.06342717299998, 4.714851758000066 ], [ -74.06349143999995, 4.714849082000057 ], [ -74.063503123999965, 4.714848873000051 ], [ -74.063527971999974, 4.714850428000034 ], [ -74.06355042399997, 4.714853611000024 ], [ -74.063597442999935, 4.714860820000069 ], [ -74.063614900999937, 4.714860610000073 ], [ -74.063637988999972, 4.714856802000043 ], [ -74.063652841999954, 4.714852918000076 ], [ -74.063670298999966, 4.714852496000049 ], [ -74.063685995999947, 4.714852498000027 ], [ -74.063691414999937, 4.714852922000034 ], [ -74.063705422999988, 4.714850241000022 ], [ -74.063726258999964, 4.71484240500007 ], [ -74.06374737699997, 4.714832448000038 ], [ -74.063761947999978, 4.714829132000034 ], [ -74.063778067999976, 4.714828217000047 ], [ -74.063795804999984, 4.71482800800004 ], [ -74.063818119999951, 4.714823066000065 ], [ -74.063868309999975, 4.71480125000005 ], [ -74.063916598999981, 4.714778943000056 ], [ -74.063920258999985, 4.714777036000044 ], [ -74.064154469999949, 4.714571208000052 ], [ -74.064224517999946, 4.714477573000067 ], [ -74.064336612999966, 4.714210571000024 ], [ -74.064507095999943, 4.713648450000051 ], [ -74.064613299999962, 4.713541926000062 ], [ -74.064613326999961, 4.713541900000052 ], [ -74.064698440999962, 4.713263684000026 ], [ -74.064748741999949, 4.713099267000075 ], [ -74.064815283999963, 4.712906059000034 ], [ -74.064871346999951, 4.712629727000035 ], [ -74.064892270999962, 4.712482916000056 ], [ -74.06489748599995, 4.712446427000032 ], [ -74.064906431999987, 4.712383830000022 ], [ -74.064986995999959, 4.712082854000073 ], [ -74.065029031999984, 4.711968102000071 ], [ -74.065067078999959, 4.711886977000063 ], [ -74.065122392999967, 4.711769034000042 ], [ -74.06514234499997, 4.711725067000032 ], [ -74.065169143999981, 4.711666005000041 ], [ -74.06517903799994, 4.711565718000031 ], [ -74.065181970999959, 4.711535993000041 ], [ -74.065158620999966, 4.711388465000027 ], [ -74.065135662999978, 4.711321775000044 ], [ -74.065116684999964, 4.711266638000041 ], [ -74.065032665999979, 4.711062887000026 ], [ -74.064949338999952, 4.710931711000057 ], [ -74.064897263999967, 4.710849737000046 ], [ -74.064765370999964, 4.710740823000037 ], [ -74.064707028999976, 4.710644772000023 ], [ -74.064683668999976, 4.710579163000034 ], [ -74.064665024999954, 4.710511293000025 ], [ -74.064661487999956, 4.710489878000033 ], [ -74.064658060999989, 4.710469132000071 ], [ -74.064648706999947, 4.710417576000054 ], [ -74.064648713999986, 4.710359027000038 ], [ -74.064653367999938, 4.710291099000074 ], [ -74.064672761999987, 4.710249476000058 ], [ -74.064686106999943, 4.71022083400004 ], [ -74.064728138999953, 4.710145911000041 ], [ -74.064777534999962, 4.710070624000025 ], [ -74.064791148999973, 4.710049875000038 ], [ -74.064808440999968, 4.710025045000066 ], [ -74.064834375999965, 4.709987804000036 ], [ -74.064839249999977, 4.70995245000006 ], [ -74.064846000999978, 4.709903484000051 ], [ -74.064855375999969, 4.709798119000027 ], [ -74.064857635999942, 4.709782865000022 ], [ -74.064864743999976, 4.709734844000025 ], [ -74.064885726999989, 4.709692758000074 ], [ -74.064902064999956, 4.709627154000032 ], [ -74.064929900999971, 4.709383764000052 ], [ -74.064937156999974, 4.709320314000024 ], [ -74.064500702999965, 4.709118493000062 ], [ -74.064420885999937, 4.709081619000074 ], [ -74.064392874999953, 4.709068056000035 ], [ -74.064268713999979, 4.709020584000029 ], [ -74.06380769499998, 4.708812971000043 ], [ -74.062761426999941, 4.708362063000038 ], [ -74.062371351999957, 4.708225644000038 ], [ -74.061780246999945, 4.708083195000029 ], [ -74.061206880999976, 4.70795268400002 ], [ -74.059782316999986, 4.70773441700004 ], [ -74.059739873999945, 4.707727914000031 ], [ -74.059735015999934, 4.707727136000074 ], [ -74.058074026999975, 4.707448173000046 ], [ -74.056990493999933, 4.707262008000043 ], [ -74.05562090899997, 4.707026721000034 ], [ -74.054887970999971, 4.706907975000036 ], [ -74.053904315999944, 4.706744913000023 ], [ -74.054045993999978, 4.705901117000053 ], [ -74.054156096999975, 4.705245365000053 ], [ -74.055514802999937, 4.697153241000024 ], [ -74.056098654999971, 4.693675824000024 ], [ -74.056566265999948, 4.690890835000062 ], [ -74.056588188999967, 4.690760273000024 ], [ -74.057233690999965, 4.686915806000059 ], [ -74.057247039999936, 4.686836304000053 ], [ -74.05843723299995, 4.679823801000055 ], [ -74.058442312999944, 4.679793870000026 ], [ -74.058589949999941, 4.678924007000035 ], [ -74.059729434999952, 4.678297545000021 ], [ -74.061132741999984, 4.677497727000059 ], [ -74.062078653999947, 4.676958604000049 ], [ -74.065954348999981, 4.674749661000021 ], [ -74.066572822999944, 4.674397161000059 ], [ -74.067392840999958, 4.673929792000024 ], [ -74.067895133999968, 4.674394078000034 ], [ -74.06795443599998, 4.674448892000044 ], [ -74.067980066999951, 4.674472585000046 ], [ -74.068319297999949, 4.674679825000055 ], [ -74.068339777999938, 4.674692398000047 ], [ -74.068392028999938, 4.674724323000021 ], [ -74.068375776999972, 4.674745963000021 ], [ -74.068082066999978, 4.675137083000038 ], [ -74.068083535999961, 4.675138180000033 ], [ -74.067326259999959, 4.676153339000052 ], [ -74.065257978999966, 4.679555289000064 ], [ -74.064512548999971, 4.680781391000039 ], [ -74.064205953999988, 4.68123055600006 ], [ -74.063067024999953, 4.68289911200003 ], [ -74.062918812999953, 4.683280226000022 ], [ -74.062858821999953, 4.683434489000035 ], [ -74.062855765999984, 4.68365446200005 ], [ -74.06285287299994, 4.68386279200007 ], [ -74.063114613999971, 4.684475503000044 ], [ -74.063507444999971, 4.685268769000061 ], [ -74.064958696999952, 4.688199359000066 ], [ -74.065200598999979, 4.689028741000072 ], [ -74.065156786999978, 4.689015569000048 ], [ -74.065200196999967, 4.689172282000072 ], [ -74.06523698999996, 4.689314517000071 ], [ -74.065374330999987, 4.689753230000065 ], [ -74.065465939999967, 4.690023998000072 ], [ -74.065562195999973, 4.690293218000022 ], [ -74.065705805999983, 4.690682285000037 ], [ -74.065747109999961, 4.690784691000033 ], [ -74.065790104999962, 4.690886317000036 ], [ -74.065834928999948, 4.690987169000039 ], [ -74.065887070999963, 4.691099747000067 ], [ -74.065941183999939, 4.691211333000069 ], [ -74.065997197999934, 4.691322003000039 ], [ -74.066055182999946, 4.691431614000066 ], [ -74.066115068999977, 4.691540236000037 ], [ -74.066176784999982, 4.691647800000055 ], [ -74.066240402999938, 4.691754232000051 ], [ -74.066305848999946, 4.691859605000047 ], [ -74.066373125999974, 4.691963780000037 ], [ -74.066919989999974, 4.692875278000031 ], [ -74.067464464999944, 4.693772156000023 ], [ -74.067542858999957, 4.693902885000057 ], [ -74.068025898999963, 4.694708020000064 ], [ -74.068468473999985, 4.695444295000073 ], [ -74.068755872999986, 4.695971230000055 ], [ -74.068826168999976, 4.696146448000036 ], [ -74.069023821999963, 4.696685519000027 ], [ -74.06905534699996, 4.696753671000067 ], [ -74.069101435999983, 4.696870484000044 ], [ -74.069254118999936, 4.697365129000048 ], [ -74.069294152999987, 4.697494793000033 ], [ -74.069539076999945, 4.698295519000055 ], [ -74.069573694999974, 4.698389166000027 ], [ -74.069586360999949, 4.698423277000074 ], [ -74.070074947999956, 4.699980379000067 ], [ -74.070080505999954, 4.699998107000056 ], [ -74.070091610999953, 4.700144645000023 ], [ -74.070194971999967, 4.700470855000049 ], [ -74.07026097499994, 4.700638303000062 ], [ -74.07032514399998, 4.700851446000058 ], [ -74.07033450199998, 4.700882166000042 ], [ -74.070383119999974, 4.701040787000068 ], [ -74.070388607999973, 4.701058866000039 ], [ -74.070388618999971, 4.701058897000053 ], [ -74.070446514999958, 4.701247006000074 ], [ -74.070474913999988, 4.701340474000062 ], [ -74.070508784999959, 4.701451955000039 ], [ -74.070516320999957, 4.701476496000055 ], [ -74.07053988399997, 4.701553227000034 ], [ -74.070541402999936, 4.70155901000004 ], [ -74.070541568999943, 4.701559657000075 ], [ -74.070686983999963, 4.70165451400004 ], [ -74.070955224999977, 4.701638278000075 ], [ -74.070967584999948, 4.701637529000038 ], [ -74.071996979999938, 4.701575219000063 ], [ -74.072326749999945, 4.701555273000054 ], [ -74.072516313999984, 4.701483050000036 ], [ -74.072566644999938, 4.701463846000024 ], [ -74.07277725299997, 4.701383577000058 ], [ -74.072777776999942, 4.701383663000058 ], [ -74.073043915999961, 4.701426608000077 ], [ -74.073043948999953, 4.701426613000024 ], [ -74.07328178399996, 4.701464989000044 ], [ -74.074642212999947, 4.701700169000048 ], [ -74.074858418999952, 4.701944259000072 ], [ -74.075516142999959, 4.701781622000055 ], [ -74.075786425999979, 4.701817811000069 ], [ -74.076182828999947, 4.702025763000051 ], [ -74.076454380999962, 4.70206322100006 ], [ -74.076903588999983, 4.702125275000071 ], [ -74.077534238999988, 4.702369410000074 ], [ -74.077781995999942, 4.702450791000047 ], [ -74.078029751999964, 4.702532173000066 ], [ -74.078552297999977, 4.702667819000055 ], [ -74.080273156999965, 4.703210371000068 ], [ -74.080831726999975, 4.703526809000039 ], [ -74.081019286999947, 4.703624048000052 ], [ -74.08119821799994, 4.703716818000032 ], [ -74.081198494999967, 4.703717591000043 ], [ -74.081198777999987, 4.703718371000036 ], [ -74.081977027999983, 4.704237467000041 ], [ -74.082549049999955, 4.704478506000044 ], [ -74.08267989899997, 4.704527368000072 ], [ -74.082882990999963, 4.704634296000052 ], [ -74.083073208999963, 4.704757007000069 ], [ -74.083281305999947, 4.704878285000063 ], [ -74.083389749999981, 4.704934632000061 ], [ -74.083539705999954, 4.705007549000072 ], [ -74.083610820999979, 4.70503392400002 ], [ -74.083695847999934, 4.705052545000058 ], [ -74.083773146999988, 4.705064960000072 ], [ -74.083858176999968, 4.705074275000072 ], [ -74.084025143999952, 4.705080494000072 ], [ -74.084148824999943, 4.705088261000071 ], [ -74.084250859999941, 4.705100679000054 ], [ -74.084414735999985, 4.705099143000041 ], [ -74.084546146999969, 4.705094501000076 ], [ -74.084618811999974, 4.705071240000052 ], [ -74.084767230999944, 4.705049539000072 ], [ -74.08485380999997, 4.705007665000039 ], [ -74.084945027999936, 4.704987510000024 ], [ -74.084984240999972, 4.704967492000037 ], [ -74.085030800999959, 4.704933527000037 ], [ -74.085090057999935, 4.704908052000064 ], [ -74.085170475999973, 4.70491230600004 ], [ -74.085242424999933, 4.704959025000051 ], [ -74.085327072999974, 4.704988757000024 ], [ -74.085394791999988, 4.705001502000073 ], [ -74.085504834999938, 4.705031238000061 ], [ -74.085640270999988, 4.705077961000029 ], [ -74.085881517999951, 4.705145924000021 ], [ -74.085978863999969, 4.705162919000031 ], [ -74.086097373999962, 4.705162929000039 ], [ -74.086177792999933, 4.705167184000061 ], [ -74.08624182799997, 4.705221895000022 ], [ -74.08626757199994, 4.705240553000067 ], [ -74.086462091999977, 4.705240571000047 ], [ -74.086493558999962, 4.705242007000038 ], [ -74.086517871999945, 4.705257795000023 ], [ -74.086542182999949, 4.705306587000052 ], [ -74.086563632999969, 4.705358249000028 ], [ -74.086585085999957, 4.705378341000028 ], [ -74.086607969999989, 4.705397 ], [ -74.086831093999933, 4.705398454000033 ], [ -74.086874002999934, 4.705408502000068 ], [ -74.086954095999943, 4.705454429000042 ], [ -74.087071371999969, 4.705546281000068 ], [ -74.087366976999988, 4.705592343000035 ], [ -74.087745405999954, 4.705621825000037 ], [ -74.088007765999976, 4.705699426000024 ], [ -74.088065502999939, 4.705835831000059 ], [ -74.088163685999973, 4.705943749000028 ], [ -74.088372652999965, 4.706106619000025 ], [ -74.088609073999976, 4.706268997000052 ], [ -74.088898423999979, 4.706450801000074 ], [ -74.089179750999961, 4.706618763000051 ], [ -74.089206072999957, 4.706634515000076 ], [ -74.089638026999978, 4.706861318000051 ], [ -74.089737330999981, 4.707021848000068 ], [ -74.089823959999933, 4.707230963000029 ], [ -74.089737440999954, 4.707354259000056 ], [ -74.089623190999987, 4.707459755000059 ], [ -74.089548215999969, 4.707589689000031 ], [ -74.089546442999961, 4.707722668000031 ], [ -74.089630329999977, 4.707908832000044 ], [ -74.089657001999967, 4.707981575000076 ], [ -74.089674649999949, 4.708171404000041 ], [ -74.089712574999965, 4.70834478200004 ], [ -74.089677584999947, 4.708416599000032 ], [ -74.089723606999939, 4.708541602000025 ], [ -74.089820318999955, 4.708580807000033 ], [ -74.089958987999978, 4.708548120000046 ], [ -74.090118067999981, 4.708508093000034 ], [ -74.090255185, 4.708512060000032 ], [ -74.090373929999942, 4.708511788000067 ], [ -74.090488791999974, 4.708651487000054 ], [ -74.09052939999998, 4.708735390000072 ], [ -74.090547830999981, 4.708849511000039 ], [ -74.090478110999982, 4.709229163000032 ], [ -74.090438395999968, 4.70940422700005 ], [ -74.090465047999942, 4.709692433000043 ], [ -74.090577726999982, 4.709838980000029 ], [ -74.090720381999972, 4.710104176000073 ], [ -74.090774212999975, 4.710274869000045 ], [ -74.090872526999988, 4.710497403000034 ], [ -74.09103848899997, 4.710677147000069 ], [ -74.091221917999974, 4.710709933000032 ], [ -74.091512559999956, 4.710628109000027 ], [ -74.091744504999951, 4.710467467000058 ], [ -74.091998406999949, 4.710377237000046 ], [ -74.092254689999947, 4.710399293000023 ], [ -74.09251947499996, 4.710606870000049 ], [ -74.092782076999981, 4.710821367000051 ], [ -74.093063680999933, 4.711067435000075 ], [ -74.093350771999951, 4.711359265000056 ], [ -74.093390326999952, 4.711425580000025 ], [ -74.093457325999964, 4.711538014000041 ], [ -74.093532693999975, 4.711756451000042 ], [ -74.093608201999984, 4.711977218000072 ], [ -74.093586778999963, 4.712261744000045 ], [ -74.09355248199995, 4.712480243000073 ], [ -74.093504669999959, 4.712703471000054 ], [ -74.093442287999949, 4.712888138000039 ], [ -74.093510398999967, 4.713193860000047 ], [ -74.093707677999987, 4.713450867000063 ], [ -74.093831970999986, 4.713601793000066 ], [ -74.094008986999938, 4.713765435000028 ], [ -74.094246469999973, 4.71387039800004 ], [ -74.094455301999972, 4.714026348000061 ], [ -74.094594722999943, 4.714245706000042 ], [ -74.094784825999966, 4.714489152000056 ], [ -74.09498976499998, 4.714892765000059 ], [ -74.095057805999943, 4.715193827000064 ], [ -74.095085729999937, 4.715436199000067 ], [ -74.095135765999942, 4.715562402000046 ], [ -74.095148715999983, 4.715595030000031 ], [ -74.095242524999946, 4.71583154700005 ], [ -74.095353305999936, 4.715994194000075 ], [ -74.09557016399998, 4.716097320000074 ], [ -74.095725425999944, 4.716309547000037 ], [ -74.09579144199995, 4.716408988000069 ], [ -74.096012090999977, 4.71668838100004 ], [ -74.096248226999933, 4.71694694200005 ], [ -74.096403847999966, 4.717069694000031 ], [ -74.096544822999988, 4.717256919000022 ], [ -74.096684465999942, 4.717380023000032 ], [ -74.096887248999963, 4.71746280800005 ], [ -74.097028593999937, 4.717450671000051 ], [ -74.097272214999975, 4.717413334000071 ], [ -74.097340353999982, 4.717393635000064 ], [ -74.097593615999983, 4.717381369000066 ], [ -74.097766976999935, 4.71747855600006 ], [ -74.097974688999955, 4.717579561000036 ], [ -74.09812236099998, 4.717649839000046 ], [ -74.098298544999977, 4.717664401000036 ], [ -74.09856145699996, 4.717567106000047 ], [ -74.098858438999969, 4.717460069000026 ], [ -74.099076991999937, 4.717535507000036 ], [ -74.099249862999955, 4.717607627000064 ], [ -74.099377401999959, 4.717698806000044 ], [ -74.099575612999956, 4.717781731000059 ], [ -74.09984286599996, 4.717998345000069 ], [ -74.099975605999987, 4.718159301000071 ], [ -74.099995173999957, 4.718183030000034 ], [ -74.100137840999935, 4.718340525000031 ], [ -74.100215255999956, 4.718545049000056 ], [ -74.100296611999966, 4.718722032000073 ], [ -74.100367687999949, 4.718952046000027 ], [ -74.10041672899996, 4.719219139000074 ], [ -74.100365956999951, 4.719518142000027 ], [ -74.100373608999973, 4.719774637000057 ], [ -74.100427646999947, 4.72006213800006 ], [ -74.100478446999944, 4.720306348000065 ], [ -74.100448028999949, 4.720487981000076 ], [ -74.100393028999974, 4.720805488000053 ], [ -74.100427493999973, 4.721141644000056 ], [ -74.100467103999961, 4.721395245000053 ], [ -74.100564160999966, 4.721555845000069 ], [ -74.100783625999952, 4.721674928000027 ], [ -74.101156611999954, 4.721811323000054 ], [ -74.101480540999944, 4.721900897000069 ], [ -74.10190449299995, 4.721965049000062 ], [ -74.102142543999946, 4.722097623000025 ], [ -74.102349337999954, 4.722262749000038 ], [ -74.102504532999944, 4.722474974000022 ], [ -74.102685837999957, 4.722732331000032 ], [ -74.102855601999977, 4.722983047000071 ], [ -74.103143480999961, 4.723203969000053 ], [ -74.103431016999934, 4.72330893000003 ], [ -74.103438125999958, 4.723311545000058 ], [ -74.103688279999972, 4.723476532000063 ], [ -74.103857840999979, 4.723608111000033 ], [ -74.103981928999985, 4.723754517000032 ], [ -74.104067365999981, 4.724013911000043 ], [ -74.104042919999983, 4.724262001000056 ], [ -74.104078587999936, 4.724545334000027 ], [ -74.104003301999967, 4.725092424000024 ], [ -74.104020239999954, 4.725463326000067 ], [ -74.103979475999949, 4.725587898000072 ], [ -74.10409180299996, 4.725823778000063 ], [ -74.104226591999975, 4.725933320000024 ], [ -74.104858192999984, 4.726096287000075 ], [ -74.105101676999936, 4.726052237000033 ], [ -74.105387320999967, 4.72605995300006 ], [ -74.105545766999967, 4.726100147000068 ], [ -74.105890538999972, 4.726092827000059 ], [ -74.106019497999966, 4.726032880000048 ], [ -74.106205473999978, 4.725969192000036 ], [ -74.106363435999981, 4.72587654900002 ], [ -74.106603185999973, 4.725873668000077 ], [ -74.106788093999967, 4.725977565000051 ], [ -74.106935410999938, 4.726137107000056 ], [ -74.107098003999965, 4.726266706000047 ], [ -74.107269678999955, 4.726391221000029 ], [ -74.107418257999939, 4.726612697000064 ], [ -74.107724236999957, 4.726716248000059 ], [ -74.108108974999936, 4.72698088900006 ], [ -74.108346248999965, 4.727182031000041 ], [ -74.108684881999977, 4.727426965000063 ], [ -74.108901180999965, 4.727610311000035 ], [ -74.109090299999934, 4.727913356000045 ], [ -74.109228880999979, 4.728201497000043 ], [ -74.10937189699996, 4.728484906000062 ], [ -74.10952870899996, 4.728772695000032 ], [ -74.109736833999989, 4.729109780000044 ], [ -74.109986072999959, 4.729338184000028 ], [ -74.11035519099994, 4.729513699000051 ], [ -74.110593320999953, 4.729540690000022 ], [ -74.110890931999961, 4.729571075000024 ], [ -74.111062964999974, 4.729603996000037 ], [ -74.111309605999963, 4.729711142000042 ], [ -74.111528017999944, 4.72988523500004 ], [ -74.111958436999942, 4.73025877300006 ], [ -74.112355134999973, 4.730656108000062 ], [ -74.112586986999986, 4.730926105000037 ], [ -74.112874796999961, 4.731250058000057 ], [ -74.113034143999982, 4.73155147600005 ], [ -74.113312806999943, 4.731798454000057 ], [ -74.113558186999967, 4.731888720000029 ], [ -74.113667501999942, 4.731908502000067 ], [ -74.113804057999971, 4.731940145000067 ], [ -74.113945190999971, 4.73196953300004 ], [ -74.114026346999935, 4.732050750000042 ], [ -74.114089129999968, 4.732133945000044 ], [ -74.114130866999972, 4.732258240000021 ], [ -74.114113958999951, 4.732500821000031 ], [ -74.114124715999935, 4.732720947000075 ], [ -74.11412463399995, 4.732899475000067 ], [ -74.114123362999976, 4.732993329000067 ], [ -74.114115747999961, 4.733226872000046 ], [ -74.114132979999965, 4.733476800000062 ], [ -74.114176399999963, 4.73364233500007 ], [ -74.114224398999966, 4.733810063000021 ], [ -74.114288657999964, 4.733955262000052 ], [ -74.114341017999948, 4.734141351000062 ], [ -74.114471152999954, 4.73448217300006 ], [ -74.114603052999939, 4.734694607000051 ], [ -74.114994707999983, 4.734768569000039 ], [ -74.115489062999984, 4.73484854000003 ], [ -74.115834887999938, 4.734935560000054 ], [ -74.116014170999961, 4.735018128000036 ], [ -74.11615825399997, 4.735166579000065 ], [ -74.116359554999974, 4.735483040000076 ], [ -74.116523556999937, 4.735684531000061 ], [ -74.116710790999946, 4.735849722000069 ], [ -74.116934624999942, 4.736015339000062 ], [ -74.117216466999935, 4.736110622000069 ], [ -74.11781506899996, 4.736246879000021 ], [ -74.118412054999965, 4.736328123000021 ], [ -74.11864533399995, 4.736299109000072 ], [ -74.119004535999977, 4.736411626000063 ], [ -74.119315094999934, 4.736576117000027 ], [ -74.119649722999952, 4.736823376000075 ], [ -74.119786626999939, 4.736999228000059 ], [ -74.120006939999939, 4.737254110000038 ], [ -74.120123923999984, 4.737386174000051 ], [ -74.120290532999945, 4.73756245200002 ], [ -74.120503318999965, 4.737700525000037 ], [ -74.120599113999958, 4.737878141000067 ], [ -74.120599953999942, 4.737985696000067 ], [ -74.120597111999984, 4.738544517000037 ], [ -74.120573307999962, 4.73878935700003 ], [ -74.120573283999988, 4.739309265000031 ], [ -74.120690269999955, 4.739436811000076 ], [ -74.121129649999943, 4.739529699000059 ], [ -74.121569522999948, 4.739583673000027 ], [ -74.122162925999987, 4.739596200000051 ], [ -74.122955462999983, 4.739744115000065 ], [ -74.12452751099994, 4.739980479000053 ], [ -74.12504925199994, 4.740058395000062 ], [ -74.125445695999986, 4.740118580000058 ], [ -74.125774708999984, 4.740097831000071 ], [ -74.126129627999944, 4.740017830000056 ], [ -74.126536146999968, 4.739835433000053 ], [ -74.126775836999968, 4.739664613000059 ], [ -74.127164132999951, 4.739305591000061 ], [ -74.127281413999981, 4.739068947000021 ], [ -74.127416712999946, 4.738846285000022 ], [ -74.12740863099998, 4.738506457000028 ], [ -74.127391211999964, 4.737776708000069 ], [ -74.12737995599997, 4.737305130000038 ], [ -74.127476005999938, 4.737310587000024 ], [ -74.128233187999967, 4.737353601000052 ], [ -74.128377916999966, 4.737355508000064 ], [ -74.128802320999966, 4.737349781000034 ], [ -74.129225523999935, 4.737469297000075 ], [ -74.129437787999962, 4.737830068000051 ], [ -74.129542103999938, 4.738494923000076 ], [ -74.129651740999975, 4.738993452000045 ], [ -74.130515084999956, 4.739180687000044 ], [ -74.131007162999936, 4.739437576000057 ], [ -74.131007213999965, 4.73943760100002 ], [ -74.131676474999949, 4.739745780000021 ], [ -74.131986214999984, 4.740284065000026 ], [ -74.13198622699997, 4.740284089000056 ], [ -74.131862309999974, 4.741092744000071 ], [ -74.13163938699995, 4.741393105000043 ], [ -74.131320965999976, 4.741822159000037 ], [ -74.131053876999943, 4.74250498300006 ], [ -74.130729416999941, 4.743113368000024 ], [ -74.130729406999933, 4.743113394000034 ], [ -74.130554311999958, 4.744054030000029 ], [ -74.130540145999987, 4.744308100000069 ], [ -74.13052139399997, 4.744644667000046 ], [ -74.13045432399997, 4.744920394000076 ], [ -74.130334442999981, 4.745413398000039 ], [ -74.130189131999941, 4.745687754000073 ], [ -74.130066966999948, 4.745918490000065 ], [ -74.129084926999951, 4.746344936000071 ], [ -74.128290318999973, 4.746214831000032 ], [ -74.127410028999975, 4.74615368700006 ], [ -74.126873185999955, 4.746303907000026 ], [ -74.126405367999951, 4.746677657000021 ], [ -74.125571842999989, 4.747063628000035 ], [ -74.125415725999972, 4.747453 ], [ -74.125378602999945, 4.747545597000055 ], [ -74.12544885899996, 4.748307984000064 ], [ -74.125589336999951, 4.74877663500007 ], [ -74.125661867999952, 4.749018479000028 ], [ -74.125776488999975, 4.749163310000029 ], [ -74.125856714999941, 4.74926464400005 ], [ -74.12614296199996, 4.749493348000044 ], [ -74.126408032999962, 4.749444525000058 ], [ -74.127119759999971, 4.74931344700002 ], [ -74.127339460999963, 4.749312948000068 ], [ -74.127576956999974, 4.74931243900005 ], [ -74.127543862999971, 4.749834193000027 ], [ -74.127543856999978, 4.749834220000025 ], [ -74.12725407299996, 4.750637599000072 ], [ -74.126054245999967, 4.750743407000073 ], [ -74.125196483999957, 4.750481593000075 ], [ -74.125196442999936, 4.750481577000073 ], [ -74.12428106599998, 4.750036357000056 ], [ -74.124182273999963, 4.749894900000072 ], [ -74.12397724899995, 4.749601286000029 ], [ -74.123670411999967, 4.748711857000046 ], [ -74.123465371999941, 4.74811741000002 ], [ -74.123412237999958, 4.747661817000051 ], [ -74.123383820999948, 4.747418133000053 ], [ -74.122932184999968, 4.74733886000007 ], [ -74.122932154999944, 4.747338853000031 ], [ -74.122680533999983, 4.747264910000069 ], [ -74.12250445899997, 4.747752684000034 ], [ -74.12267815499996, 4.748177749000035 ], [ -74.122946828999943, 4.748835246000056 ], [ -74.123140948999946, 4.749546907000024 ], [ -74.123240672999941, 4.749912506000044 ], [ -74.123452642999951, 4.750440850000075 ], [ -74.123757779999949, 4.751201347000062 ], [ -74.12420573199995, 4.752180790000068 ], [ -74.124818409999989, 4.752735657000073 ], [ -74.125420087999942, 4.75346244900004 ], [ -74.125238328999956, 4.753973171000041 ], [ -74.124295397999958, 4.754009651000047 ], [ -74.123181177999982, 4.754057874000068 ], [ -74.122409620999974, 4.754082517000029 ], [ -74.12142100799997, 4.754101907000063 ], [ -74.120409681999945, 4.754195871000036 ], [ -74.120244422999974, 4.75440268400007 ], [ -74.120377558999962, 4.755187765000073 ], [ -74.120556376999957, 4.755967155000064 ], [ -74.120678513999962, 4.756918652000024 ], [ -74.120760377999943, 4.757784181000034 ], [ -74.120933255999944, 4.758454553000036 ], [ -74.121186412999975, 4.759199414000022 ], [ -74.121239185999968, 4.759818528000039 ], [ -74.120863330999953, 4.760461485000064 ], [ -74.120127687999968, 4.76115106900005 ], [ -74.118619859999967, 4.761613089000036 ], [ -74.117699713999968, 4.761615031000076 ], [ -74.11684569099998, 4.761785015000044 ], [ -74.116826444999958, 4.761786501000074 ], [ -74.115826320999986, 4.761863362000042 ], [ -74.115608092999935, 4.761618647000034 ], [ -74.114320366999948, 4.760669639000071 ], [ -74.113930723999943, 4.761911591000057 ], [ -74.113916303999986, 4.761974144000021 ], [ -74.112852686999986, 4.761144087000048 ], [ -74.112658516999943, 4.760992556000076 ], [ -74.112458482999955, 4.760836446000042 ], [ -74.112139188999947, 4.760225090000063 ], [ -74.111432718999936, 4.759641102000046 ], [ -74.111098346999938, 4.759580877000076 ], [ -74.110290376999956, 4.759659924000061 ], [ -74.110008512999968, 4.759987585000033 ], [ -74.109418048999942, 4.760161015000051 ], [ -74.109281703999955, 4.760437613000022 ], [ -74.108739365999952, 4.76044706600004 ], [ -74.108336588999975, 4.760640938000051 ], [ -74.107914778999941, 4.761149559000046 ], [ -74.107613541999967, 4.761391164000031 ], [ -74.107558390999941, 4.76149954300007 ], [ -74.107331658999954, 4.761963340000023 ], [ -74.107419508999953, 4.762000407000073 ], [ -74.107706408999945, 4.761856700000067 ], [ -74.107956268999942, 4.761875247000035 ], [ -74.108113486999969, 4.762074667000036 ], [ -74.108085717999984, 4.762311227000055 ], [ -74.107794294999962, 4.762723951000055 ], [ -74.107012377999979, 4.76259409000005 ], [ -74.107396389999963, 4.762784215000067 ], [ -74.107507380999948, 4.763048626000057 ], [ -74.107280641999978, 4.763577326000075 ], [ -74.106754682999963, 4.763872612000057 ], [ -74.10630138099998, 4.76497674500007 ], [ -74.105848017999961, 4.765650333000053 ], [ -74.105776461999938, 4.765849647000039 ], [ -74.105617326999948, 4.76598513700003 ], [ -74.105168072999959, 4.765853582000034 ], [ -74.104985214999942, 4.765064338000059 ], [ -74.105295394999985, 4.764486378000072 ], [ -74.105391835999967, 4.764086661000022 ], [ -74.105598024999949, 4.763627111000062 ], [ -74.105741080999962, 4.762783741000021 ], [ -74.105728472999942, 4.762690995000071 ], [ -74.105230011999936, 4.762745199000051 ], [ -74.104973210999958, 4.762774377000028 ], [ -74.104929494999965, 4.763024496000071 ], [ -74.104722322999976, 4.763312567000071 ], [ -74.104555984999934, 4.763394362000042 ], [ -74.104309464999972, 4.763300787000048 ], [ -74.10419720799996, 4.763120893000064 ], [ -74.104172178999988, 4.762846908000029 ], [ -74.103535885999975, 4.762461873000063 ], [ -74.103288093999936, 4.762553513000057 ], [ -74.102540960999988, 4.762381530000027 ], [ -74.102384628999971, 4.762392998000053 ], [ -74.102228348999972, 4.762924143000021 ], [ -74.101927122999939, 4.763031057000035 ], [ -74.101759398999945, 4.763546925000071 ], [ -74.101662946999966, 4.764069759000051 ], [ -74.101037257999963, 4.765292023000029 ], [ -74.101008767999986, 4.765531384000042 ], [ -74.100826812999969, 4.765975840000067 ], [ -74.100701620999985, 4.767634294000061 ], [ -74.100542383999937, 4.767936290000023 ], [ -74.100371894999967, 4.768027484000072 ], [ -74.100150151999969, 4.767964734000032 ], [ -74.100042127999984, 4.76780517900005 ], [ -74.100127491999956, 4.767389191000063 ], [ -74.100127546999943, 4.766671099000064 ], [ -74.100258356999973, 4.765776386000027 ], [ -74.100036615999954, 4.765696551000076 ], [ -74.099962740999956, 4.765531305000025 ], [ -74.099983033999933, 4.765296462000038 ], [ -74.100300497999967, 4.764962299000047 ], [ -74.100549122999951, 4.764612311000064 ], [ -74.100961885999936, 4.763503839000066 ], [ -74.101331835999986, 4.762568917000067 ], [ -74.101389435999977, 4.762237083000059 ], [ -74.101322330999949, 4.761965355000029 ], [ -74.100629082999944, 4.761765620000062 ], [ -74.099793734999935, 4.761654913000029 ], [ -74.099273853999989, 4.761381880000044 ], [ -74.098772518999965, 4.761304285000051 ], [ -74.098596192999935, 4.761208090000025 ], [ -74.098221720999959, 4.761195676000057 ], [ -74.097669757999938, 4.760992334000036 ], [ -74.097303829999987, 4.761167399000044 ], [ -74.097120831999973, 4.761146593000035 ], [ -74.097066784999981, 4.760946456000056 ], [ -74.096538672999941, 4.761096467000073 ], [ -74.096206011999982, 4.761054767000076 ], [ -74.095885846999977, 4.761317336000047 ], [ -74.095532373999959, 4.761267320000059 ], [ -74.095399302999965, 4.761088057000052 ], [ -74.095449244999941, 4.760812901000065 ], [ -74.095777791999978, 4.760496186000069 ], [ -74.095790242999954, 4.760296055000026 ], [ -74.095361976999982, 4.760316899000031 ], [ -74.095145732999981, 4.760233448000065 ], [ -74.095062589999941, 4.759962530000053 ], [ -74.094677756999943, 4.759942519000049 ], [ -74.094666607999955, 4.759646205000024 ], [ -74.094403062999959, 4.759555789000046 ], [ -74.094396062999976, 4.759236153000074 ], [ -74.094035163999934, 4.759599599000069 ], [ -74.09384775999996, 4.759453867000047 ], [ -74.094003672999975, 4.75907630200004 ], [ -74.093628837999972, 4.759099140000046 ], [ -74.093214288999945, 4.75886986200004 ], [ -74.092698434999988, 4.758975853000038 ], [ -74.092392898999947, 4.758911646000058 ], [ -74.092295685999943, 4.758811842000057 ], [ -74.091774477999934, 4.758321225000032 ], [ -74.091704136999965, 4.75816220300004 ], [ -74.091549479999969, 4.75842018700007 ], [ -74.090212033999933, 4.759771731000058 ], [ -74.089864082999952, 4.759422958000073 ], [ -74.090883728999984, 4.758474857000067 ], [ -74.090851440999984, 4.758457093000061 ], [ -74.090588163999939, 4.75839587400003 ], [ -74.090416517999984, 4.758365396000045 ], [ -74.090240006999977, 4.75833672400006 ], [ -74.090124485999979, 4.758443016000058 ], [ -74.090117185999986, 4.758449706000022 ], [ -74.089488746999962, 4.759032690000026 ], [ -74.089331801999947, 4.758871776000035 ], [ -74.089281709999966, 4.758819613000071 ], [ -74.089119264999965, 4.758657701000061 ], [ -74.089079083999934, 4.758617381000022 ], [ -74.088927903999945, 4.758463878000043 ], [ -74.089088932999971, 4.758304708000026 ], [ -74.089047132999951, 4.758217745000024 ], [ -74.08901145599998, 4.758181676000049 ], [ -74.088878113999954, 4.758050320000052 ], [ -74.089196121999976, 4.757729449000067 ], [ -74.089310846999979, 4.757615555000029 ], [ -74.089064762999953, 4.757579292000059 ], [ -74.088644884999951, 4.75751642900002 ], [ -74.088604248999957, 4.757513804000041 ], [ -74.088530452999976, 4.757505570000035 ], [ -74.088478915999985, 4.757502673000033 ], [ -74.088408995999941, 4.757501223000077 ], [ -74.088350607999985, 4.757496423000021 ], [ -74.08829789899994, 4.757489820000046 ], [ -74.088245097999959, 4.757488729000045 ], [ -74.088166076999983, 4.757485830000064 ], [ -74.088101832999939, 4.757479768000053 ], [ -74.088050744999975, 4.757470454000043 ], [ -74.088006954999969, 4.757463399000073 ], [ -74.087968032999981, 4.757458874000065 ], [ -74.087926584999934, 4.757456339000043 ], [ -74.087873873999968, 4.757450186000028 ], [ -74.087826570999937, 4.757443042000034 ], [ -74.087789267999938, 4.75743996500006 ], [ -74.087715291999984, 4.757436975000076 ], [ -74.087678890999939, 4.757441763000031 ], [ -74.087627529999963, 4.757461191000061 ], [ -74.087592476999987, 4.75748008100004 ], [ -74.087551206999933, 4.757499693000057 ], [ -74.087491016999934, 4.757522827000059 ], [ -74.087439565999944, 4.757537647000049 ], [ -74.087386763999973, 4.757553190000067 ], [ -74.087338015999933, 4.757577322000031 ], [ -74.087292421999962, 4.757587351000041 ], [ -74.087239436999937, 4.757615729000065 ], [ -74.087206008999942, 4.75763308300003 ], [ -74.087139325999942, 4.757664443000067 ], [ -74.087104635999935, 4.75767989600007 ], [ -74.087032729999976, 4.757704658000023 ], [ -74.086970015999952, 4.757726706000028 ], [ -74.086929107999936, 4.75774315600006 ], [ -74.086891532999971, 4.757755716000077 ], [ -74.086829180999985, 4.757773609000026 ], [ -74.086770970999964, 4.757791230000066 ], [ -74.086730963999969, 4.757809033000058 ], [ -74.086671943999988, 4.757830811000076 ], [ -74.086611390999963, 4.757858286000044 ], [ -74.086578680999935, 4.757875550000051 ], [ -74.086495151999941, 4.757917935000023 ], [ -74.086459739999952, 4.757934746000046 ], [ -74.086425588999987, 4.757952459000023 ], [ -74.086349175999942, 4.757988881000074 ], [ -74.086307726999962, 4.758005869000044 ], [ -74.086164545999964, 4.758074194000073 ], [ -74.086093091999942, 4.758105826000076 ], [ -74.08605758899995, 4.758116670000049 ], [ -74.085995685999933, 4.758130043000051 ], [ -74.085942432999957, 4.758129586000052 ], [ -74.085901077999949, 4.75813166000006 ], [ -74.085825481999962, 4.758115473000032 ], [ -74.085783313999968, 4.75810552400003 ], [ -74.085707806999949, 4.758093133000045 ], [ -74.085672307999971, 4.758084995000047 ], [ -74.08563086099997, 4.75806998500002 ], [ -74.085563823999962, 4.758055968000065 ], [ -74.085507781999979, 4.758044121000069 ], [ -74.085417590999953, 4.758024044000024 ], [ -74.085381459999951, 4.758014096000068 ], [ -74.08533280499995, 4.758001346000071 ], [ -74.085225401999935, 4.757988320000038 ], [ -74.085185577999937, 4.757986235000033 ], [ -74.085151335999967, 4.757978641000022 ], [ -74.085081599999967, 4.75796480200006 ], [ -74.085073544999943, 4.757964519000041 ], [ -74.084574971999984, 4.758911362000049 ], [ -74.084518986999967, 4.758913707000033 ], [ -74.084412124999972, 4.758911436000062 ], [ -74.084406718999958, 4.758911344000069 ], [ -74.084406446999935, 4.758911344000069 ], [ -74.077616954999939, 4.758762023000031 ], [ -74.077068311999938, 4.758760064000057 ], [ -74.076756187999933, 4.75879618700003 ], [ -74.076699702999974, 4.758807984000043 ], [ -74.076329627999939, 4.758885269000075 ], [ -74.075972803999946, 4.758974630000068 ], [ -74.075658240999985, 4.759073213000022 ], [ -74.075655986999948, 4.759073846000035 ], [ -74.075003697999989, 4.759329046000062 ], [ -74.07468849199995, 4.759506001000034 ], [ -74.074457271999961, 4.759637952000048 ], [ -74.073181445999978, 4.760783824000043 ], [ -74.072883406999949, 4.76109505200003 ] ] ] ] } },
{ "type": "Feature", "properties": { "objectid": 4, "nombre": "Calle 80", "zona": "Engativa/Calle 80", "lim_norte": "Calle 90", "lim_sur": "Calle 63", "lim_este": "Av. NQS", "lim_oeste": "Puente de Guadua", "color": "Morado", "letra": "D", "rango": "200-299", "globalid": "{4E5E5DF8-EDF4-48A3-94CD-8E5359D351EB}", "shape_Length": 0.30819934886924738, "shape_Area": 0.0033307771989576147 }, "geometry": { "type": "MultiPolygon", "coordinates": [ [ [ [ -74.067392840999958, 4.673929792000024 ], [ -74.068278504999967, 4.673271785000054 ], [ -74.069328045999953, 4.672422204000043 ], [ -74.070064570999989, 4.671683457000029 ], [ -74.071301044999984, 4.670274722000045 ], [ -74.072248840999976, 4.669088405000025 ], [ -74.073368955999968, 4.667734734000021 ], [ -74.075259440999957, 4.665557076000027 ], [ -74.075739640999984, 4.664810661000047 ], [ -74.075803464999979, 4.664711452000063 ], [ -74.076209540999969, 4.66378092900004 ], [ -74.076271559999952, 4.663678394000044 ], [ -74.076313526999968, 4.663523243000043 ], [ -74.076656716999935, 4.662254511000071 ], [ -74.077151396999966, 4.660098090000076 ], [ -74.077471729999957, 4.658624412000052 ], [ -74.077475740999944, 4.65862575400007 ], [ -74.07750475399996, 4.658485645000042 ], [ -74.077770095999938, 4.657203414000037 ], [ -74.077869047999968, 4.656618685000069 ], [ -74.077871230999961, 4.65660590300007 ], [ -74.078180128999975, 4.653427155000031 ], [ -74.078319357999987, 4.651994487000024 ], [ -74.080522158999941, 4.652416749000054 ], [ -74.081398829999955, 4.652599463000058 ], [ -74.082207091999976, 4.652774543000021 ], [ -74.082650419999936, 4.652921974000037 ], [ -74.083147723999957, 4.653141160000075 ], [ -74.083613217999982, 4.653346289000069 ], [ -74.083628629999964, 4.653356036000048 ], [ -74.083930343999953, 4.65354716500002 ], [ -74.084528207999938, 4.653939450000053 ], [ -74.084828934999962, 4.654172247000076 ], [ -74.085187785999949, 4.654508861000068 ], [ -74.085455492999984, 4.654830564000065 ], [ -74.085623829999975, 4.655045126000061 ], [ -74.085700466999981, 4.655142802000057 ], [ -74.085814327999969, 4.655351214000063 ], [ -74.085934873999975, 4.655571843000075 ], [ -74.086302928999942, 4.656087271000047 ], [ -74.086676888999989, 4.656676001000051 ], [ -74.08708816099994, 4.657203364000054 ], [ -74.087514204999934, 4.657831717000022 ], [ -74.087884231999965, 4.658372354000051 ], [ -74.091202045999978, 4.663132350000069 ], [ -74.091709580999975, 4.663999901000068 ], [ -74.092012758999942, 4.664409103000025 ], [ -74.092363233999947, 4.664867038000068 ], [ -74.092901905999952, 4.66543028600006 ], [ -74.093318203999956, 4.665740135000021 ], [ -74.093715424999971, 4.666065236000065 ], [ -74.094139607999978, 4.666339210000046 ], [ -74.094528879999984, 4.666616075000036 ], [ -74.095018163999953, 4.666961875000027 ], [ -74.095431080999958, 4.667315225000038 ], [ -74.09619639999994, 4.667843177000066 ], [ -74.096210256999939, 4.667851799000061 ], [ -74.096993535999957, 4.668339142000036 ], [ -74.097809181999935, 4.668849088000059 ], [ -74.098435860999984, 4.669188117000033 ], [ -74.099576535999972, 4.669827252000061 ], [ -74.100581022999961, 4.670419271000071 ], [ -74.100899913999967, 4.670721763000074 ], [ -74.100948733999985, 4.670789993000028 ], [ -74.101028415999963, 4.670838718000027 ], [ -74.101122742999962, 4.670932815000072 ], [ -74.101663579999979, 4.671472330000029 ], [ -74.103607103999934, 4.673954104000074 ], [ -74.103734100999986, 4.67411627000007 ], [ -74.103817143999947, 4.674222311000051 ], [ -74.104354903999933, 4.675045604000047 ], [ -74.105516079999973, 4.676068773000054 ], [ -74.114039308999963, 4.683511727000052 ], [ -74.114527477999957, 4.684015118000048 ], [ -74.116176064999934, 4.685715109000057 ], [ -74.117686129999981, 4.687637910000035 ], [ -74.117971111999964, 4.688108209000063 ], [ -74.11800360999996, 4.688161839000031 ], [ -74.118400283999961, 4.688651408000055 ], [ -74.120378191999976, 4.692221169000049 ], [ -74.122947747999945, 4.693624094000029 ], [ -74.124680835999982, 4.69493566500006 ], [ -74.128381565999973, 4.697736199000076 ], [ -74.128479912999978, 4.697810623000066 ], [ -74.145124215999942, 4.710406230000046 ], [ -74.14624725799996, 4.711248304000037 ], [ -74.146264371999962, 4.711261136000076 ], [ -74.146471881999958, 4.711416731000043 ], [ -74.146572766999952, 4.71179565400007 ], [ -74.14686782299998, 4.712652535000075 ], [ -74.147058159999972, 4.713884785000062 ], [ -74.148532216999968, 4.716118214000062 ], [ -74.150127287999965, 4.717404460000068 ], [ -74.151753352999947, 4.718451560000062 ], [ -74.152472982999939, 4.718932695000035 ], [ -74.153509266999947, 4.719162367000024 ], [ -74.154237411999986, 4.719399037000073 ], [ -74.154966350999985, 4.719516634000058 ], [ -74.155696928999987, 4.719638147000069 ], [ -74.155853449999938, 4.719641485000068 ], [ -74.156849625999939, 4.719882239000071 ], [ -74.158013902999983, 4.720356940000045 ], [ -74.158120599999961, 4.720415804000027 ], [ -74.158974935999936, 4.720829504000051 ], [ -74.159189881999964, 4.720948043000021 ], [ -74.159247694999976, 4.720978262000074 ], [ -74.160106704999976, 4.72142726200002 ], [ -74.160456127999964, 4.721516841000039 ], [ -74.160476190999987, 4.721521984000049 ], [ -74.160393978999934, 4.722074515000031 ], [ -74.160246852999933, 4.722722643000054 ], [ -74.160065307999957, 4.723273508000034 ], [ -74.159769337999933, 4.72384173100005 ], [ -74.159410294999986, 4.724295514000062 ], [ -74.159011427999985, 4.724777953000057 ], [ -74.15856075399995, 4.725168913000061 ], [ -74.15793870899995, 4.725531489000048 ], [ -74.157412977999968, 4.725549844000057 ], [ -74.157081589999962, 4.725567833000071 ], [ -74.156892741999968, 4.725470750000056 ], [ -74.157017435999933, 4.72500033700004 ], [ -74.157347648999973, 4.724449201000027 ], [ -74.15750748399995, 4.724334128000066 ], [ -74.157489913999939, 4.724162197000055 ], [ -74.157105997999963, 4.723710137000069 ], [ -74.156534044999944, 4.723470594000048 ], [ -74.155767838999964, 4.723277425000049 ], [ -74.155413388999989, 4.72323801400006 ], [ -74.154767554999978, 4.723205113000063 ], [ -74.15424173699995, 4.723200593000058 ], [ -74.153698887999951, 4.723173114000076 ], [ -74.153372908999984, 4.723105047000047 ], [ -74.152589674999945, 4.722911874000033 ], [ -74.152080704999946, 4.722769593000066 ], [ -74.151503347999949, 4.722713638000073 ], [ -74.151103397999975, 4.722731715000066 ], [ -74.150720925999963, 4.722910333000073 ], [ -74.150356830999954, 4.723690888000021 ], [ -74.150123380999958, 4.724035380000032 ], [ -74.149804426999935, 4.724529112000027 ], [ -74.149479884999948, 4.72504589600004 ], [ -74.149234741999976, 4.72546464100003 ], [ -74.148572012999978, 4.72588918200006 ], [ -74.147728128999972, 4.726282488000038 ], [ -74.14660370699994, 4.726892712000051 ], [ -74.14607295899998, 4.72720350700007 ], [ -74.145279511999945, 4.727618113000062 ], [ -74.144640151999965, 4.727923399000076 ], [ -74.144126437999944, 4.728228332000072 ], [ -74.143487214999936, 4.728591030000075 ], [ -74.142876359999946, 4.728879083000038 ], [ -74.142396714999961, 4.729046377000031 ], [ -74.14170547699996, 4.72914537500003 ], [ -74.140911465999977, 4.729324879000046 ], [ -74.140346085999965, 4.729486802000054 ], [ -74.139718054999946, 4.729746109000075 ], [ -74.138895951999984, 4.730137825000043 ], [ -74.138582076999967, 4.730316206000055 ], [ -74.138347954999972, 4.730414151000048 ], [ -74.138073989999953, 4.730575373000022 ], [ -74.137696973999937, 4.730639276000034 ], [ -74.137394291999954, 4.730725922000033 ], [ -74.137068523999972, 4.730703810000023 ], [ -74.136919370999976, 4.73046320100002 ], [ -74.136683785999935, 4.729873231000056 ], [ -74.136511131999953, 4.729317442000024 ], [ -74.13618904599997, 4.728395200000023 ], [ -74.136005962999945, 4.728292301000067 ], [ -74.135571652999943, 4.72829327900007 ], [ -74.135000220999984, 4.728317486000037 ], [ -74.134474890999968, 4.728513516000021 ], [ -74.133789561999947, 4.728710034000073 ], [ -74.133172860999935, 4.728940734000048 ], [ -74.132436563999988, 4.729337954000073 ], [ -74.131951700999934, 4.729757565000057 ], [ -74.131552638999949, 4.730194130000029 ], [ -74.131428032999963, 4.730710435000049 ], [ -74.130976962999966, 4.730877720000024 ], [ -74.130582563999951, 4.730867114000034 ], [ -74.130039084999964, 4.730587297000056 ], [ -74.129541358999973, 4.730330504000051 ], [ -74.129391931999976, 4.72996962700006 ], [ -74.129602415999955, 4.729522041000052 ], [ -74.129663956999934, 4.728931230000057 ], [ -74.12964567299997, 4.728398115000061 ], [ -74.129370113999983, 4.727825371000051 ], [ -74.129059926999957, 4.727103618000058 ], [ -74.128927746999977, 4.726771414000041 ], [ -74.128607681999938, 4.726743438000028 ], [ -74.128145761999974, 4.727180210000029 ], [ -74.127627380999968, 4.727932371000065 ], [ -74.127158063999957, 4.728392384000074 ], [ -74.127177942999936, 4.728416346000074 ], [ -74.126543807999951, 4.72895531100005 ], [ -74.126310342999943, 4.729328451000072 ], [ -74.126031019999971, 4.729661634000024 ], [ -74.126129298999956, 4.730188908000059 ], [ -74.126324529999977, 4.730589814000041 ], [ -74.126857536999978, 4.731322572000067 ], [ -74.127327389999948, 4.731860527000038 ], [ -74.127539651999939, 4.732249864000039 ], [ -74.127861548999988, 4.733137820000024 ], [ -74.128154975999962, 4.734002905000068 ], [ -74.128352069999949, 4.735275304000027 ], [ -74.128346995999948, 4.735344636000036 ], [ -74.128302129999952, 4.735957689000031 ], [ -74.127914233999945, 4.736296836000065 ], [ -74.127570681999941, 4.736370469000065 ], [ -74.127518942999984, 4.736431211000024 ], [ -74.127499906999958, 4.736576358000036 ], [ -74.127476008999963, 4.737310507000075 ], [ -74.127476005999938, 4.737310587000024 ], [ -74.12737995599997, 4.737305130000038 ], [ -74.127391211999964, 4.737776708000069 ], [ -74.127392853999936, 4.737845442000037 ], [ -74.127393249999955, 4.73786203700007 ], [ -74.12740863099998, 4.738506457000028 ], [ -74.127416712999946, 4.738846285000022 ], [ -74.127281413999981, 4.739068947000021 ], [ -74.127164132999951, 4.739305591000061 ], [ -74.126775836999968, 4.739664613000059 ], [ -74.126536146999968, 4.739835433000053 ], [ -74.126129627999944, 4.740017830000056 ], [ -74.125774708999984, 4.740097831000071 ], [ -74.125445695999986, 4.740118580000058 ], [ -74.12504925199994, 4.740058395000062 ], [ -74.12452751099994, 4.739980479000053 ], [ -74.122955462999983, 4.739744115000065 ], [ -74.122162925999987, 4.739596200000051 ], [ -74.121569522999948, 4.739583673000027 ], [ -74.121129649999943, 4.739529699000059 ], [ -74.120690269999955, 4.739436811000076 ], [ -74.120573283999988, 4.739309265000031 ], [ -74.120573307999962, 4.73878935700003 ], [ -74.120597111999984, 4.738544517000037 ], [ -74.120599953999942, 4.737985696000067 ], [ -74.120599113999958, 4.737878141000067 ], [ -74.120503318999965, 4.737700525000037 ], [ -74.120290532999945, 4.73756245200002 ], [ -74.120123923999984, 4.737386174000051 ], [ -74.120006939999939, 4.737254110000038 ], [ -74.119786626999939, 4.736999228000059 ], [ -74.119649722999952, 4.736823376000075 ], [ -74.119315094999934, 4.736576117000027 ], [ -74.119004535999977, 4.736411626000063 ], [ -74.11864533399995, 4.736299109000072 ], [ -74.118412054999965, 4.736328123000021 ], [ -74.11781506899996, 4.736246879000021 ], [ -74.117216466999935, 4.736110622000069 ], [ -74.116934624999942, 4.736015339000062 ], [ -74.116710790999946, 4.735849722000069 ], [ -74.116523556999937, 4.735684531000061 ], [ -74.116359554999974, 4.735483040000076 ], [ -74.11615825399997, 4.735166579000065 ], [ -74.116014170999961, 4.735018128000036 ], [ -74.115834887999938, 4.734935560000054 ], [ -74.115489062999984, 4.73484854000003 ], [ -74.114994707999983, 4.734768569000039 ], [ -74.114603052999939, 4.734694607000051 ], [ -74.114471152999954, 4.73448217300006 ], [ -74.114341017999948, 4.734141351000062 ], [ -74.114288657999964, 4.733955262000052 ], [ -74.114224398999966, 4.733810063000021 ], [ -74.114176399999963, 4.73364233500007 ], [ -74.114132979999965, 4.733476800000062 ], [ -74.114115747999961, 4.733226872000046 ], [ -74.114123362999976, 4.732993329000067 ], [ -74.11412463399995, 4.732899475000067 ], [ -74.114124715999935, 4.732720947000075 ], [ -74.114113958999951, 4.732500821000031 ], [ -74.114130866999972, 4.732258240000021 ], [ -74.114089129999968, 4.732133945000044 ], [ -74.114026346999935, 4.732050750000042 ], [ -74.113945190999971, 4.73196953300004 ], [ -74.113804057999971, 4.731940145000067 ], [ -74.113667501999942, 4.731908502000067 ], [ -74.113558186999967, 4.731888720000029 ], [ -74.113312806999943, 4.731798454000057 ], [ -74.113034143999982, 4.73155147600005 ], [ -74.112874796999961, 4.731250058000057 ], [ -74.112586986999986, 4.730926105000037 ], [ -74.112355134999973, 4.730656108000062 ], [ -74.111958436999942, 4.73025877300006 ], [ -74.111528017999944, 4.72988523500004 ], [ -74.111309605999963, 4.729711142000042 ], [ -74.111062964999974, 4.729603996000037 ], [ -74.110890931999961, 4.729571075000024 ], [ -74.110593320999953, 4.729540690000022 ], [ -74.11035519099994, 4.729513699000051 ], [ -74.109986072999959, 4.729338184000028 ], [ -74.109736833999989, 4.729109780000044 ], [ -74.10952870899996, 4.728772695000032 ], [ -74.10937189699996, 4.728484906000062 ], [ -74.109228880999979, 4.728201497000043 ], [ -74.109090299999934, 4.727913356000045 ], [ -74.108901180999965, 4.727610311000035 ], [ -74.108684881999977, 4.727426965000063 ], [ -74.108346248999965, 4.727182031000041 ], [ -74.108108974999936, 4.72698088900006 ], [ -74.107724236999957, 4.726716248000059 ], [ -74.107418257999939, 4.726612697000064 ], [ -74.107269678999955, 4.726391221000029 ], [ -74.107098003999965, 4.726266706000047 ], [ -74.106935410999938, 4.726137107000056 ], [ -74.106788093999967, 4.725977565000051 ], [ -74.106603185999973, 4.725873668000077 ], [ -74.106363435999981, 4.72587654900002 ], [ -74.106205473999978, 4.725969192000036 ], [ -74.106019497999966, 4.726032880000048 ], [ -74.105890538999972, 4.726092827000059 ], [ -74.105545766999967, 4.726100147000068 ], [ -74.105387320999967, 4.72605995300006 ], [ -74.105101676999936, 4.726052237000033 ], [ -74.104858192999984, 4.726096287000075 ], [ -74.104226591999975, 4.725933320000024 ], [ -74.10409180299996, 4.725823778000063 ], [ -74.103979475999949, 4.725587898000072 ], [ -74.104020239999954, 4.725463326000067 ], [ -74.104003301999967, 4.725092424000024 ], [ -74.104078587999936, 4.724545334000027 ], [ -74.104042919999983, 4.724262001000056 ], [ -74.104067365999981, 4.724013911000043 ], [ -74.103981928999985, 4.723754517000032 ], [ -74.103857840999979, 4.723608111000033 ], [ -74.103688279999972, 4.723476532000063 ], [ -74.103438125999958, 4.723311545000058 ], [ -74.103431016999934, 4.72330893000003 ], [ -74.103143480999961, 4.723203969000053 ], [ -74.102855601999977, 4.722983047000071 ], [ -74.102685837999957, 4.722732331000032 ], [ -74.102504532999944, 4.722474974000022 ], [ -74.102349337999954, 4.722262749000038 ], [ -74.102142543999946, 4.722097623000025 ], [ -74.10190449299995, 4.721965049000062 ], [ -74.101480540999944, 4.721900897000069 ], [ -74.101156611999954, 4.721811323000054 ], [ -74.100783625999952, 4.721674928000027 ], [ -74.100564160999966, 4.721555845000069 ], [ -74.100467103999961, 4.721395245000053 ], [ -74.100427493999973, 4.721141644000056 ], [ -74.100393028999974, 4.720805488000053 ], [ -74.100448028999949, 4.720487981000076 ], [ -74.100478446999944, 4.720306348000065 ], [ -74.100427646999947, 4.72006213800006 ], [ -74.100373608999973, 4.719774637000057 ], [ -74.100365956999951, 4.719518142000027 ], [ -74.10041672899996, 4.719219139000074 ], [ -74.100367687999949, 4.718952046000027 ], [ -74.100296611999966, 4.718722032000073 ], [ -74.100215255999956, 4.718545049000056 ], [ -74.100137840999935, 4.718340525000031 ], [ -74.099995173999957, 4.718183030000034 ], [ -74.099975605999987, 4.718159301000071 ], [ -74.09984286599996, 4.717998345000069 ], [ -74.099575612999956, 4.717781731000059 ], [ -74.099377401999959, 4.717698806000044 ], [ -74.099249862999955, 4.717607627000064 ], [ -74.099076991999937, 4.717535507000036 ], [ -74.098858438999969, 4.717460069000026 ], [ -74.09856145699996, 4.717567106000047 ], [ -74.098298544999977, 4.717664401000036 ], [ -74.09812236099998, 4.717649839000046 ], [ -74.097974688999955, 4.717579561000036 ], [ -74.097766976999935, 4.71747855600006 ], [ -74.097593615999983, 4.717381369000066 ], [ -74.097340353999982, 4.717393635000064 ], [ -74.097272214999975, 4.717413334000071 ], [ -74.097028593999937, 4.717450671000051 ], [ -74.096887248999963, 4.71746280800005 ], [ -74.096684465999942, 4.717380023000032 ], [ -74.096544822999988, 4.717256919000022 ], [ -74.096403847999966, 4.717069694000031 ], [ -74.096248226999933, 4.71694694200005 ], [ -74.096012090999977, 4.71668838100004 ], [ -74.09579144199995, 4.716408988000069 ], [ -74.095725425999944, 4.716309547000037 ], [ -74.09557016399998, 4.716097320000074 ], [ -74.095353305999936, 4.715994194000075 ], [ -74.095242524999946, 4.71583154700005 ], [ -74.095148715999983, 4.715595030000031 ], [ -74.095135765999942, 4.715562402000046 ], [ -74.095085729999937, 4.715436199000067 ], [ -74.095057805999943, 4.715193827000064 ], [ -74.09498976499998, 4.714892765000059 ], [ -74.094784825999966, 4.714489152000056 ], [ -74.094594722999943, 4.714245706000042 ], [ -74.094455301999972, 4.714026348000061 ], [ -74.094246469999973, 4.71387039800004 ], [ -74.094008986999938, 4.713765435000028 ], [ -74.093831970999986, 4.713601793000066 ], [ -74.093707677999987, 4.713450867000063 ], [ -74.093510398999967, 4.713193860000047 ], [ -74.093442287999949, 4.712888138000039 ], [ -74.093504669999959, 4.712703471000054 ], [ -74.09355248199995, 4.712480243000073 ], [ -74.093586778999963, 4.712261744000045 ], [ -74.093608201999984, 4.711977218000072 ], [ -74.093532693999975, 4.711756451000042 ], [ -74.093457325999964, 4.711538014000041 ], [ -74.093390326999952, 4.711425580000025 ], [ -74.093350771999951, 4.711359265000056 ], [ -74.093063680999933, 4.711067435000075 ], [ -74.092782076999981, 4.710821367000051 ], [ -74.09251947499996, 4.710606870000049 ], [ -74.092254689999947, 4.710399293000023 ], [ -74.091998406999949, 4.710377237000046 ], [ -74.091744504999951, 4.710467467000058 ], [ -74.091512559999956, 4.710628109000027 ], [ -74.091221917999974, 4.710709933000032 ], [ -74.09103848899997, 4.710677147000069 ], [ -74.090872526999988, 4.710497403000034 ], [ -74.090774212999975, 4.710274869000045 ], [ -74.090720381999972, 4.710104176000073 ], [ -74.090577726999982, 4.709838980000029 ], [ -74.090465047999942, 4.709692433000043 ], [ -74.090438395999968, 4.70940422700005 ], [ -74.090478110999982, 4.709229163000032 ], [ -74.090547830999981, 4.708849511000039 ], [ -74.09052939999998, 4.708735390000072 ], [ -74.090488791999974, 4.708651487000054 ], [ -74.090373929999942, 4.708511788000067 ], [ -74.090255185, 4.708512060000032 ], [ -74.090118067999981, 4.708508093000034 ], [ -74.089958987999978, 4.708548120000046 ], [ -74.089820318999955, 4.708580807000033 ], [ -74.089723606999939, 4.708541602000025 ], [ -74.089677584999947, 4.708416599000032 ], [ -74.089712574999965, 4.70834478200004 ], [ -74.089674649999949, 4.708171404000041 ], [ -74.089657001999967, 4.707981575000076 ], [ -74.089630329999977, 4.707908832000044 ], [ -74.089546442999961, 4.707722668000031 ], [ -74.089548215999969, 4.707589689000031 ], [ -74.089623190999987, 4.707459755000059 ], [ -74.089737440999954, 4.707354259000056 ], [ -74.089823959999933, 4.707230963000029 ], [ -74.089737330999981, 4.707021848000068 ], [ -74.089638026999978, 4.706861318000051 ], [ -74.089206072999957, 4.706634515000076 ], [ -74.089179750999961, 4.706618763000051 ], [ -74.088898423999979, 4.706450801000074 ], [ -74.088609073999976, 4.706268997000052 ], [ -74.088372652999965, 4.706106619000025 ], [ -74.088163685999973, 4.705943749000028 ], [ -74.088065502999939, 4.705835831000059 ], [ -74.088007765999976, 4.705699426000024 ], [ -74.087745405999954, 4.705621825000037 ], [ -74.087366976999988, 4.705592343000035 ], [ -74.087071371999969, 4.705546281000068 ], [ -74.086954095999943, 4.705454429000042 ], [ -74.086874002999934, 4.705408502000068 ], [ -74.086831093999933, 4.705398454000033 ], [ -74.086607969999989, 4.705397 ], [ -74.086585085999957, 4.705378341000028 ], [ -74.086563632999969, 4.705358249000028 ], [ -74.086542182999949, 4.705306587000052 ], [ -74.086517871999945, 4.705257795000023 ], [ -74.086493558999962, 4.705242007000038 ], [ -74.086462091999977, 4.705240571000047 ], [ -74.08626757199994, 4.705240553000067 ], [ -74.08624182799997, 4.705221895000022 ], [ -74.086177792999933, 4.705167184000061 ], [ -74.086097373999962, 4.705162929000039 ], [ -74.085978863999969, 4.705162919000031 ], [ -74.085881517999951, 4.705145924000021 ], [ -74.085640270999988, 4.705077961000029 ], [ -74.085504834999938, 4.705031238000061 ], [ -74.085394791999988, 4.705001502000073 ], [ -74.085327072999974, 4.704988757000024 ], [ -74.085242424999933, 4.704959025000051 ], [ -74.085170475999973, 4.70491230600004 ], [ -74.085090057999935, 4.704908052000064 ], [ -74.085030800999959, 4.704933527000037 ], [ -74.084984240999972, 4.704967492000037 ], [ -74.084945027999936, 4.704987510000024 ], [ -74.08485380999997, 4.705007665000039 ], [ -74.084767230999944, 4.705049539000072 ], [ -74.084618811999974, 4.705071240000052 ], [ -74.084546146999969, 4.705094501000076 ], [ -74.084414735999985, 4.705099143000041 ], [ -74.084250859999941, 4.705100679000054 ], [ -74.084148824999943, 4.705088261000071 ], [ -74.084025143999952, 4.705080494000072 ], [ -74.083858176999968, 4.705074275000072 ], [ -74.083773146999988, 4.705064960000072 ], [ -74.083695847999934, 4.705052545000058 ], [ -74.083610820999979, 4.70503392400002 ], [ -74.083539705999954, 4.705007549000072 ], [ -74.083389749999981, 4.704934632000061 ], [ -74.083281305999947, 4.704878285000063 ], [ -74.083073208999963, 4.704757007000069 ], [ -74.082882990999963, 4.704634296000052 ], [ -74.08267989899997, 4.704527368000072 ], [ -74.082549049999955, 4.704478506000044 ], [ -74.081977027999983, 4.704237467000041 ], [ -74.081198777999987, 4.703718371000036 ], [ -74.081198494999967, 4.703717591000043 ], [ -74.08119821799994, 4.703716818000032 ], [ -74.081019286999947, 4.703624048000052 ], [ -74.080831726999975, 4.703526809000039 ], [ -74.080273156999965, 4.703210371000068 ], [ -74.078552297999977, 4.702667819000055 ], [ -74.078029751999964, 4.702532173000066 ], [ -74.07782707299998, 4.70246559900005 ], [ -74.077781995999942, 4.702450791000047 ], [ -74.077534238999988, 4.702369410000074 ], [ -74.076903588999983, 4.702125275000071 ], [ -74.076454380999962, 4.70206322100006 ], [ -74.076182828999947, 4.702025763000051 ], [ -74.075786425999979, 4.701817811000069 ], [ -74.075516142999959, 4.701781622000055 ], [ -74.074858418999952, 4.701944259000072 ], [ -74.074642212999947, 4.701700169000048 ], [ -74.07328178399996, 4.701464989000044 ], [ -74.073043948999953, 4.701426613000024 ], [ -74.073043915999961, 4.701426608000077 ], [ -74.072777776999942, 4.701383663000058 ], [ -74.07277725299997, 4.701383577000058 ], [ -74.072566644999938, 4.701463846000024 ], [ -74.072516313999984, 4.701483050000036 ], [ -74.072326749999945, 4.701555273000054 ], [ -74.071996979999938, 4.701575219000063 ], [ -74.070967584999948, 4.701637529000038 ], [ -74.070955224999977, 4.701638278000075 ], [ -74.070686983999963, 4.70165451400004 ], [ -74.070541568999943, 4.701559657000075 ], [ -74.070541402999936, 4.70155901000004 ], [ -74.07053988399997, 4.701553227000034 ], [ -74.070516320999957, 4.701476496000055 ], [ -74.070508784999959, 4.701451955000039 ], [ -74.070474913999988, 4.701340474000062 ], [ -74.070446514999958, 4.701247006000074 ], [ -74.070388618999971, 4.701058897000053 ], [ -74.070388607999973, 4.701058866000039 ], [ -74.070383119999974, 4.701040787000068 ], [ -74.07033450199998, 4.700882166000042 ], [ -74.07032514399998, 4.700851446000058 ], [ -74.07026097499994, 4.700638303000062 ], [ -74.070194971999967, 4.700470855000049 ], [ -74.070091610999953, 4.700144645000023 ], [ -74.070080505999954, 4.699998107000056 ], [ -74.070074947999956, 4.699980379000067 ], [ -74.069586360999949, 4.698423277000074 ], [ -74.069573694999974, 4.698389166000027 ], [ -74.069539076999945, 4.698295519000055 ], [ -74.069294152999987, 4.697494793000033 ], [ -74.069254118999936, 4.697365129000048 ], [ -74.069101435999983, 4.696870484000044 ], [ -74.06905534699996, 4.696753671000067 ], [ -74.069023821999963, 4.696685519000027 ], [ -74.068826168999976, 4.696146448000036 ], [ -74.068755872999986, 4.695971230000055 ], [ -74.068468473999985, 4.695444295000073 ], [ -74.068025898999963, 4.694708020000064 ], [ -74.067542858999957, 4.693902885000057 ], [ -74.067464464999944, 4.693772156000023 ], [ -74.066919989999974, 4.692875278000031 ], [ -74.066373125999974, 4.691963780000037 ], [ -74.066305848999946, 4.691859605000047 ], [ -74.066240402999938, 4.691754232000051 ], [ -74.066176784999982, 4.691647800000055 ], [ -74.066115068999977, 4.691540236000037 ], [ -74.066055182999946, 4.691431614000066 ], [ -74.065997197999934, 4.691322003000039 ], [ -74.065941183999939, 4.691211333000069 ], [ -74.065887070999963, 4.691099747000067 ], [ -74.065834928999948, 4.690987169000039 ], [ -74.065790104999962, 4.690886317000036 ], [ -74.065747109999961, 4.690784691000033 ], [ -74.065705805999983, 4.690682285000037 ], [ -74.065562195999973, 4.690293218000022 ], [ -74.065465939999967, 4.690023998000072 ], [ -74.065374330999987, 4.689753230000065 ], [ -74.06523698999996, 4.689314517000071 ], [ -74.065200196999967, 4.689172282000072 ], [ -74.065156786999978, 4.689015569000048 ], [ -74.065200598999979, 4.689028741000072 ], [ -74.064958696999952, 4.688199359000066 ], [ -74.063507444999971, 4.685268769000061 ], [ -74.063114613999971, 4.684475503000044 ], [ -74.06285287299994, 4.68386279200007 ], [ -74.062855765999984, 4.68365446200005 ], [ -74.062858821999953, 4.683434489000035 ], [ -74.062918812999953, 4.683280226000022 ], [ -74.063067024999953, 4.68289911200003 ], [ -74.064205953999988, 4.68123055600006 ], [ -74.064512548999971, 4.680781391000039 ], [ -74.065257978999966, 4.679555289000064 ], [ -74.067326259999959, 4.676153339000052 ], [ -74.068083535999961, 4.675138180000033 ], [ -74.068082066999978, 4.675137083000038 ], [ -74.068375776999972, 4.674745963000021 ], [ -74.068392028999938, 4.674724323000021 ], [ -74.068339777999938, 4.674692398000047 ], [ -74.068319297999949, 4.674679825000055 ], [ -74.067980066999951, 4.674472585000046 ], [ -74.06795443599998, 4.674448892000044 ], [ -74.067895133999968, 4.674394078000034 ], [ -74.067392840999958, 4.673929792000024 ] ] ] ] } },
{ "type": "Feature", "properties": { "objectid": 5, "nombre": "Americas", "zona": "Kennedy/Las Americas", "lim_norte": "Calle 17", "lim_sur": "Av. Villavicencio", "lim_este": "Av. NQS", "lim_oeste": "Rio Bogota", "color": "Rojo", "letra": "F", "rango": "400-499", "globalid": "{8373E32A-4DBB-424D-868F-67A13CAAB720}", "shape_Length": 0.27990107761811051, "shape_Area": 0.0028698641457970179 }, "geometry": { "type": "MultiPolygon", "coordinates": [ [ [ [ -74.083198956999979, 4.624698296000076 ], [ -74.083999064999944, 4.623709403000021 ], [ -74.084975421999957, 4.622502729000075 ], [ -74.086434850999979, 4.620698859000072 ], [ -74.088378890999934, 4.61829616700004 ], [ -74.089086284999951, 4.617421876000037 ], [ -74.090847159999953, 4.615245501000061 ], [ -74.092371453999988, 4.613361399000041 ], [ -74.096240717999933, 4.60857913500007 ], [ -74.097883863999982, 4.606548140000029 ], [ -74.098989474999939, 4.605181572000049 ], [ -74.099120248999952, 4.605019929000036 ], [ -74.099821764999945, 4.604287857000031 ], [ -74.100368438999965, 4.603665798000065 ], [ -74.100634346999982, 4.603406568000025 ], [ -74.10066597499997, 4.603402932000051 ], [ -74.101529720999963, 4.603888342000062 ], [ -74.103428528999984, 4.605144697000071 ], [ -74.105370168999968, 4.606572373000063 ], [ -74.108789454999965, 4.60952052600004 ], [ -74.111045183999977, 4.612190281000039 ], [ -74.112101664999955, 4.613054026000043 ], [ -74.114371670999958, 4.614852899000027 ], [ -74.11468575899994, 4.614888590000021 ], [ -74.114891682999939, 4.614831962000039 ], [ -74.115264209999964, 4.614683368000044 ], [ -74.115845158999946, 4.614432083000054 ], [ -74.115964889999987, 4.614403883000023 ], [ -74.119070416999989, 4.613215511000021 ], [ -74.119479471999966, 4.613058979000073 ], [ -74.11969470799994, 4.612976615000036 ], [ -74.119935933999955, 4.612883973000066 ], [ -74.121791194999957, 4.612171455000066 ], [ -74.12210889499994, 4.612049440000021 ], [ -74.125377650999951, 4.610773899000037 ], [ -74.127805476999981, 4.609819715000071 ], [ -74.128419189999988, 4.609578512000041 ], [ -74.12859440699998, 4.609509646000049 ], [ -74.129032902999938, 4.609337307000033 ], [ -74.12906028499998, 4.609326547000023 ], [ -74.129060307999964, 4.609326561000046 ], [ -74.129161579999959, 4.609405871000035 ], [ -74.129257995999978, 4.609477272000049 ], [ -74.129355609999948, 4.609547826000039 ], [ -74.129454700999986, 4.609615624000071 ], [ -74.129538379999985, 4.609670642000026 ], [ -74.129934814999956, 4.609909143000039 ], [ -74.129952684999978, 4.609919794000064 ], [ -74.130584961999944, 4.610296660000074 ], [ -74.130983510999954, 4.610527885000067 ], [ -74.131539070999963, 4.610858197000027 ], [ -74.132195482999975, 4.611248467000053 ], [ -74.133332294999946, 4.611932110000055 ], [ -74.13336755499995, 4.611954640000022 ], [ -74.133816493999973, 4.612263547000055 ], [ -74.134106237999958, 4.612516730000038 ], [ -74.134436938999954, 4.612850775000027 ], [ -74.135145002999934, 4.613673315000028 ], [ -74.135540240999944, 4.614144579000026 ], [ -74.136398068999938, 4.615167332000055 ], [ -74.137143647999949, 4.61607956000006 ], [ -74.137855657999978, 4.616906616000051 ], [ -74.138347175999968, 4.617484304000072 ], [ -74.139000705999933, 4.618252391000055 ], [ -74.139262160999976, 4.61850331200003 ], [ -74.139476183999989, 4.618606775000046 ], [ -74.139689783999984, 4.61871002700002 ], [ -74.140036331999966, 4.618801629000075 ], [ -74.140339736999977, 4.618881860000045 ], [ -74.14075244299994, 4.618966612000065 ], [ -74.141324415999975, 4.619069869000043 ], [ -74.141856556999983, 4.619130190000021 ], [ -74.141955157999973, 4.619146856000043 ], [ -74.142400237999937, 4.619201453000073 ], [ -74.143205169999987, 4.619300124000063 ], [ -74.144109551999975, 4.619125419000056 ], [ -74.144767462999937, 4.618959329000063 ], [ -74.145327828999939, 4.618771835000075 ], [ -74.146109185999933, 4.618523542000048 ], [ -74.14682290899998, 4.61836076700007 ], [ -74.146989005999956, 4.618322916000068 ], [ -74.148148792999962, 4.617961769000033 ], [ -74.149348556999939, 4.61768084800002 ], [ -74.150668244999963, 4.617440108000039 ], [ -74.151472331999969, 4.617298940000069 ], [ -74.152267973999983, 4.617159181000034 ], [ -74.152701650999973, 4.617086654000047 ], [ -74.152719951999984, 4.617083619000027 ], [ -74.152983943999971, 4.617039410000075 ], [ -74.153947579999965, 4.616878254000028 ], [ -74.155999633999954, 4.616496966000057 ], [ -74.156107172999953, 4.616476982000052 ], [ -74.156681750999951, 4.616383476000067 ], [ -74.157586899999956, 4.616236226000069 ], [ -74.157594782999979, 4.61623488400005 ], [ -74.158629710999946, 4.616058185000043 ], [ -74.159466450999957, 4.61591517100004 ], [ -74.160186360999944, 4.615754713000058 ], [ -74.160826177999979, 4.615634298000032 ], [ -74.161510473999954, 4.615451242000063 ], [ -74.162496485999952, 4.615187531000061 ], [ -74.162604295999984, 4.615188403000047 ], [ -74.163710745999936, 4.617072935000067 ], [ -74.16602039299994, 4.621031480000056 ], [ -74.166480437999951, 4.621819961000028 ], [ -74.166492747999939, 4.621858173000021 ], [ -74.166811649999943, 4.622399687000041 ], [ -74.167181368999934, 4.623020436000047 ], [ -74.167199386999982, 4.623049814000069 ], [ -74.167674326999986, 4.62387282100002 ], [ -74.167843947999984, 4.62406653000005 ], [ -74.16799604199997, 4.624195621000069 ], [ -74.168194869999979, 4.624348230000066 ], [ -74.168358646999934, 4.62445387300005 ], [ -74.168545859999938, 4.624577103000036 ], [ -74.168651151999939, 4.624694546000057 ], [ -74.168809087999989, 4.624829497000064 ], [ -74.168873418999965, 4.624952729000029 ], [ -74.169084004999945, 4.625340080000058 ], [ -74.169505111999968, 4.626252773000033 ], [ -74.169720769999969, 4.626852410000026 ], [ -74.169918056999961, 4.627256216000035 ], [ -74.170123224999941, 4.627644133000047 ], [ -74.170143282999959, 4.627680995000048 ], [ -74.170352041999934, 4.628063755000028 ], [ -74.170644619999962, 4.628272573000061 ], [ -74.170674813999938, 4.62844889400003 ], [ -74.173693448999984, 4.627176536000036 ], [ -74.174652952999963, 4.629379577000066 ], [ -74.176350530999969, 4.632748924000055 ], [ -74.173785344999942, 4.634036027000036 ], [ -74.174071424999966, 4.63457835600002 ], [ -74.174450307999962, 4.63529655800005 ], [ -74.174725022999951, 4.635808057000077 ], [ -74.17518808799997, 4.636670324000022 ], [ -74.175246296999944, 4.636778653000022 ], [ -74.175750326999946, 4.637730323000028 ], [ -74.176474458999962, 4.639108394000061 ], [ -74.177333803999943, 4.640711881000072 ], [ -74.178211310999984, 4.642360494000059 ], [ -74.178416839999954, 4.64275638700002 ], [ -74.178502360999971, 4.642921 ], [ -74.17891799299997, 4.643654029000061 ], [ -74.179143440999951, 4.644051687000058 ], [ -74.179777418999947, 4.64526012500005 ], [ -74.179991254999948, 4.645670849000055 ], [ -74.180383031999952, 4.646396109000023 ], [ -74.180683866999971, 4.646952962000057 ], [ -74.180800695999949, 4.647169215000076 ], [ -74.181764659999942, 4.647868674000051 ], [ -74.182450769999946, 4.648398518000022 ], [ -74.182669610999938, 4.648765999000034 ], [ -74.182231291999983, 4.649190838000038 ], [ -74.181766903999971, 4.649829855000064 ], [ -74.181048027999964, 4.650888766000037 ], [ -74.180716348999965, 4.651744816000075 ], [ -74.180490236999958, 4.652130087000046 ], [ -74.180076291999967, 4.652619771000047 ], [ -74.17963819299996, 4.652891875000023 ], [ -74.178909374999989, 4.653263151000033 ], [ -74.178368754999951, 4.653576027000042 ], [ -74.177703453999982, 4.65406155900007 ], [ -74.177550394999969, 4.654251575000046 ], [ -74.176576985999986, 4.654784846000041 ], [ -74.176016346999972, 4.654627848000075 ], [ -74.175415708999935, 4.654476817000045 ], [ -74.174908956999957, 4.654732199000023 ], [ -74.174478793999981, 4.655365245000041 ], [ -74.174195287999964, 4.655710832000068 ], [ -74.173820249999949, 4.656016918000034 ], [ -74.173091879999959, 4.656474155000069 ], [ -74.172643327999936, 4.656901012000048 ], [ -74.172336395999935, 4.657143549000068 ], [ -74.171834773999933, 4.657295696000062 ], [ -74.171735122999962, 4.657287920000044 ], [ -74.17158576199995, 4.657276267000043 ], [ -74.171360445999937, 4.657258556000045 ], [ -74.170908726999983, 4.657169710000062 ], [ -74.170478897999942, 4.656943101000024 ], [ -74.169876269999975, 4.656471166000074 ], [ -74.169486712999969, 4.65627872400006 ], [ -74.169012563999956, 4.656258758000035 ], [ -74.167950304999977, 4.656288158000052 ], [ -74.167653908999966, 4.656381723000038 ], [ -74.167215891999945, 4.656670996000059 ], [ -74.166997526999978, 4.65737725200006 ], [ -74.166811948999964, 4.657854089000068 ], [ -74.16670114599998, 4.658410649000075 ], [ -74.166737549999937, 4.658754328000043 ], [ -74.166660441999966, 4.659218958000054 ], [ -74.166525761999935, 4.659615252000037 ], [ -74.166372520999971, 4.659770912000056 ], [ -74.166207474999965, 4.659875052000075 ], [ -74.165938912999934, 4.659853813000041 ], [ -74.165641068999946, 4.659718045000034 ], [ -74.165513854999972, 4.65945527100007 ], [ -74.165237719999936, 4.659136001000036 ], [ -74.164887078999982, 4.65877144600006 ], [ -74.164486352999972, 4.65863640300006 ], [ -74.16404049099998, 4.65856463800003 ], [ -74.163933463999967, 4.658640480000031 ], [ -74.163346616999945, 4.65905603300007 ], [ -74.163154004999967, 4.659309411000038 ], [ -74.163002025999958, 4.659682833000033 ], [ -74.162947978999966, 4.660181722000061 ], [ -74.162973750999981, 4.660645806000048 ], [ -74.162988531999986, 4.661195858000042 ], [ -74.162975389999986, 4.661855016000061 ], [ -74.16298377399994, 4.662267577000023 ], [ -74.162865938999971, 4.662617856000054 ], [ -74.16275918499997, 4.662905133000038 ], [ -74.162532336999959, 4.663170173000026 ], [ -74.162287919999983, 4.66336642300007 ], [ -74.161961967999957, 4.663305410000021 ], [ -74.161733223999988, 4.663261028000022 ], [ -74.161235105999936, 4.663063522000073 ], [ -74.160856989999957, 4.662882467000031 ], [ -74.160319050999988, 4.662708191000036 ], [ -74.159440807999943, 4.662578146000044 ], [ -74.159382827999934, 4.662569560000065 ], [ -74.159263408999948, 4.662496107000038 ], [ -74.158993864999957, 4.662315431000025 ], [ -74.158979146999968, 4.662283596000066 ], [ -74.158567066999979, 4.661966922000033 ], [ -74.157742705999965, 4.661385340000038 ], [ -74.157687467999949, 4.661384994000059 ], [ -74.15741176399996, 4.661384678000047 ], [ -74.157165491999933, 4.66144236100007 ], [ -74.157079633999956, 4.661530159000051 ], [ -74.156959417999985, 4.661600499000031 ], [ -74.156857220999939, 4.661645344000021 ], [ -74.156819912999936, 4.66166408600003 ], [ -74.15680572499997, 4.661671215000069 ], [ -74.156702869999947, 4.661722885000074 ], [ -74.156571252999981, 4.661788705000049 ], [ -74.156521983999937, 4.661869565000075 ], [ -74.156439775999957, 4.662051697000038 ], [ -74.156329625999945, 4.662192869000023 ], [ -74.156281060999959, 4.662328673000047 ], [ -74.156209620999959, 4.662460238000051 ], [ -74.156092219999948, 4.66256948900002 ], [ -74.156035000999964, 4.662744347000057 ], [ -74.155824831999951, 4.662923443000068 ], [ -74.155679490999944, 4.662989473000039 ], [ -74.155523589999973, 4.662947878000068 ], [ -74.155443422999952, 4.662925985000072 ], [ -74.155344885999966, 4.66290430500004 ], [ -74.155256410999982, 4.662951269000075 ], [ -74.155163576999939, 4.663014333000035 ], [ -74.155068557999982, 4.663086650000025 ], [ -74.154992050999965, 4.663183823000054 ], [ -74.154920539999978, 4.663308470000061 ], [ -74.154833405999966, 4.663463129000036 ], [ -74.154744440999934, 4.663652180000042 ], [ -74.154724662999968, 4.663897660000032 ], [ -74.154682713999989, 4.664015031000076 ], [ -74.154647944999965, 4.664155353000069 ], [ -74.154564819999962, 4.664266370000064 ], [ -74.154422503999967, 4.664208602000031 ], [ -74.154344165999987, 4.664154507000035 ], [ -74.154012655999963, 4.663952532000053 ], [ -74.153644335999957, 4.663904439000021 ], [ -74.153450355999951, 4.663922942000056 ], [ -74.153192328999978, 4.663926190000041 ], [ -74.153060358999937, 4.663969128000076 ], [ -74.152889607999953, 4.664010300000029 ], [ -74.15260490299994, 4.664075696000054 ], [ -74.152470609999966, 4.664116372000024 ], [ -74.15231801699997, 4.664150412000026 ], [ -74.152140366999959, 4.664193984000065 ], [ -74.15194680999997, 4.664242147000039 ], [ -74.151804986999934, 4.66422336200003 ], [ -74.151660979999974, 4.664218277000032 ], [ -74.151400979999949, 4.664249066000025 ], [ -74.151132746999963, 4.664172231000066 ], [ -74.150905616999978, 4.664087979000044 ], [ -74.150737539999966, 4.663987061000057 ], [ -74.150534974999971, 4.663858885000025 ], [ -74.150249708999979, 4.663699774000065 ], [ -74.14995860099998, 4.663618701000075 ], [ -74.149655104999965, 4.663462132000063 ], [ -74.149429172999987, 4.663293067000041 ], [ -74.149045370999943, 4.663105281000071 ], [ -74.148617223999963, 4.662842641000054 ], [ -74.148393756999951, 4.662694196000075 ], [ -74.148131717999945, 4.662562343000047 ], [ -74.147888189999946, 4.662453021000033 ], [ -74.147545632999936, 4.662271805000046 ], [ -74.147309353999958, 4.662194473000056 ], [ -74.147038516999942, 4.662090165000052 ], [ -74.14681427499994, 4.662056336000035 ], [ -74.146644930999969, 4.662033242000064 ], [ -74.146482695999964, 4.66202843700006 ], [ -74.146359242999949, 4.662018550000028 ], [ -74.146285690999946, 4.661982743000067 ], [ -74.146182156999942, 4.661922219000076 ], [ -74.146124723999947, 4.661897714000077 ], [ -74.146071302999985, 4.661825116000045 ], [ -74.14601823299995, 4.661784509000029 ], [ -74.145924270999956, 4.661760497000046 ], [ -74.145808348999935, 4.661803220000024 ], [ -74.145626616999948, 4.661887962000037 ], [ -74.145529273999955, 4.661953357000073 ], [ -74.145396951999942, 4.661968821000073 ], [ -74.145298415999946, 4.661942549000059 ], [ -74.145251961999975, 4.661881250000022 ], [ -74.145206144999975, 4.661691633000032 ], [ -74.145066715999974, 4.661527720000038 ], [ -74.145015759999978, 4.661441986000057 ], [ -74.144948824999972, 4.661351449000051 ], [ -74.14488160999997, 4.661281535000057 ], [ -74.144804890999978, 4.661227509000071 ], [ -74.144683338999982, 4.661259709000035 ], [ -74.144608308999977, 4.661370585000043 ], [ -74.144560513999977, 4.661491204000072 ], [ -74.144531374999985, 4.661589154000069 ], [ -74.144483512999955, 4.66171203500005 ], [ -74.144359001999987, 4.661780816000032 ], [ -74.144198385999971, 4.661826083000051 ], [ -74.144084997999983, 4.661780532000023 ], [ -74.143989557999987, 4.661753624000028 ], [ -74.143891794999945, 4.661731235000047 ], [ -74.143763695999951, 4.661745003000021 ], [ -74.143628206999949, 4.661788363000028 ], [ -74.143499472999963, 4.661836454000024 ], [ -74.143414308999979, 4.661876284000073 ], [ -74.143340192999972, 4.66193680400005 ], [ -74.14327508599996, 4.661999797000021 ], [ -74.143191681999951, 4.662071617000038 ], [ -74.143126433999953, 4.662143791000062 ], [ -74.143034931999978, 4.662281852000035 ], [ -74.142891558999963, 4.662384745000054 ], [ -74.142775986999936, 4.662462849000065 ], [ -74.142644719999964, 4.662526899000056 ], [ -74.142546321999987, 4.662669483000059 ], [ -74.14237852499997, 4.662730638000028 ], [ -74.142196509999962, 4.662823642000035 ], [ -74.142053980999947, 4.662878371000033 ], [ -74.14188569099997, 4.662966999000048 ], [ -74.141716206999945, 4.662996161000024 ], [ -74.141519621999976, 4.663008587000036 ], [ -74.141273277999971, 4.662995024000054 ], [ -74.141089719999968, 4.66291620800007 ], [ -74.140944940999987, 4.662840288000041 ], [ -74.140857806999975, 4.662733366000055 ], [ -74.140787354999986, 4.662656247000029 ], [ -74.140730131999987, 4.662593607000076 ], [ -74.140587679999953, 4.662387179000063 ], [ -74.140411369999981, 4.662154905000023 ], [ -74.140303758999949, 4.661914722000063 ], [ -74.140234293999981, 4.661711897000032 ], [ -74.140103309999972, 4.661629410000046 ], [ -74.139999917999944, 4.661538094000036 ], [ -74.139882377999982, 4.66146733100004 ], [ -74.139829733999989, 4.661347275000026 ], [ -74.13981460399998, 4.661170580000032 ], [ -74.139800527999967, 4.66106041200004 ], [ -74.139817000999983, 4.660907164000037 ], [ -74.139787372999933, 4.660773763000066 ], [ -74.139737683999954, 4.660614793000036 ], [ -74.139560318999941, 4.660572699000056 ], [ -74.139384499999949, 4.660574110000027 ], [ -74.139279628999986, 4.660565489000021 ], [ -74.139033075999976, 4.660430530000042 ], [ -74.138867890999961, 4.66021908700003 ], [ -74.138695100999939, 4.660046416000057 ], [ -74.138550603999988, 4.659954466000045 ], [ -74.138440667999987, 4.659847048000074 ], [ -74.138249438999935, 4.65968560500005 ], [ -74.138098468999942, 4.659572963000073 ], [ -74.137997892999977, 4.659449726000048 ], [ -74.137944543999936, 4.659366323000029 ], [ -74.137798710999959, 4.65921935800003 ], [ -74.137645840999937, 4.659083763000069 ], [ -74.137496839999983, 4.658989480000059 ], [ -74.137414773999978, 4.658981145000041 ], [ -74.137176456999953, 4.658901268000022 ], [ -74.137124793999988, 4.658852255000056 ], [ -74.137077990999956, 4.658789543000069 ], [ -74.137045827999941, 4.658669840000073 ], [ -74.137121000999969, 4.658552046000068 ], [ -74.137176749999981, 4.658369705000041 ], [ -74.13719089999995, 4.658214269000041 ], [ -74.137133540999969, 4.658100991000026 ], [ -74.137112109999975, 4.658072516000061 ], [ -74.136998916999971, 4.657919532000051 ], [ -74.136910641999975, 4.657794564000028 ], [ -74.136832036999976, 4.657731694000063 ], [ -74.136829831999989, 4.657729922000044 ], [ -74.136820804999957, 4.657722708000051 ], [ -74.136667470999953, 4.657600068000022 ], [ -74.136561276999942, 4.657594522000068 ], [ -74.136471313999948, 4.657589823000023 ], [ -74.136456178999936, 4.657584204000045 ], [ -74.13637115299997, 4.657552641000052 ], [ -74.136328435999985, 4.657536783000069 ], [ -74.136311842999987, 4.657508997000036 ], [ -74.136221950999982, 4.657358465000073 ], [ -74.136115883999935, 4.657159525000054 ], [ -74.136064087999955, 4.656991373000039 ], [ -74.135998355999959, 4.656834452000055 ], [ -74.135902016999978, 4.656684625000025 ], [ -74.135880607999979, 4.656651329000056 ], [ -74.135752585999967, 4.656399352000051 ], [ -74.135725812999965, 4.656334795000021 ], [ -74.135638712999935, 4.65612477600007 ], [ -74.135566126999947, 4.65600211800006 ], [ -74.13555228599995, 4.655978730000072 ], [ -74.13550274499994, 4.65581064600002 ], [ -74.13550024999995, 4.655806136000024 ], [ -74.135361133999936, 4.655553869000073 ], [ -74.135261409999941, 4.655387533000066 ], [ -74.135212562999982, 4.655306059000054 ], [ -74.135089044999972, 4.655061001000036 ], [ -74.135018947999981, 4.654892497000048 ], [ -74.13488508599994, 4.654718272000025 ], [ -74.134866958999964, 4.654675707000024 ], [ -74.134848125999952, 4.654631485000039 ], [ -74.134771069999942, 4.654450547000067 ], [ -74.134739879999984, 4.654328259000067 ], [ -74.134700623999947, 4.654174347000037 ], [ -74.134651136999935, 4.654068327000061 ], [ -74.134627405999936, 4.654017485000054 ], [ -74.134590620999973, 4.653938680000067 ], [ -74.134478876999935, 4.653803605000064 ], [ -74.134411784999941, 4.653722506000065 ], [ -74.134299527999985, 4.653484440000057 ], [ -74.134245061999934, 4.653282870000055 ], [ -74.134222396999974, 4.653198988000042 ], [ -74.134120978999988, 4.652997860000028 ], [ -74.134013157999959, 4.65276678500004 ], [ -74.133806001999972, 4.652488994000066 ], [ -74.133796808999989, 4.652476669000066 ], [ -74.133783169999958, 4.652443444000028 ], [ -74.133641413999953, 4.652098137000053 ], [ -74.133494605999942, 4.651749619000043 ], [ -74.133268621999946, 4.651232316000062 ], [ -74.133268838999982, 4.65095972000006 ], [ -74.133267154999942, 4.650797007000051 ], [ -74.133216837999953, 4.650544115000059 ], [ -74.13307094299995, 4.650273492000053 ], [ -74.132883167999978, 4.650047922000056 ], [ -74.132702145999986, 4.649955334000026 ], [ -74.132478614999968, 4.649811614000043 ], [ -74.132383602999937, 4.649633505000054 ], [ -74.132355592999943, 4.649539014000027 ], [ -74.132375094999986, 4.649340076000044 ], [ -74.132395438999936, 4.649225952000052 ], [ -74.132386220999933, 4.649099752000041 ], [ -74.132316761999959, 4.648894599000073 ], [ -74.132209780999972, 4.648876655000038 ], [ -74.132007290999979, 4.648838658000045 ], [ -74.13193533499998, 4.648828170000058 ], [ -74.13175672899996, 4.648802137000075 ], [ -74.131465062999951, 4.648769433000041 ], [ -74.131250603999945, 4.648887010000067 ], [ -74.131015733999959, 4.648999642000035 ], [ -74.130856386999938, 4.648971602000074 ], [ -74.130754782999986, 4.648951645000068 ], [ -74.130612935999977, 4.648923784000033 ], [ -74.130264825999973, 4.648855692000041 ], [ -74.129930511999987, 4.648778634000053 ], [ -74.129674737999949, 4.64870918400004 ], [ -74.129605625999943, 4.648690419000047 ], [ -74.129294750999975, 4.648579532000042 ], [ -74.129174679999949, 4.648526985000046 ], [ -74.129008651999982, 4.648361304000048 ], [ -74.128978320999977, 4.648269144000039 ], [ -74.128985235999949, 4.648202046000051 ], [ -74.128986558999941, 4.648189201000037 ], [ -74.128933140999948, 4.648112574000038 ], [ -74.128911958999936, 4.648018228000069 ], [ -74.12878520299995, 4.647958687000028 ], [ -74.128779731999941, 4.647953083000061 ], [ -74.128598881999949, 4.647767802000033 ], [ -74.128585273999988, 4.647752901000047 ], [ -74.126664314999971, 4.649215725000033 ], [ -74.126183663999939, 4.648644656000045 ], [ -74.124814844999946, 4.646901305000029 ], [ -74.124656049999942, 4.646650667000074 ], [ -74.124294371999952, 4.645603704000052 ], [ -74.124099255999965, 4.644561500000066 ], [ -74.123713309999971, 4.642162121000069 ], [ -74.12337114099995, 4.64135398600007 ], [ -74.123195060999933, 4.64108748700005 ], [ -74.123123802999942, 4.641014803000076 ], [ -74.12310168199997, 4.641027813000051 ], [ -74.123022439999943, 4.640861427000061 ], [ -74.122924402999956, 4.640724488000046 ], [ -74.122247143999971, 4.640162600000053 ], [ -74.12212552799997, 4.640066479000041 ], [ -74.121623370999941, 4.639672605000044 ], [ -74.121490495999979, 4.639569351000034 ], [ -74.120837164999955, 4.639072081000052 ], [ -74.120728567999947, 4.639015155000038 ], [ -74.120313469999985, 4.638730534000047 ], [ -74.120038568999973, 4.63852621500007 ], [ -74.119377000999975, 4.638106696000023 ], [ -74.118957046999981, 4.637842625000076 ], [ -74.118688350999946, 4.637664231000031 ], [ -74.118298648999939, 4.637411594000071 ], [ -74.118333593999978, 4.637378204000072 ], [ -74.117441524999947, 4.636761627000055 ], [ -74.116113785999971, 4.635719423000069 ], [ -74.112466654999935, 4.632577781000066 ], [ -74.110940300999971, 4.631127942000035 ], [ -74.109968525999989, 4.630028 ], [ -74.108756821999975, 4.628490443000032 ], [ -74.108137832999944, 4.628038522000054 ], [ -74.107714287999954, 4.627767263000067 ], [ -74.107190805999949, 4.627496006000058 ], [ -74.106461573999979, 4.627331452000021 ], [ -74.106274318999965, 4.627300196000022 ], [ -74.104018184999973, 4.627085912000041 ], [ -74.103608788999964, 4.627034342000059 ], [ -74.103344738999965, 4.626968349000038 ], [ -74.102904419999959, 4.626932512000053 ], [ -74.098480339999981, 4.62645443200006 ], [ -74.095880437999938, 4.626211716000057 ], [ -74.093781152999952, 4.625964934000024 ], [ -74.091451512999981, 4.625717207000037 ], [ -74.091037116999985, 4.625666041000045 ], [ -74.087012041999969, 4.625169069000037 ], [ -74.083198956999979, 4.624698296000076 ] ] ] ] } },
{ "type": "Feature", "properties": { "objectid": 6, "nombre": "Bosa", "zona": "Bosa/Auto. Sur", "lim_norte": "Av. Villavicencio", "lim_sur": "Autopista Sur", "lim_este": "Rio Bogota", "lim_oeste": "Canal Cundinamarca", "color": "Azul Claro", "letra": "G", "rango": "500-599", "globalid": "{A13E5AB7-C949-46B3-A1FE-8A87A929C9A6}", "shape_Length": 0.36685130980242869, "shape_Area": 0.0034451032171588319 }, "geometry": { "type": "MultiPolygon", "coordinates": [ [ [ [ -74.183418449999976, 4.648140491000049 ], [ -74.182669610999938, 4.648765999000034 ], [ -74.182450769999946, 4.648398518000022 ], [ -74.181764659999942, 4.647868674000051 ], [ -74.180800695999949, 4.647169215000076 ], [ -74.180683866999971, 4.646952962000057 ], [ -74.180383031999952, 4.646396109000023 ], [ -74.179991254999948, 4.645670849000055 ], [ -74.179777418999947, 4.64526012500005 ], [ -74.179143440999951, 4.644051687000058 ], [ -74.17891799299997, 4.643654029000061 ], [ -74.178502360999971, 4.642921 ], [ -74.178416839999954, 4.64275638700002 ], [ -74.178211310999984, 4.642360494000059 ], [ -74.177333803999943, 4.640711881000072 ], [ -74.176474458999962, 4.639108394000061 ], [ -74.175750326999946, 4.637730323000028 ], [ -74.175246296999944, 4.636778653000022 ], [ -74.17518808799997, 4.636670324000022 ], [ -74.174725022999951, 4.635808057000077 ], [ -74.174450307999962, 4.63529655800005 ], [ -74.174071424999966, 4.63457835600002 ], [ -74.173785344999942, 4.634036027000036 ], [ -74.176350530999969, 4.632748924000055 ], [ -74.174652952999963, 4.629379577000066 ], [ -74.173693448999984, 4.627176536000036 ], [ -74.170674813999938, 4.62844889400003 ], [ -74.170644619999962, 4.628272573000061 ], [ -74.170352041999934, 4.628063755000028 ], [ -74.170143282999959, 4.627680995000048 ], [ -74.170123224999941, 4.627644133000047 ], [ -74.169918056999961, 4.627256216000035 ], [ -74.169720769999969, 4.626852410000026 ], [ -74.169505111999968, 4.626252773000033 ], [ -74.169084004999945, 4.625340080000058 ], [ -74.168873418999965, 4.624952729000029 ], [ -74.168809087999989, 4.624829497000064 ], [ -74.168651151999939, 4.624694546000057 ], [ -74.168545859999938, 4.624577103000036 ], [ -74.168358646999934, 4.62445387300005 ], [ -74.168194869999979, 4.624348230000066 ], [ -74.16799604199997, 4.624195621000069 ], [ -74.167843947999984, 4.62406653000005 ], [ -74.167674326999986, 4.62387282100002 ], [ -74.167199386999982, 4.623049814000069 ], [ -74.167181368999934, 4.623020436000047 ], [ -74.166811649999943, 4.622399687000041 ], [ -74.166492747999939, 4.621858173000021 ], [ -74.166480437999951, 4.621819961000028 ], [ -74.16602039299994, 4.621031480000056 ], [ -74.163710745999936, 4.617072935000067 ], [ -74.162604295999984, 4.615188403000047 ], [ -74.162496485999952, 4.615187531000061 ], [ -74.161510473999954, 4.615451242000063 ], [ -74.160826177999979, 4.615634298000032 ], [ -74.160186360999944, 4.615754713000058 ], [ -74.159466450999957, 4.61591517100004 ], [ -74.158629710999946, 4.616058185000043 ], [ -74.157594782999979, 4.61623488400005 ], [ -74.157586899999956, 4.616236226000069 ], [ -74.156681750999951, 4.616383476000067 ], [ -74.156107172999953, 4.616476982000052 ], [ -74.155999633999954, 4.616496966000057 ], [ -74.153947579999965, 4.616878254000028 ], [ -74.152983943999971, 4.617039410000075 ], [ -74.152719951999984, 4.617083619000027 ], [ -74.152701650999973, 4.617086654000047 ], [ -74.152267973999983, 4.617159181000034 ], [ -74.151472331999969, 4.617298940000069 ], [ -74.150668244999963, 4.617440108000039 ], [ -74.149348556999939, 4.61768084800002 ], [ -74.148148792999962, 4.617961769000033 ], [ -74.146989005999956, 4.618322916000068 ], [ -74.14682290899998, 4.61836076700007 ], [ -74.146109185999933, 4.618523542000048 ], [ -74.145327828999939, 4.618771835000075 ], [ -74.144767462999937, 4.618959329000063 ], [ -74.144109551999975, 4.619125419000056 ], [ -74.143205169999987, 4.619300124000063 ], [ -74.142400237999937, 4.619201453000073 ], [ -74.141955157999973, 4.619146856000043 ], [ -74.141856556999983, 4.619130190000021 ], [ -74.141324415999975, 4.619069869000043 ], [ -74.14075244299994, 4.618966612000065 ], [ -74.140339736999977, 4.618881860000045 ], [ -74.140036331999966, 4.618801629000075 ], [ -74.139689783999984, 4.61871002700002 ], [ -74.139476183999989, 4.618606775000046 ], [ -74.139262160999976, 4.61850331200003 ], [ -74.139000705999933, 4.618252391000055 ], [ -74.138347175999968, 4.617484304000072 ], [ -74.137855657999978, 4.616906616000051 ], [ -74.137143647999949, 4.61607956000006 ], [ -74.136398068999938, 4.615167332000055 ], [ -74.135540240999944, 4.614144579000026 ], [ -74.135145002999934, 4.613673315000028 ], [ -74.134859225999946, 4.61334133400004 ], [ -74.134436938999954, 4.612850775000027 ], [ -74.134106237999958, 4.612516730000038 ], [ -74.133816493999973, 4.612263547000055 ], [ -74.13336755499995, 4.611954640000022 ], [ -74.133332294999946, 4.611932110000055 ], [ -74.132195482999975, 4.611248467000053 ], [ -74.131539070999963, 4.610858197000027 ], [ -74.130983510999954, 4.610527885000067 ], [ -74.130584961999944, 4.610296660000074 ], [ -74.129952684999978, 4.609919794000064 ], [ -74.129934814999956, 4.609909143000039 ], [ -74.129538379999985, 4.609670642000026 ], [ -74.129454700999986, 4.609615624000071 ], [ -74.129355609999948, 4.609547826000039 ], [ -74.129257995999978, 4.609477272000049 ], [ -74.129161579999959, 4.609405871000035 ], [ -74.129060307999964, 4.609326561000046 ], [ -74.12906028499998, 4.609326547000023 ], [ -74.129032902999938, 4.609337307000033 ], [ -74.12859440699998, 4.609509646000049 ], [ -74.128419189999988, 4.609578512000041 ], [ -74.127805476999981, 4.609819715000071 ], [ -74.125377650999951, 4.610773899000037 ], [ -74.12210889499994, 4.612049440000021 ], [ -74.121791194999957, 4.612171455000066 ], [ -74.119935933999955, 4.612883973000066 ], [ -74.11969470799994, 4.612976615000036 ], [ -74.119479471999966, 4.613058979000073 ], [ -74.119070416999989, 4.613215511000021 ], [ -74.115964889999987, 4.614403883000023 ], [ -74.115845158999946, 4.614432083000054 ], [ -74.115264209999964, 4.614683368000044 ], [ -74.114891682999939, 4.614831962000039 ], [ -74.11468575899994, 4.614888590000021 ], [ -74.114371670999958, 4.614852899000027 ], [ -74.112101664999955, 4.613054026000043 ], [ -74.111045183999977, 4.612190281000039 ], [ -74.108789454999965, 4.60952052600004 ], [ -74.105370168999968, 4.606572373000063 ], [ -74.103428528999984, 4.605144697000071 ], [ -74.101529720999963, 4.603888342000062 ], [ -74.10066597499997, 4.603402932000051 ], [ -74.100634346999982, 4.603406568000025 ], [ -74.101486896999972, 4.602575635000051 ], [ -74.102112739999939, 4.602005277000046 ], [ -74.104090750999944, 4.600451617000033 ], [ -74.105207349999944, 4.599625216000049 ], [ -74.106140181999933, 4.598934606000057 ], [ -74.10707301399998, 4.598243995000075 ], [ -74.107837113999949, 4.598088609000058 ], [ -74.108216031999973, 4.598016740000048 ], [ -74.108567572999959, 4.59794480100004 ], [ -74.109095270999944, 4.597829439000066 ], [ -74.110814434999952, 4.596982445000037 ], [ -74.111576363999973, 4.596606999000073 ], [ -74.113105633999965, 4.595949466000036 ], [ -74.113272046999953, 4.595877878000067 ], [ -74.113303538999958, 4.595864308000046 ], [ -74.113336265999976, 4.595850256000062 ], [ -74.113437119999958, 4.595806902000049 ], [ -74.114633346999938, 4.595384654000043 ], [ -74.11567452099996, 4.595162396000035 ], [ -74.116870744999972, 4.594806811000069 ], [ -74.117967376999957, 4.59452071100003 ], [ -74.11797835699997, 4.594517887000052 ], [ -74.119506828999988, 4.594117822000044 ], [ -74.12090242499994, 4.59378448700005 ], [ -74.122142903999986, 4.593562228000053 ], [ -74.123123121999981, 4.593478444000027 ], [ -74.12500050999995, 4.593317858000034 ], [ -74.125415032999967, 4.593297393000057 ], [ -74.126351754999973, 4.593251244000044 ], [ -74.127592291999974, 4.593273535000037 ], [ -74.128258410999933, 4.593273559000068 ], [ -74.129165009999952, 4.59327359100007 ], [ -74.130754476999982, 4.593353375000049 ], [ -74.131649594999942, 4.593628471000045 ], [ -74.137766192999948, 4.594885118000036 ], [ -74.140432639999972, 4.595364262000032 ], [ -74.14108123799997, 4.595436590000077 ], [ -74.141810909999947, 4.595463720000055 ], [ -74.142585623999935, 4.595472772000051 ], [ -74.143243231999975, 4.595400466000058 ], [ -74.144017945999963, 4.595337200000074 ], [ -74.145109150999986, 4.595137639000029 ], [ -74.145373981999967, 4.595065185000067 ], [ -74.145641133999959, 4.594990329000041 ], [ -74.146338222999987, 4.594927061000021 ], [ -74.14694431199996, 4.59495602100003 ], [ -74.147797495999953, 4.595015842000066 ], [ -74.148490571999957, 4.595060412000066 ], [ -74.149147192999976, 4.595132730000046 ], [ -74.150191662999987, 4.595262643000069 ], [ -74.150575867999976, 4.59531043100003 ], [ -74.151236132999941, 4.595392556000036 ], [ -74.151725888999977, 4.595472640000025 ], [ -74.152202553999985, 4.595662541000024 ], [ -74.152263712999968, 4.595686905000036 ], [ -74.152258212999982, 4.595700883000063 ], [ -74.152462696999976, 4.59578562400003 ], [ -74.153209549999985, 4.596095131000027 ], [ -74.154494458999977, 4.596428256000024 ], [ -74.158330150999973, 4.596142721000035 ], [ -74.161068418999946, 4.596022979000054 ], [ -74.161738162999939, 4.595993691000047 ], [ -74.161818124999968, 4.59598760700004 ], [ -74.162095159999978, 4.595937414000048 ], [ -74.163311206999936, 4.595717133000051 ], [ -74.163349700999959, 4.595716136000021 ], [ -74.165006951999942, 4.595673186000056 ], [ -74.165375306999977, 4.595663641000044 ], [ -74.165627538999956, 4.595657138000036 ], [ -74.167010807999986, 4.59570139300007 ], [ -74.167947812999955, 4.595754481000029 ], [ -74.170030637999957, 4.595949562000044 ], [ -74.171004874999937, 4.596060625000064 ], [ -74.171430097999973, 4.596131657000058 ], [ -74.172045691999983, 4.596234538000033 ], [ -74.173578660999965, 4.596477854000057 ], [ -74.174646995999979, 4.596635731000049 ], [ -74.174744959999941, 4.596650207000039 ], [ -74.175788311999952, 4.596781599000053 ], [ -74.175995011999987, 4.596801649000042 ], [ -74.176836729999934, 4.596883261000073 ], [ -74.177432476999968, 4.596918409000068 ], [ -74.178699484999981, 4.596993223000027 ], [ -74.179392984999936, 4.596967564000067 ], [ -74.180100276999951, 4.596942114000058 ], [ -74.181393885999967, 4.596873138000035 ], [ -74.181865694999942, 4.596841552000058 ], [ -74.182036761999939, 4.596803309000052 ], [ -74.182306464999954, 4.596743017000051 ], [ -74.182974061999971, 4.596622791000073 ], [ -74.183459027999959, 4.596481321000056 ], [ -74.183798526999965, 4.596403484000064 ], [ -74.183798546999981, 4.596403466000027 ], [ -74.183813621999946, 4.596456962000047 ], [ -74.18394423999996, 4.596388709000053 ], [ -74.184101010999939, 4.596427203000076 ], [ -74.18410490499997, 4.596428159000027 ], [ -74.184265571999958, 4.596467610000047 ], [ -74.184293410999942, 4.596475238000039 ], [ -74.184615164999968, 4.596563399000047 ], [ -74.184616835999975, 4.596563514000024 ], [ -74.184801567999955, 4.596592060000035 ], [ -74.184916612999984, 4.596627093000052 ], [ -74.184960848999935, 4.596632552000074 ], [ -74.185099411999943, 4.596657874000073 ], [ -74.185214198999972, 4.596682779000048 ], [ -74.185264956999958, 4.596693791000064 ], [ -74.185524855999972, 4.596699686000022 ], [ -74.185640793999937, 4.596707367000022 ], [ -74.185876905999976, 4.59675879100007 ], [ -74.186372816999949, 4.596855402000074 ], [ -74.187009079999939, 4.59697279300002 ], [ -74.187862716999973, 4.597180932000072 ], [ -74.18865978499997, 4.597370448000049 ], [ -74.189803587999961, 4.597646369000074 ], [ -74.190855321999948, 4.597898513000075 ], [ -74.191905886999962, 4.598150659000055 ], [ -74.193020864999937, 4.598418981000066 ], [ -74.194352497999944, 4.598738990000072 ], [ -74.194443665999984, 4.598759815000051 ], [ -74.19457947899997, 4.59879083800007 ], [ -74.195542154999941, 4.59901073900005 ], [ -74.196554627999944, 4.599247145000049 ], [ -74.196699295999963, 4.599290291000045 ], [ -74.19692742899997, 4.599334928000076 ], [ -74.198218124999983, 4.599642796000069 ], [ -74.198454326, 4.599689785000066 ], [ -74.199728303999962, 4.599928255000066 ], [ -74.202583900999969, 4.600495741000032 ], [ -74.202921276999973, 4.600557915000024 ], [ -74.204014624999957, 4.60075940300004 ], [ -74.204062735999969, 4.600768269000071 ], [ -74.20413698599998, 4.600284998000063 ], [ -74.204266591999954, 4.599441442000057 ], [ -74.204370176999987, 4.599575834000063 ], [ -74.204437506999966, 4.599663190000058 ], [ -74.204997036999941, 4.600389135000057 ], [ -74.213449803999936, 4.611355917000026 ], [ -74.214812741999935, 4.612871808000023 ], [ -74.215911165999955, 4.614085622000061 ], [ -74.216643388999955, 4.615192801000035 ], [ -74.217081806999943, 4.61589503700003 ], [ -74.217351238999981, 4.615752732000033 ], [ -74.217491594999956, 4.615777488000049 ], [ -74.217718342999945, 4.615803500000027 ], [ -74.217938339999989, 4.615885288000072 ], [ -74.218107258999964, 4.615979644000049 ], [ -74.218300964999969, 4.616228574000047 ], [ -74.218427017999943, 4.616493960000071 ], [ -74.218490293999935, 4.616876323000042 ], [ -74.218496631999983, 4.617220456000041 ], [ -74.218433678999986, 4.617406856000059 ], [ -74.218411647999972, 4.617852411000058 ], [ -74.218506333999983, 4.617914866000035 ], [ -74.218641561999959, 4.618004163000023 ], [ -74.218871462999971, 4.618026198000052 ], [ -74.218975413999942, 4.617944020000039 ], [ -74.219126563999964, 4.61779548800007 ], [ -74.219280873999935, 4.617718005000029 ], [ -74.219444549999935, 4.617594782000026 ], [ -74.219599845999937, 4.617492170000048 ], [ -74.21965245399997, 4.617457363000028 ], [ -74.219846602999951, 4.617620687000056 ], [ -74.219831935999935, 4.617779603000031 ], [ -74.219876542999941, 4.617949450000026 ], [ -74.219860342999937, 4.618106648000037 ], [ -74.219844590999969, 4.618250468000042 ], [ -74.219846505999953, 4.618495798000026 ], [ -74.219847782999977, 4.618666012000062 ], [ -74.22005563099998, 4.618877154000074 ], [ -74.220345435999945, 4.618879296000046 ], [ -74.220483987999955, 4.618872955000029 ], [ -74.220641359999945, 4.618784443000038 ], [ -74.221057096999971, 4.618670597000062 ], [ -74.221290146999934, 4.618648519000033 ], [ -74.221489874999975, 4.618733199000076 ], [ -74.221546540999952, 4.618757239000047 ], [ -74.221665913999971, 4.618847080000023 ], [ -74.221740241999953, 4.618921647000036 ], [ -74.221740254999986, 4.619056607000061 ], [ -74.221693241999958, 4.619195096000055 ], [ -74.221403631999976, 4.619346896000025 ], [ -74.220943850999959, 4.619536498000059 ], [ -74.220861875999958, 4.619587127000045 ], [ -74.220798921999972, 4.619760873000075 ], [ -74.220801988999938, 4.619797390000031 ], [ -74.220805235999933, 4.619836712000051 ], [ -74.220811553999965, 4.619969410000067 ], [ -74.220880933999979, 4.620114759000046 ], [ -74.221038333999957, 4.620304392000037 ], [ -74.221277705999967, 4.620452886000066 ], [ -74.221529688999965, 4.620572998000057 ], [ -74.221875000999944, 4.620702410000035 ], [ -74.222058780999987, 4.620743521000065 ], [ -74.222322020999968, 4.620821506000027 ], [ -74.222367430999952, 4.620898336000039 ], [ -74.22239700199998, 4.621135620000075 ], [ -74.222260361999986, 4.621340738000072 ], [ -74.222021002999952, 4.621347090000029 ], [ -74.221712356999944, 4.621239639000066 ], [ -74.221466776999989, 4.62118913300003 ], [ -74.221284083999933, 4.62119547900005 ], [ -74.221069884999963, 4.621480422000047 ], [ -74.221013333999963, 4.621723229000054 ], [ -74.220956711999975, 4.62217195300002 ], [ -74.220727122999961, 4.622602433000054 ], [ -74.220697328999961, 4.622871360000033 ], [ -74.220667529999957, 4.623065711000038 ], [ -74.22077169399995, 4.62332043400005 ], [ -74.220849715999975, 4.623394911000048 ], [ -74.220906382999942, 4.623420127000031 ], [ -74.221655927999961, 4.623691870000073 ], [ -74.222084205999977, 4.62375817800006 ], [ -74.222644830999968, 4.623928789000047 ], [ -74.223148720999973, 4.624279470000033 ], [ -74.22347631599996, 4.624696611000047 ], [ -74.223581432999936, 4.625471552000022 ], [ -74.223363033999988, 4.626093308000065 ], [ -74.223193432999949, 4.626424440000051 ], [ -74.223136329999988, 4.626535721000039 ], [ -74.222834146999958, 4.627148807000026 ], [ -74.222558794999941, 4.627594660000057 ], [ -74.222382528999958, 4.627942516000076 ], [ -74.222276165999972, 4.628275539000072 ], [ -74.222174751999944, 4.62851120800002 ], [ -74.222242535999953, 4.628892939000025 ], [ -74.222315067999943, 4.629031777000023 ], [ -74.222429936999958, 4.629117008000037 ], [ -74.222272027999963, 4.629258762000063 ], [ -74.222185641999943, 4.629336329000068 ], [ -74.221805876999952, 4.629791412000031 ], [ -74.22135078499997, 4.630086595000023 ], [ -74.220865853999953, 4.630181284000059 ], [ -74.220294240999976, 4.630098899000075 ], [ -74.219584783999949, 4.629897024000059 ], [ -74.218949194999936, 4.629637380000077 ], [ -74.218451174999984, 4.629457180000031 ], [ -74.217656685999941, 4.629353298000069 ], [ -74.217257243999939, 4.629412995000052 ], [ -74.216675380999959, 4.629519803000051 ], [ -74.216293786999984, 4.629705599000033 ], [ -74.215853393999964, 4.630209769000032 ], [ -74.215845828999988, 4.630218446000072 ], [ -74.215769301999956, 4.630774832000043 ], [ -74.215795657999934, 4.631342055000061 ], [ -74.216004343999941, 4.631833604000064 ], [ -74.216391058999989, 4.632490195000059 ], [ -74.21666830199996, 4.632992764000051 ], [ -74.217008244999988, 4.633460616000036 ], [ -74.217331438999963, 4.633997259000068 ], [ -74.217530056999976, 4.634712353000054 ], [ -74.217509457999938, 4.635073572000067 ], [ -74.21737984899994, 4.635366643000054 ], [ -74.217141314999935, 4.635580176000076 ], [ -74.216884931999971, 4.635673488000066 ], [ -74.216514227999937, 4.635767530000066 ], [ -74.216006317999984, 4.635822264000069 ], [ -74.215078270999982, 4.636303697000073 ], [ -74.214870211999937, 4.636826558000053 ], [ -74.214695929999948, 4.637268874000029 ], [ -74.21478525699996, 4.637847122000039 ], [ -74.214931152999952, 4.638356301000044 ], [ -74.215173343999936, 4.638721563000047 ], [ -74.21542779899994, 4.639230011000052 ], [ -74.215601614999969, 4.639635868000028 ], [ -74.215763898999967, 4.640024550000021 ], [ -74.216142930999979, 4.640348762000031 ], [ -74.216669604999936, 4.640540351000027 ], [ -74.217098892999957, 4.64069814100003 ], [ -74.217630786999962, 4.640815154000052 ], [ -74.218351146999964, 4.640930973000025 ], [ -74.219060979999938, 4.641190159000075 ], [ -74.219605047999949, 4.641421699000034 ], [ -74.220017858999938, 4.641682720000063 ], [ -74.220448244999943, 4.64200095800004 ], [ -74.220799086999989, 4.642394231000026 ], [ -74.221063982999965, 4.642747829000029 ], [ -74.221225993999951, 4.643079291000049 ], [ -74.221353956999963, 4.643450890000054 ], [ -74.221344893999969, 4.643840673000057 ], [ -74.221294916999966, 4.644058799000049 ], [ -74.221038440999962, 4.644146326000055 ], [ -74.220702240999969, 4.644274538000047 ], [ -74.220262697999942, 4.644311732000062 ], [ -74.219708466999975, 4.644280778000052 ], [ -74.219200457999989, 4.644324036000057 ], [ -74.218635151999933, 4.644350574000043 ], [ -74.218030117999945, 4.644411646000037 ], [ -74.217224809999948, 4.644416600000056 ], [ -74.216596894999952, 4.644477944000073 ], [ -74.216031402999988, 4.644458470000075 ], [ -74.215562297999952, 4.644335394000052 ], [ -74.215132279999978, 4.644080157000076 ], [ -74.214678921999962, 4.643733353000073 ], [ -74.214400484999942, 4.643030288000034 ], [ -74.214294772999949, 4.642572449000056 ], [ -74.21430969499994, 4.642205627000067 ], [ -74.214272721999976, 4.64178746500005 ], [ -74.214268610999966, 4.641111313000067 ], [ -74.213962623999976, 4.64058596600006 ], [ -74.21349315599997, 4.640411184000072 ], [ -74.212779477999959, 4.640450024000074 ], [ -74.212476872999957, 4.64047481700004 ], [ -74.212088862999963, 4.640523120000069 ], [ -74.21154680799998, 4.640618260000053 ], [ -74.21047880499998, 4.640613466000048 ], [ -74.209113143999957, 4.640518841000073 ], [ -74.208170633999941, 4.640490351000039 ], [ -74.207017869999959, 4.640646551000032 ], [ -74.205693096999937, 4.641629060000071 ], [ -74.205485850999935, 4.642272233000028 ], [ -74.205472289999989, 4.642856815000073 ], [ -74.205756755999971, 4.643594323000059 ], [ -74.206045619999941, 4.644125461000044 ], [ -74.206374577999952, 4.644673589000035 ], [ -74.206604776999939, 4.644964371000071 ], [ -74.207094371999972, 4.645626113000048 ], [ -74.207159260999958, 4.645952432000058 ], [ -74.207109278999951, 4.646181948000049 ], [ -74.206927763999943, 4.646383632000038 ], [ -74.206809040999985, 4.646579254000073 ], [ -74.206649223999989, 4.646591741000066 ], [ -74.206421029999944, 4.646644729000059 ], [ -74.206101303999958, 4.646652528000061 ], [ -74.205792107999969, 4.646528258000046 ], [ -74.205017659999953, 4.646000140000069 ], [ -74.204587643999957, 4.64572772300005 ], [ -74.203733104999969, 4.645148535000033 ], [ -74.203388310999969, 4.644824043000028 ], [ -74.202407459999961, 4.644131057000038 ], [ -74.201960238999959, 4.64385863900003 ], [ -74.201622666999981, 4.643763386000046 ], [ -74.201268526999968, 4.643765580000036 ], [ -74.200886283999978, 4.643836745000044 ], [ -74.200750534999941, 4.644055330000072 ], [ -74.200672356999974, 4.644336642000042 ], [ -74.200702279999973, 4.644542831000024 ], [ -74.200874357999965, 4.644673530000034 ], [ -74.201103462999981, 4.64478099300004 ], [ -74.201813110999979, 4.645005757000035 ], [ -74.202219604999982, 4.645163738000065 ], [ -74.202597357999935, 4.645287462000056 ], [ -74.203017754999962, 4.645852127000069 ], [ -74.202962458999934, 4.646139135000055 ], [ -74.202924647999964, 4.646494568000037 ], [ -74.202595664999933, 4.646869188000039 ], [ -74.202254695999954, 4.647134880000067 ], [ -74.201988324999945, 4.647474781000028 ], [ -74.20168277099998, 4.647935092000068 ], [ -74.201279917999955, 4.648367476000033 ], [ -74.200807871999984, 4.648696997000059 ], [ -74.199992757999951, 4.648954224000022 ], [ -74.198995395999987, 4.649310083000046 ], [ -74.198210384999982, 4.649813541000071 ], [ -74.197384281999973, 4.650156821000053 ], [ -74.196895021999978, 4.650457866000067 ], [ -74.196259113999986, 4.651086508000049 ], [ -74.195822386999964, 4.651564905000043 ], [ -74.195432971999935, 4.652329484000063 ], [ -74.19519066099997, 4.652864002000058 ], [ -74.194875297999943, 4.653599470000074 ], [ -74.194724153999971, 4.654076130000021 ], [ -74.194567153999969, 4.654552791000071 ], [ -74.194266815999981, 4.654944307000051 ], [ -74.193930604999935, 4.655060936000041 ], [ -74.193554120999977, 4.655149362000031 ], [ -74.192954659999941, 4.655181758000026 ], [ -74.192159600999958, 4.655003273000034 ], [ -74.191535256999941, 4.654703378000022 ], [ -74.191081357999963, 4.654282164000051 ], [ -74.190685665999979, 4.654015250000043 ], [ -74.189911312999982, 4.653481422000027 ], [ -74.189320113999941, 4.653015104000076 ], [ -74.18889550199998, 4.652708328000074 ], [ -74.18829926899997, 4.65234524300007 ], [ -74.187581851999937, 4.651776605000066 ], [ -74.187266799999975, 4.65161807000004 ], [ -74.186791746999972, 4.651466318000075 ], [ -74.186528952999936, 4.651462264000031 ], [ -74.186203912999986, 4.651544447000049 ], [ -74.185770854999987, 4.651707631000022 ], [ -74.185298616999944, 4.651997096000059 ], [ -74.184809530999985, 4.652338267000061 ], [ -74.18445729299998, 4.652649871000051 ], [ -74.184104236999985, 4.652824078000037 ], [ -74.183870183999943, 4.652848405000043 ], [ -74.183709546999978, 4.652734786000053 ], [ -74.183542417999945, 4.652483676000031 ], [ -74.183574022999949, 4.652053668000065 ], [ -74.183861653999941, 4.651461570000038 ], [ -74.184160727999938, 4.650863688000072 ], [ -74.18444799599996, 4.650220156000046 ], [ -74.184741666999969, 4.649679583000022 ], [ -74.185143439999933, 4.649063887000068 ], [ -74.185471886999949, 4.648614793000036 ], [ -74.185669071999939, 4.648172302000035 ], [ -74.185923011999989, 4.647677831000067 ], [ -74.185955158999946, 4.647339573000068 ], [ -74.185868303999939, 4.647139535000065 ], [ -74.185684967999975, 4.647048968000036 ], [ -74.185273436999978, 4.646994207000034 ], [ -74.18480578599997, 4.647106047000022 ], [ -74.184128872999963, 4.647557237000058 ], [ -74.183418449999976, 4.648140491000049 ] ] ] ] } },
{ "type": "Feature", "properties": { "objectid": 7, "nombre": "Usme/Ciudad Bolivar", "zona": "Usme/Ciudad Bolivar", "lim_norte": "Calle 6", "lim_sur": "Sumapaz", "lim_este": "Autopista Sur", "lim_oeste": " ", "color": "Naranja", "letra": "H", "rango": "700-799/600-699", "globalid": "{0A9D1E08-5B09-45A0-8593-4012E91214BB}", "shape_Length": 0.63152514984189234, "shape_Area": 0.0069373532093036155 }, "geometry": { "type": "MultiPolygon", "coordinates": [ [ [ [ -74.103614592999975, 4.595087504000048 ], [ -74.103204464999976, 4.594661278000046 ], [ -74.103116628999942, 4.59472002900003 ], [ -74.102944482999987, 4.594771499000046 ], [ -74.102702806999957, 4.594789844000047 ], [ -74.102497796999955, 4.594793502000073 ], [ -74.10205469999994, 4.594800814000052 ], [ -74.099084557999959, 4.594919378000043 ], [ -74.096528793999937, 4.594190372000071 ], [ -74.093622427999946, 4.593361322000021 ], [ -74.092789985999957, 4.593123865000052 ], [ -74.090716059999977, 4.592532271000039 ], [ -74.089004904999967, 4.59181955400004 ], [ -74.089169520999974, 4.591785175000041 ], [ -74.089343496999959, 4.591741971000033 ], [ -74.089483480999945, 4.591682874000071 ], [ -74.08957441299998, 4.59163337800004 ], [ -74.089664643999981, 4.591557610000052 ], [ -74.089747834999969, 4.591477180000027 ], [ -74.089849612999956, 4.591354944000045 ], [ -74.089981301999956, 4.591189632000066 ], [ -74.090051403999951, 4.591100445000052 ], [ -74.090114679999942, 4.591021567000041 ], [ -74.090257842999961, 4.59084488700006 ], [ -74.090405367999949, 4.590658741000027 ], [ -74.09055796399997, 4.590467445000058 ], [ -74.090756728999963, 4.590216121000026 ], [ -74.090927270999941, 4.590000883000073 ], [ -74.091097811999987, 4.58978472900003 ], [ -74.091272646999982, 4.589567725000052 ], [ -74.091356897999958, 4.58945961400002 ], [ -74.091451776999975, 4.58934380200003 ], [ -74.09163597099996, 4.58911310000002 ], [ -74.091818547999935, 4.588888399000041 ], [ -74.091906175999952, 4.588777744000026 ], [ -74.092007881999962, 4.588660240000024 ], [ -74.092793506999953, 4.587680867000074 ], [ -74.093062444999987, 4.587345864000042 ], [ -74.093098551999958, 4.587298057000055 ], [ -74.093470249999939, 4.58682443500004 ], [ -74.093771282999967, 4.586447909000071 ], [ -74.093854262999969, 4.58635660300007 ], [ -74.093907682999941, 4.586294391000024 ], [ -74.093966874999978, 4.586233520000064 ], [ -74.094079487999977, 4.58611912300006 ], [ -74.09415022099995, 4.586048156000061 ], [ -74.094438153999988, 4.585780173000046 ], [ -74.094580392999944, 4.585671570000045 ], [ -74.094817081999963, 4.58551226700007 ], [ -74.095095716999936, 4.585338493000052 ], [ -74.095297071999937, 4.585219726000048 ], [ -74.095460213999957, 4.585135699000034 ], [ -74.095747568999968, 4.584995540000023 ], [ -74.095789655999965, 4.58497499300006 ], [ -74.09597046, 4.584890264000023 ], [ -74.096078702999989, 4.584842532000039 ], [ -74.096293356999979, 4.584759005000024 ], [ -74.096421868999983, 4.584705272000065 ], [ -74.096507449999933, 4.584665942000072 ], [ -74.096656159999952, 4.584599078000053 ], [ -74.096837525999945, 4.584509615000059 ], [ -74.097103981999965, 4.584379553000076 ], [ -74.097372195999981, 4.584242285000073 ], [ -74.097548544999938, 4.584140744000024 ], [ -74.097828326999945, 4.583967819000065 ], [ -74.097946069999978, 4.583896219000053 ], [ -74.098279671999933, 4.583677884000053 ], [ -74.098453931999984, 4.583562080000036 ], [ -74.098585963999938, 4.583473814000058 ], [ -74.09870370799996, 4.583401012000024 ], [ -74.098918365999964, 4.583264942000028 ], [ -74.09905398799998, 4.583188611000026 ], [ -74.099161032999973, 4.58312774500007 ], [ -74.099544598999955, 4.582910543000025 ], [ -74.099929362999944, 4.582694543000059 ], [ -74.100373594999951, 4.582439211000064 ], [ -74.100543067999979, 4.582341343000053 ], [ -74.100838659999965, 4.582165872000076 ], [ -74.101212724999982, 4.581949940000072 ], [ -74.101596289999975, 4.581742272000042 ], [ -74.101989424999942, 4.581527472000062 ], [ -74.102358703999982, 4.581324604000031 ], [ -74.102479259999939, 4.581267411000056 ], [ -74.10249418099994, 4.581260066000027 ], [ -74.102688917999956, 4.581164107000063 ], [ -74.103223722999985, 4.58090157700002 ], [ -74.103882251999948, 4.580595763000076 ], [ -74.104325071999938, 4.580390922000049 ], [ -74.105321415999981, 4.579887463000034 ], [ -74.106714340999986, 4.579201896000029 ], [ -74.10677211899997, 4.579173440000034 ], [ -74.10687768799994, 4.579131782000047 ], [ -74.107415320999962, 4.578919633000055 ], [ -74.107713701999955, 4.578801894000037 ], [ -74.108050950999939, 4.578661169000043 ], [ -74.109609872999954, 4.578176805000055 ], [ -74.109695450999936, 4.578151881000053 ], [ -74.109711779999941, 4.578147221000052 ], [ -74.109841977999963, 4.578109306000044 ], [ -74.110616191999952, 4.577883719000056 ], [ -74.110892843999977, 4.577803087000063 ], [ -74.112979730999939, 4.577140783000061 ], [ -74.114603881999983, 4.576709661000052 ], [ -74.115004180999961, 4.576651139000035 ], [ -74.114889354999946, 4.576141108000058 ], [ -74.114486391999947, 4.575995466000052 ], [ -74.114215666999939, 4.575842486000056 ], [ -74.113869081999951, 4.575580606000074 ], [ -74.113522504999935, 4.575175503000025 ], [ -74.11314327499997, 4.574741728000049 ], [ -74.112658070999942, 4.574181113000066 ], [ -74.110914784999977, 4.572105462000025 ], [ -74.110501627999952, 4.571857277000049 ], [ -74.11048459899996, 4.571837853000034 ], [ -74.110359339999945, 4.571695333000036 ], [ -74.110293617999957, 4.571552676000067 ], [ -74.110276885999951, 4.57126531800003 ], [ -74.110285129999966, 4.571089684000071 ], [ -74.110192687999984, 4.57056687100004 ], [ -74.110054628999933, 4.570275481000067 ], [ -74.109690288999957, 4.569275892000064 ], [ -74.109553142999971, 4.569030969000039 ], [ -74.109096169999987, 4.568369576000066 ], [ -74.107811516999959, 4.566664141000047 ], [ -74.107776890999958, 4.566706441000065 ], [ -74.107425966999983, 4.566177538000034 ], [ -74.107135487999983, 4.565739670000028 ], [ -74.106953636999947, 4.565787821000072 ], [ -74.106773122999982, 4.56583385600004 ], [ -74.106733854999959, 4.565843033000021 ], [ -74.106712670999968, 4.565847409000071 ], [ -74.106691417999969, 4.565851432000045 ], [ -74.106670093999981, 4.565855104000036 ], [ -74.106648699999937, 4.565858352000021 ], [ -74.106627235999952, 4.565861246000054 ], [ -74.106605770999977, 4.565863787000069 ], [ -74.106584237999982, 4.56586590400002 ], [ -74.106562702999952, 4.565867668000067 ], [ -74.106541095999944, 4.565869079000038 ], [ -74.106519491999961, 4.565870067000048 ], [ -74.106492820999961, 4.565870348000033 ], [ -74.10647860499995, 4.565870134000022 ], [ -74.106464316999961, 4.565869639000027 ], [ -74.106450102999986, 4.565868932000058 ], [ -74.106435886999975, 4.565868013000056 ], [ -74.106421672999943, 4.565866812000024 ], [ -74.106407524999952, 4.56586532700004 ], [ -74.106393381999965, 4.56586363100007 ], [ -74.106379234999963, 4.56586165300007 ], [ -74.106365161999975, 4.565859464000027 ], [ -74.10635108699995, 4.565856991000032 ], [ -74.106337082999971, 4.565854305000073 ], [ -74.10632314999998, 4.56585141000005 ], [ -74.106309283999963, 4.565848232000064 ], [ -74.106270298999959, 4.56583777700007 ], [ -74.106249538999975, 4.565831701000036 ], [ -74.106228919999978, 4.565825204000021 ], [ -74.10620837099998, 4.565818351000075 ], [ -74.106187960999989, 4.565811146000044 ], [ -74.106167693999964, 4.56580359000003 ], [ -74.106147566999937, 4.565795748000028 ], [ -74.106127581999942, 4.565787485000044 ], [ -74.106107734999966, 4.565778867000063 ], [ -74.106088032999935, 4.565769898000042 ], [ -74.106068468999979, 4.565760646000058 ], [ -74.105926245999967, 4.565690792000055 ], [ -74.10530401799997, 4.565376698000023 ], [ -74.105152294999982, 4.56528064400004 ], [ -74.105002332999959, 4.56518593200002 ], [ -74.104835769999966, 4.565024410000035 ], [ -74.104680253999959, 4.564823907000061 ], [ -74.104585964999956, 4.564668393000034 ], [ -74.10465408999994, 4.564608158000055 ], [ -74.104804768999941, 4.564506403000053 ], [ -74.104875848999939, 4.564458385000023 ], [ -74.104991408999979, 4.564398508000068 ], [ -74.105075649999947, 4.564354798000068 ], [ -74.105376510999974, 4.564200582000069 ], [ -74.105920376999961, 4.563986214000067 ], [ -74.105924670999968, 4.563984872000049 ], [ -74.105929033999985, 4.563983531000076 ], [ -74.105933324999967, 4.563982189000058 ], [ -74.105937618999974, 4.563980848000028 ], [ -74.105941911999935, 4.563979506000067 ], [ -74.105946275999941, 4.563978165000037 ], [ -74.105950567999969, 4.563976823000075 ], [ -74.105954861999976, 4.563975553000034 ], [ -74.105959153999947, 4.563974209000037 ], [ -74.105963447999954, 4.563972868000064 ], [ -74.105967809999981, 4.563971598000023 ], [ -74.105972102999942, 4.563970255000072 ], [ -74.10597639599996, 4.56396898600002 ], [ -74.105980759999966, 4.563967645000048 ], [ -74.105985052999984, 4.563966303000029 ], [ -74.105989344999955, 4.563965033000045 ], [ -74.105993637999973, 4.563963691000026 ], [ -74.105998001999978, 4.563962419000063 ], [ -74.106002294999939, 4.563961149000022 ], [ -74.106006586999968, 4.56395980800005 ], [ -74.106010880999975, 4.563958537000076 ], [ -74.106015243999934, 4.563957194000068 ], [ -74.106019536999952, 4.563955925000073 ], [ -74.106023830999959, 4.563954654000042 ], [ -74.106028121999941, 4.563953382000022 ], [ -74.106032485999947, 4.563952111000049 ], [ -74.106036777999975, 4.563950840000075 ], [ -74.106041141999981, 4.563949640000033 ], [ -74.106045435999988, 4.563948368000069 ], [ -74.106049796999969, 4.563947238000026 ], [ -74.106054160999975, 4.56394603800004 ], [ -74.106058453999935, 4.563944838000054 ], [ -74.106062815999962, 4.563943709000057 ], [ -74.106067180999958, 4.56394257900007 ], [ -74.106071543999974, 4.563941449000026 ], [ -74.10607590799998, 4.563940391000074 ], [ -74.106080270999939, 4.56393926100003 ], [ -74.106084633999956, 4.563938201000042 ], [ -74.106088996999972, 4.563937142000043 ], [ -74.106093360999978, 4.563936085000023 ], [ -74.106097792999947, 4.563935026000024 ], [ -74.106102157999942, 4.563933966000036 ], [ -74.106106520999958, 4.563932977000036 ], [ -74.106110954999963, 4.563931918000037 ], [ -74.106115317999979, 4.563930930000026 ], [ -74.106119750999937, 4.563929942000073 ], [ -74.106124114999943, 4.563928954000062 ], [ -74.10612847799996, 4.563927965000062 ], [ -74.106132911999964, 4.563926977000051 ], [ -74.106137344999979, 4.563925988000051 ], [ -74.106163735999985, 4.56392027000004 ], [ -74.106168169999989, 4.563919352000028 ], [ -74.106172601999958, 4.563918364000074 ], [ -74.106176965999964, 4.563917446000062 ], [ -74.106181399999969, 4.563916529000039 ], [ -74.106185833999973, 4.563915609000048 ], [ -74.106190197999979, 4.563914622000027 ], [ -74.106194629999948, 4.563913703000026 ], [ -74.106199064999942, 4.56391278500007 ], [ -74.106203496999967, 4.563911868000048 ], [ -74.106207860999973, 4.563910880000037 ], [ -74.106212293999988, 4.563909963000071 ], [ -74.106216728999982, 4.56390904400007 ], [ -74.106221092999988, 4.563908057000049 ], [ -74.106225525999946, 4.563907138000047 ], [ -74.106229886999984, 4.563906150000037 ], [ -74.106234321999978, 4.563905233000071 ], [ -74.106238755999982, 4.563904244000071 ], [ -74.106243118999942, 4.56390325600006 ], [ -74.106247552999946, 4.563902337000059 ], [ -74.106251915999962, 4.563901349000048 ], [ -74.106256349999967, 4.563900361000037 ], [ -74.106260712999983, 4.563899373000027 ], [ -74.106265146999988, 4.563898313000038 ], [ -74.106271690999961, 4.563896830000033 ], [ -74.106214200999943, 4.563829242000054 ], [ -74.10601210699997, 4.563493920000042 ], [ -74.105766882999944, 4.563044967000053 ], [ -74.10569912699998, 4.562832747000073 ], [ -74.105424261999985, 4.562550952000038 ], [ -74.10509620299996, 4.562200719000032 ], [ -74.104875384999957, 4.561966031000054 ], [ -74.104770112999972, 4.561854231000041 ], [ -74.104425582999966, 4.561530694000055 ], [ -74.104176202999952, 4.561142333000021 ], [ -74.104076962999955, 4.56095405800005 ], [ -74.103734028999952, 4.56030346700004 ], [ -74.103499645999989, 4.559858821000034 ], [ -74.103364412999952, 4.559492570000032 ], [ -74.103329371999962, 4.559397653000076 ], [ -74.102925280999955, 4.558471714000063 ], [ -74.102705181999966, 4.558034202000044 ], [ -74.102522663999935, 4.55759874000006 ], [ -74.102378922999947, 4.557119991000036 ], [ -74.102138625999942, 4.556711785000061 ], [ -74.101871095999968, 4.556323209000027 ], [ -74.101817694999966, 4.55611953500005 ], [ -74.101761550999981, 4.555905408000058 ], [ -74.101775024999938, 4.555465371000025 ], [ -74.101844796999956, 4.55501926200003 ], [ -74.101852877999988, 4.554754482000021 ], [ -74.101858410999967, 4.554573221000055 ], [ -74.102028322999956, 4.554162715000075 ], [ -74.102087747999974, 4.553715264000061 ], [ -74.102297558999965, 4.553324038000028 ], [ -74.102266636999957, 4.552735975000076 ], [ -74.102383690999943, 4.552393330000029 ], [ -74.102469568999936, 4.552063538000027 ], [ -74.102513843999986, 4.551893626000037 ], [ -74.102509168999973, 4.551327317000073 ], [ -74.102701323999952, 4.55081412800007 ], [ -74.102856104999944, 4.550404184000058 ], [ -74.102885671999957, 4.550223678000066 ], [ -74.102933545999974, 4.549931594000043 ], [ -74.102785587999961, 4.549436531000026 ], [ -74.102733685999965, 4.548944581000057 ], [ -74.102773053999954, 4.548514855000064 ], [ -74.102885330999982, 4.548078779000036 ], [ -74.102976053999953, 4.547870808000027 ], [ -74.103033307999965, 4.547284374000071 ], [ -74.103179637999972, 4.54692633600007 ], [ -74.103050934999942, 4.54681884200005 ], [ -74.102995272999976, 4.546749840000075 ], [ -74.102957696999965, 4.546717 ], [ -74.102932505999945, 4.546702874000061 ], [ -74.102774315999966, 4.546592058000044 ], [ -74.102725689999943, 4.546558014000027 ], [ -74.102682484999946, 4.546506458000067 ], [ -74.102646316999937, 4.54645017200005 ], [ -74.102634988999966, 4.546417474000066 ], [ -74.102633793999985, 4.546414155000036 ], [ -74.102636398999948, 4.546380963000047 ], [ -74.102632952999954, 4.546349465000048 ], [ -74.102628802999959, 4.54633767100006 ], [ -74.102587920999952, 4.546276721000027 ], [ -74.102499187999967, 4.546160756000063 ], [ -74.102450143999988, 4.546107999000071 ], [ -74.102383573999987, 4.546041187000071 ], [ -74.102326366999989, 4.54599415000007 ], [ -74.102297442999941, 4.545970347000036 ], [ -74.102264859999934, 4.546000855000045 ], [ -74.101385293999954, 4.545720001000063 ], [ -74.100949990999936, 4.545382189000065 ], [ -74.100454724999963, 4.545206944000029 ], [ -74.10029415799994, 4.54487974500006 ], [ -74.099750345999951, 4.544528648000039 ], [ -74.099429859999987, 4.543739294000034 ], [ -74.099107996999976, 4.543454878000034 ], [ -74.098601347999988, 4.543038247000027 ], [ -74.098637317999987, 4.542902586000025 ], [ -74.098359549999941, 4.542094448000057 ], [ -74.097807180999951, 4.541399991000048 ], [ -74.098115225999948, 4.541055030000052 ], [ -74.098451839999939, 4.540745880000031 ], [ -74.098810549999939, 4.540427335000061 ], [ -74.098543254999981, 4.539785016000053 ], [ -74.098306061999949, 4.53937892700003 ], [ -74.09780935699996, 4.538734615000067 ], [ -74.097653707999939, 4.539461858000038 ], [ -74.097496765999949, 4.539615940000033 ], [ -74.096998510999981, 4.539907849000031 ], [ -74.09679308799997, 4.539098588000058 ], [ -74.096320006999974, 4.538744526000073 ], [ -74.095982180999954, 4.538366114000041 ], [ -74.095776652999973, 4.537998444000038 ], [ -74.095660381999949, 4.537319555000067 ], [ -74.095855340999947, 4.536965335000048 ], [ -74.095747821999964, 4.536849579000034 ], [ -74.095685145999937, 4.536547386000052 ], [ -74.095343276999984, 4.535716786000023 ], [ -74.095220719999986, 4.535334293000062 ], [ -74.095225626999934, 4.534682320000059 ], [ -74.095230372999936, 4.534288751000076 ], [ -74.095141936999937, 4.534047219000058 ], [ -74.095243363999941, 4.533755917000065 ], [ -74.095313730999976, 4.532945758000039 ], [ -74.095190201999969, 4.532408462000035 ], [ -74.095073710999941, 4.53186368300004 ], [ -74.094963336999967, 4.531380555000055 ], [ -74.094827917999964, 4.530823135000048 ], [ -74.094513712999969, 4.529934696000055 ], [ -74.094345678999957, 4.528918304000058 ], [ -74.094339372999968, 4.528562234000049 ], [ -74.094358558999943, 4.528038228000071 ], [ -74.094566655999984, 4.527887116000045 ], [ -74.094543899999962, 4.527340084000059 ], [ -74.094377161999944, 4.526855469000054 ], [ -74.094400252999947, 4.525859432000061 ], [ -74.094364188999975, 4.525427440000044 ], [ -74.094118804999937, 4.524560053000073 ], [ -74.093724950999956, 4.524456843000053 ], [ -74.093551996999963, 4.524258244000066 ], [ -74.093451406999975, 4.52378931100003 ], [ -74.093424837999976, 4.523375823000038 ], [ -74.093547666999939, 4.522978803000058 ], [ -74.093772534999971, 4.522565688000043 ], [ -74.093734420999965, 4.522232213000052 ], [ -74.093776961999936, 4.521791894000046 ], [ -74.093809087999944, 4.52134182900005 ], [ -74.093891176999989, 4.52089275700007 ], [ -74.093959539999958, 4.520459150000022 ], [ -74.093953166999938, 4.520078290000072 ], [ -74.093821684999966, 4.519591912000067 ], [ -74.093957748999969, 4.519115726000052 ], [ -74.09401113399997, 4.518579929000055 ], [ -74.094031722999944, 4.518067857000062 ], [ -74.094084313999986, 4.517772453000021 ], [ -74.094367563999981, 4.51764027400003 ], [ -74.094797611999979, 4.517397019000043 ], [ -74.094913449999979, 4.517272383000034 ], [ -74.095166873999972, 4.516999666000061 ], [ -74.095183093999935, 4.516569021000066 ], [ -74.095123279999939, 4.515692114000046 ], [ -74.094851553999945, 4.515144002000056 ], [ -74.094836756999939, 4.51452260700006 ], [ -74.094814895999946, 4.514222535000044 ], [ -74.094778442999939, 4.51424350800005 ], [ -74.094683589999988, 4.514178317000074 ], [ -74.094588667999972, 4.514113128000076 ], [ -74.094520903999978, 4.514084518000061 ], [ -74.094516145999989, 4.513756130000047 ], [ -74.094500195999956, 4.513457121000044 ], [ -74.094522720999976, 4.513364679000063 ], [ -74.094439426999941, 4.512642325000058 ], [ -74.094356133999952, 4.511919971000054 ], [ -74.094329739999978, 4.511595357000033 ], [ -74.094245412999953, 4.510558248000052 ], [ -74.094182670999942, 4.510334581000052 ], [ -74.09423861199997, 4.510314049000044 ], [ -74.094451867999965, 4.510235640000076 ], [ -74.094529799999975, 4.510206985000025 ], [ -74.094918912999958, 4.510063911000032 ], [ -74.096110737999936, 4.509625670000048 ], [ -74.096142552999936, 4.509474638000029 ], [ -74.09615884699997, 4.509397248000028 ], [ -74.096113546999959, 4.509075003000021 ], [ -74.096113574999947, 4.509074994000059 ], [ -74.09631875499997, 4.509084340000072 ], [ -74.096621948999939, 4.509098135000045 ], [ -74.096641778999981, 4.508938871000055 ], [ -74.096671418999961, 4.508700895000061 ], [ -74.097336644999984, 4.508893465000028 ], [ -74.097356158999958, 4.509024887000066 ], [ -74.097364772999981, 4.50908294200002 ], [ -74.097462873999973, 4.509047637000037 ], [ -74.097876723999946, 4.508916596000063 ], [ -74.098192964999953, 4.508893456000067 ], [ -74.098192996999956, 4.508893453000042 ], [ -74.098291122999967, 4.50836311200004 ], [ -74.098278264999976, 4.508152263000056 ], [ -74.09826101799996, 4.507868893000023 ], [ -74.098480782999957, 4.507694751000031 ], [ -74.098312283999974, 4.50729791200007 ], [ -74.098124711999958, 4.506886897000072 ], [ -74.098054945999934, 4.506428702000051 ], [ -74.098121566999964, 4.505724756000063 ], [ -74.098142285999984, 4.505305339000074 ], [ -74.098142282999959, 4.505305313000065 ], [ -74.098026217999973, 4.504879089000042 ], [ -74.09839827199994, 4.504592087000049 ], [ -74.098433247999935, 4.504565110000044 ], [ -74.098433272999955, 4.504565088000049 ], [ -74.098788273999958, 4.504241769000032 ], [ -74.098996881999938, 4.503851387000054 ], [ -74.098581295999963, 4.503717317000053 ], [ -74.098295920999988, 4.503246672000046 ], [ -74.098272810999958, 4.502739630000065 ], [ -74.098318904999985, 4.502601379000055 ], [ -74.098421273999975, 4.502294308000046 ], [ -74.098311614999943, 4.502341595000075 ], [ -74.098134305999963, 4.502418097000032 ], [ -74.097894715999985, 4.502458529000023 ], [ -74.097701713999982, 4.502491127000042 ], [ -74.09734881199995, 4.502527893000035 ], [ -74.097348757999953, 4.502527863000068 ], [ -74.097278589999974, 4.502490812000076 ], [ -74.097366984999951, 4.502328390000059 ], [ -74.097372838999945, 4.502141527000049 ], [ -74.097271468999963, 4.501773583000045 ], [ -74.097276612999963, 4.501623516000052 ], [ -74.097276616999977, 4.50162337200004 ], [ -74.097286470999961, 4.501598725000065 ], [ -74.097234257999958, 4.50158728100007 ], [ -74.097102793999966, 4.50158632800003 ], [ -74.096689355999956, 4.501583278000055 ], [ -74.096496717999969, 4.500095454000075 ], [ -74.096346842999935, 4.500054311000042 ], [ -74.096219043999952, 4.499924767000039 ], [ -74.095769271999984, 4.499367626000037 ], [ -74.095902122999973, 4.499398099000075 ], [ -74.096186386999989, 4.499405084000045 ], [ -74.096327796999958, 4.499439805000065 ], [ -74.096487215999957, 4.499534372000028 ], [ -74.096752371999969, 4.49971120500004 ], [ -74.097092200999953, 4.499826936000034 ], [ -74.097361139999975, 4.499993194000069 ], [ -74.097522546999983, 4.500005318000035 ], [ -74.097630451999976, 4.50000153000002 ], [ -74.09799415699996, 4.500020994000067 ], [ -74.09815998199997, 4.499986656000033 ], [ -74.098282119999965, 4.499963523000076 ], [ -74.098546653999961, 4.500006210000038 ], [ -74.098685155999988, 4.500093990000039 ], [ -74.098685448999959, 4.500086672000066 ], [ -74.09860854599998, 4.499834374000045 ], [ -74.098567749999972, 4.499787276000063 ], [ -74.098572253999976, 4.49975265300003 ], [ -74.098646067999937, 4.499147102000052 ], [ -74.098668145999966, 4.499015219000057 ], [ -74.098807870999963, 4.498132351000038 ], [ -74.098749725999937, 4.498120044000075 ], [ -74.098815938999962, 4.497969 ], [ -74.098890082999958, 4.497799966000059 ], [ -74.099585146999971, 4.497948447000056 ], [ -74.099840442999948, 4.497474708000027 ], [ -74.099933973999953, 4.496954760000051 ], [ -74.099754735999966, 4.496925822000037 ], [ -74.100497308999934, 4.49229099300004 ], [ -74.099819715999956, 4.491450603000033 ], [ -74.099845638999966, 4.491360030000067 ], [ -74.099752450999972, 4.491252092000025 ], [ -74.099678507999954, 4.491171725000072 ], [ -74.099616363999985, 4.491105552000022 ], [ -74.099534679999977, 4.49095982700004 ], [ -74.099387250999939, 4.490767638000023 ], [ -74.099278497999933, 4.490636786000039 ], [ -74.099204051999948, 4.490699106000022 ], [ -74.098920630999942, 4.490310476000047 ], [ -74.098798055999964, 4.490150104000065 ], [ -74.098646845999951, 4.489952039000059 ], [ -74.09828645999994, 4.490144734000069 ], [ -74.097908058999963, 4.490407484000059 ], [ -74.097191420999934, 4.490928194000048 ], [ -74.097141904999944, 4.490619129000038 ], [ -74.097050779999961, 4.490300389000026 ], [ -74.096776601999977, 4.490320889000031 ], [ -74.096679996999967, 4.489844138000024 ], [ -74.096594466999989, 4.489389444000039 ], [ -74.096572619999961, 4.488842282000064 ], [ -74.096532108999952, 4.488586912000073 ], [ -74.096413794999989, 4.488096149000057 ], [ -74.096334173999935, 4.488112955000076 ], [ -74.096131645999947, 4.48760835500002 ], [ -74.096138340999971, 4.487237014000073 ], [ -74.096413704999975, 4.486959795000075 ], [ -74.09635536199994, 4.486668447000056 ], [ -74.096091036999951, 4.486292110000022 ], [ -74.096102241999972, 4.485837878000041 ], [ -74.096219880999968, 4.485734926000021 ], [ -74.096182775999978, 4.485686021000049 ], [ -74.096139726999979, 4.485629338000024 ], [ -74.096495782999966, 4.485495130000061 ], [ -74.096897144999957, 4.485315186000037 ], [ -74.09693628499997, 4.485263672000031 ], [ -74.096961096999962, 4.48525101000007 ], [ -74.097013068999956, 4.485245320000047 ], [ -74.097223840999959, 4.485113991000048 ], [ -74.097282476999965, 4.485079194000036 ], [ -74.097612328999958, 4.484878904000027 ], [ -74.097812278999982, 4.484898354000052 ], [ -74.097962153999958, 4.48491924700005 ], [ -74.098288289999971, 4.484972244000062 ], [ -74.098369170999945, 4.484990328000038 ], [ -74.098397814999942, 4.484988342000065 ], [ -74.098429529999976, 4.484986200000037 ], [ -74.09847680699994, 4.484951739000053 ], [ -74.098515450999969, 4.48491892800007 ], [ -74.09856426999994, 4.48489054700002 ], [ -74.098605525999972, 4.484840292000058 ], [ -74.098636692999946, 4.484796540000048 ], [ -74.098715057999982, 4.484739507000029 ], [ -74.098753233999958, 4.484606724000059 ], [ -74.098791410999979, 4.484473941000033 ], [ -74.09862911099998, 4.484328202000029 ], [ -74.098619489999976, 4.484323735000032 ], [ -74.098564045999979, 4.48429800100007 ], [ -74.098550553999985, 4.484291738000024 ], [ -74.098545826999953, 4.48428946100006 ], [ -74.098486526999977, 4.484260901000027 ], [ -74.098455316999946, 4.484241361000045 ], [ -74.098408072999973, 4.484208653000053 ], [ -74.098405670999966, 4.484206911000058 ], [ -74.098338498999965, 4.484158209000043 ], [ -74.098337081999944, 4.484157182000047 ], [ -74.098271771999975, 4.484107709000057 ], [ -74.098209114999975, 4.48405774500003 ], [ -74.098208627999952, 4.484057335000045 ], [ -74.098175391999973, 4.484029426000063 ], [ -74.098162649999949, 4.484018727000034 ], [ -74.098160225999948, 4.484016692000068 ], [ -74.098143500999981, 4.484002647000068 ], [ -74.098127765999948, 4.483988811000074 ], [ -74.098125324999955, 4.483986665000032 ], [ -74.098121029999959, 4.48398289000005 ], [ -74.098099044999969, 4.483963557000038 ], [ -74.09806681699996, 4.483935219000045 ], [ -74.098012213999937, 4.483883254000034 ], [ -74.097955954999975, 4.483825099000057 ], [ -74.097950244999936, 4.48381919600007 ], [ -74.097896946999981, 4.483753314000069 ], [ -74.097846232999984, 4.483679563000067 ], [ -74.097787726999968, 4.483589797000036 ], [ -74.097749074999967, 4.48353039400007 ], [ -74.097699887999966, 4.483454478000056 ], [ -74.097650837999936, 4.483379484000068 ], [ -74.097625643999947, 4.483340617000067 ], [ -74.097604074999936, 4.483307342000046 ], [ -74.097554569999943, 4.483231999000054 ], [ -74.097504742999945, 4.483155920000058 ], [ -74.097455393999951, 4.483080271000063 ], [ -74.097406426999953, 4.483005457000047 ], [ -74.097356927999954, 4.482929892000072 ], [ -74.097308013999964, 4.48285493100002 ], [ -74.097258101999955, 4.48277822600005 ], [ -74.097209652999936, 4.482704435000073 ], [ -74.097157661999972, 4.482625214000052 ], [ -74.097109050999961, 4.482550985000046 ], [ -74.097098293999977, 4.482534638000061 ], [ -74.097059042999945, 4.482474980000063 ], [ -74.09701264399996, 4.48240331300002 ], [ -74.096963741999957, 4.482328431000042 ], [ -74.096914982999976, 4.482253550000053 ], [ -74.096865141999956, 4.482177338000042 ], [ -74.096815164999953, 4.482101434000072 ], [ -74.096767388999979, 4.482027558000027 ], [ -74.096702366999978, 4.48192786200002 ], [ -74.096666830999936, 4.481873138000026 ], [ -74.09612259499994, 4.481292616000076 ], [ -74.096106678999945, 4.481293546000074 ], [ -74.096099257999981, 4.481293979000043 ], [ -74.096053942999959, 4.481296627000063 ], [ -74.095929668999986, 4.481096055000023 ], [ -74.095812088999935, 4.48090628500006 ], [ -74.095570234999968, 4.480515942000068 ], [ -74.094001359999936, 4.477784618000044 ], [ -74.092972309999936, 4.47627985500003 ], [ -74.093714875999979, 4.476074484000037 ], [ -74.096674711999981, 4.475921759000073 ], [ -74.096693650999953, 4.475922016000027 ], [ -74.096712583999988, 4.475922603000072 ], [ -74.096731505999969, 4.475923521000027 ], [ -74.096750405999956, 4.475924771000052 ], [ -74.096769283999947, 4.475926351000055 ], [ -74.096788128999947, 4.475928261000035 ], [ -74.096806938999976, 4.47593050200004 ], [ -74.096825707999983, 4.475933073000022 ], [ -74.09684442799994, 4.475935970000023 ], [ -74.096863096999982, 4.475939197000059 ], [ -74.096881703999941, 4.475942749000069 ], [ -74.09690024799994, 4.475946625000063 ], [ -74.096918720999952, 4.475950827000077 ], [ -74.096937120999939, 4.475955354000064 ], [ -74.096955434999984, 4.475960199000042 ], [ -74.096973663999961, 4.475965367000072 ], [ -74.096991801999934, 4.475970849000021 ], [ -74.097009840999988, 4.475976652000043 ], [ -74.097027773999969, 4.47598277000003 ], [ -74.097045600999934, 4.475989200000072 ], [ -74.097063312999978, 4.475995941000065 ], [ -74.097080903999938, 4.47600299100003 ], [ -74.097098369999969, 4.476010348000045 ], [ -74.097115705999954, 4.476018010000075 ], [ -74.097132903999977, 4.476025977000063 ], [ -74.097149963999982, 4.476034240000047 ], [ -74.097166874999971, 4.476042803000041 ], [ -74.097183636999944, 4.476051659000063 ], [ -74.09720023999995, 4.476060809000046 ], [ -74.097216681999953, 4.476070249000031 ], [ -74.097232958999939, 4.476079975000061 ], [ -74.097249061999946, 4.476089984000055 ], [ -74.097264989999985, 4.476100274000032 ], [ -74.097280735999959, 4.476110841000036 ], [ -74.097296296999957, 4.476121682000041 ], [ -74.097311665999939, 4.476132794000023 ], [ -74.097331543999985, 4.476147789000038 ], [ -74.099267717999965, 4.477839951000021 ], [ -74.099282566999989, 4.477850130000036 ], [ -74.099297590999981, 4.477860049000071 ], [ -74.099312786999974, 4.477869703000067 ], [ -74.099328146999937, 4.477879087000076 ], [ -74.09934366799996, 4.47788820300002 ], [ -74.099359344999982, 4.47789704500002 ], [ -74.099375174999977, 4.47790561000005 ], [ -74.099391148999985, 4.477913898000054 ], [ -74.099407266999947, 4.477921903000038 ], [ -74.099423520999949, 4.477929626000048 ], [ -74.099439907999965, 4.47793706300007 ], [ -74.099456418999978, 4.477944212000068 ], [ -74.099473053999986, 4.477951071000064 ], [ -74.099489803999973, 4.477957635000053 ], [ -74.099506667999947, 4.47796390700006 ], [ -74.099523637999937, 4.477969883000071 ], [ -74.09954070699996, 4.477975559000072 ], [ -74.09955787399997, 4.477980937000041 ], [ -74.099575130999938, 4.47798601300002 ], [ -74.099592473999962, 4.477990785000031 ], [ -74.099609897999983, 4.477995254000064 ], [ -74.09962739599996, 4.477999415000056 ], [ -74.099644964999982, 4.478003270000045 ], [ -74.099662598999942, 4.478006819000029 ], [ -74.099680287999945, 4.478010056000073 ], [ -74.099698031999935, 4.478012982000052 ], [ -74.099715826999955, 4.478015597000024 ], [ -74.099733662999938, 4.478017902000033 ], [ -74.099751536999975, 4.478019891000031 ], [ -74.099769441999968, 4.478021571000056 ], [ -74.099787373999959, 4.47802293500007 ], [ -74.099805327999945, 4.478023983000071 ], [ -74.099823295999954, 4.478024718000029 ], [ -74.099841273999971, 4.478025139000067 ], [ -74.099859256999935, 4.478025243000047 ], [ -74.099877237999976, 4.478025033000051 ], [ -74.099895215999936, 4.478024508000033 ], [ -74.099913179999987, 4.478023668000048 ], [ -74.099931124999955, 4.478022514000031 ], [ -74.099949047999985, 4.478021045000048 ], [ -74.09996694299997, 4.478019264000068 ], [ -74.099984805999952, 4.478017168000065 ], [ -74.100002626999981, 4.478014761000054 ], [ -74.100020403999963, 4.478012040000067 ], [ -74.100047306999954, 4.478007317000049 ], [ -74.103144930999974, 4.477580661000047 ], [ -74.103163217999963, 4.477577616000076 ], [ -74.103181556999971, 4.477574891000074 ], [ -74.103199939999968, 4.477572487000032 ], [ -74.103218360999961, 4.477570408000076 ], [ -74.103236815999935, 4.477568650000023 ], [ -74.103255299999944, 4.477567216000068 ], [ -74.103273803999969, 4.47756610600004 ], [ -74.103292323999938, 4.477565321000043 ], [ -74.103310857999986, 4.47756485900004 ], [ -74.103329394999946, 4.477564723000057 ], [ -74.103347931999963, 4.477564910000069 ], [ -74.10336646199994, 4.477565422000055 ], [ -74.103384982999955, 4.47756626100005 ], [ -74.103403482999965, 4.477567423000039 ], [ -74.10342196299996, 4.477568908000023 ], [ -74.103440411999941, 4.477570717000049 ], [ -74.103458828999976, 4.477572848000023 ], [ -74.103477203999944, 4.477575302000048 ], [ -74.103495534999979, 4.477578079000068 ], [ -74.103513813999939, 4.477581175000068 ], [ -74.103532037999969, 4.477584591000038 ], [ -74.103550197999937, 4.477588324000067 ], [ -74.103568290999988, 4.477592378000054 ], [ -74.103586310999958, 4.477596747000064 ], [ -74.103604252999958, 4.47760142900006 ], [ -74.103634170999953, 4.477609993000044 ], [ -74.10363680599994, 4.477595354000073 ], [ -74.103649404999942, 4.477364366000074 ], [ -74.103654717999973, 4.477337011000031 ], [ -74.103694892999954, 4.47713019300005 ], [ -74.10380607999997, 4.476817940000046 ], [ -74.103958230999979, 4.476589796000042 ], [ -74.104170632999967, 4.47639121900005 ], [ -74.104459793999979, 4.47623409800002 ], [ -74.104858500999967, 4.476125313000068 ], [ -74.105258021999987, 4.476002676000064 ], [ -74.106121163999944, 4.475637806000066 ], [ -74.10633871899995, 4.475562529000058 ], [ -74.106478387999971, 4.475494853000043 ], [ -74.106739811999944, 4.475277248000054 ], [ -74.106874754999978, 4.475076485000045 ], [ -74.106996281999955, 4.474819359000037 ], [ -74.107122607999941, 4.47472588100004 ], [ -74.107320682999955, 4.474708207000049 ], [ -74.107450681999978, 4.474769153000068 ], [ -74.107553921999965, 4.474904250000066 ], [ -74.107603985999958, 4.475087202000054 ], [ -74.107722343999967, 4.47522792500007 ], [ -74.107907931999989, 4.475299105000033 ], [ -74.108035722999944, 4.475290665000045 ], [ -74.108211887999971, 4.475194289000058 ], [ -74.108487975999935, 4.474941857000033 ], [ -74.10862805499994, 4.474775477000037 ], [ -74.108730521999973, 4.474653773000057 ], [ -74.108789299999955, 4.474493595000069 ], [ -74.108845344999963, 4.474364666000042 ], [ -74.108874964999984, 4.474306176000027 ], [ -74.108766284999945, 4.473779549000028 ], [ -74.108662576999961, 4.473251914000059 ], [ -74.108652452999934, 4.473184007000043 ], [ -74.108641150999972, 4.473116287000039 ], [ -74.108628671999952, 4.473048776000041 ], [ -74.108615021999981, 4.472981492000031 ], [ -74.10860020299998, 4.472914460000027 ], [ -74.108584220999944, 4.47284769700002 ], [ -74.108567078999954, 4.472781225000062 ], [ -74.108548786999961, 4.472715060000041 ], [ -74.108529343999976, 4.472649227000034 ], [ -74.108508761999985, 4.472583746000055 ], [ -74.108487040999989, 4.472518636000075 ], [ -74.108464193999964, 4.472453914000027 ], [ -74.108440222999945, 4.472389604000057 ], [ -74.108415138999987, 4.472325722000051 ], [ -74.108388945999934, 4.47226229000006 ], [ -74.108361655999943, 4.472199327000055 ], [ -74.108333273999961, 4.472136850000027 ], [ -74.108298668999964, 4.472064344000046 ], [ -74.108333208999966, 4.472050166000031 ], [ -74.108367498999939, 4.472035383000048 ], [ -74.108401523999987, 4.472020003000068 ], [ -74.108435277999945, 4.472004028000072 ], [ -74.108468749999986, 4.471987468000066 ], [ -74.108501926999963, 4.471970320000025 ], [ -74.108534800999962, 4.471952595000062 ], [ -74.108567364999942, 4.471934296000029 ], [ -74.10859960199997, 4.471915430000024 ], [ -74.108631506999984, 4.471896005000076 ], [ -74.108663068999988, 4.47187602200006 ], [ -74.108694279999952, 4.471855487000028 ], [ -74.108725128999936, 4.471834411000032 ], [ -74.108755605999988, 4.471812797000041 ], [ -74.108785703999956, 4.471790654000074 ], [ -74.108815409999977, 4.471767986000032 ], [ -74.108844717999943, 4.471744799000021 ], [ -74.108873618999951, 4.471721105000029 ], [ -74.10890210599996, 4.471696909000059 ], [ -74.108930161999979, 4.471672216000059 ], [ -74.108957789999977, 4.471647035000046 ], [ -74.108984972999963, 4.471621375000041 ], [ -74.109011704999944, 4.471595244000071 ], [ -74.109037979999982, 4.471568645000048 ], [ -74.109063788999947, 4.47154159300004 ], [ -74.109089121999943, 4.471514091000074 ], [ -74.109113972999978, 4.471486151000022 ], [ -74.109138336999933, 4.471457779000048 ], [ -74.109162200999947, 4.471428985000045 ], [ -74.109185562999983, 4.471399778000034 ], [ -74.109252548999962, 4.471309762000033 ], [ -74.109273822999967, 4.471278989000041 ], [ -74.109294557999988, 4.471247849000065 ], [ -74.109314748999964, 4.471216351000066 ], [ -74.109334388999969, 4.471184504000064 ], [ -74.109353470999963, 4.471152319000055 ], [ -74.109371991999978, 4.471119803000022 ], [ -74.109389943999986, 4.471086967000076 ], [ -74.109407322999971, 4.471053821000055 ], [ -74.10942412299994, 4.471020378000048 ], [ -74.109440338999946, 4.470986645000039 ], [ -74.109455963999949, 4.470952634000071 ], [ -74.10947099599997, 4.470918351000023 ], [ -74.10948542999995, 4.470883814000047 ], [ -74.109499262999975, 4.470849027000042 ], [ -74.109512485999971, 4.470814003000044 ], [ -74.109525098999939, 4.470778755000026 ], [ -74.109537096999986, 4.47074328900004 ], [ -74.109548478999955, 4.470707618000063 ], [ -74.109559235999939, 4.470671755000069 ], [ -74.109569367999939, 4.470635708000032 ], [ -74.109578872999975, 4.470599489000051 ], [ -74.109587743999953, 4.470563111000047 ], [ -74.109595984999942, 4.470526581000058 ], [ -74.109604365999985, 4.470485963000044 ], [ -74.109616553999956, 4.470449790000032 ], [ -74.109629368999947, 4.47041383800007 ], [ -74.109642807999933, 4.470378116000063 ], [ -74.109656862999941, 4.47034263300003 ], [ -74.10967153699994, 4.470307403000049 ], [ -74.109686819999979, 4.470272435000027 ], [ -74.10970270699994, 4.470237741000062 ], [ -74.109719196999947, 4.470203329000071 ], [ -74.109736280999982, 4.47016921200003 ], [ -74.109753957999942, 4.470135398000025 ], [ -74.109772216999943, 4.470101900000031 ], [ -74.109791056999939, 4.470068728000058 ], [ -74.109810471999936, 4.470035890000077 ], [ -74.109830454999951, 4.470003397000028 ], [ -74.109850998999946, 4.469971259000033 ], [ -74.109872100999951, 4.469939486000044 ], [ -74.109893750999959, 4.469908086000032 ], [ -74.109915942999976, 4.469877072000031 ], [ -74.109938671999942, 4.469846451000024 ], [ -74.109961928999951, 4.469816231000038 ], [ -74.109985707999954, 4.469786426000042 ], [ -74.110010002999957, 4.469757039000058 ], [ -74.110034803999952, 4.469728085000042 ], [ -74.110060103999956, 4.469699567000021 ], [ -74.110085898999955, 4.469671498000025 ], [ -74.110112174999983, 4.469643886000028 ], [ -74.11013892699998, 4.469616736000035 ], [ -74.110166148999951, 4.46959006000003 ], [ -74.110193829999957, 4.469563865000055 ], [ -74.110221962999958, 4.46953816000007 ], [ -74.110250537999946, 4.469512950000023 ], [ -74.110279546999948, 4.469488244000047 ], [ -74.110308982999982, 4.469464051000045 ], [ -74.110338831999968, 4.469440376000023 ], [ -74.110369089999949, 4.469417229000044 ], [ -74.110399745999985, 4.469394615000056 ], [ -74.110433431999979, 4.46937070000007 ], [ -74.110464942999954, 4.469349479000073 ], [ -74.110496816999955, 4.469328812000072 ], [ -74.110529047999989, 4.469308707000039 ], [ -74.110561620999988, 4.46928917200006 ], [ -74.110594529999958, 4.469270207000022 ], [ -74.110627762999968, 4.469251822000047 ], [ -74.110661311999934, 4.46923402300007 ], [ -74.110695162999946, 4.46921681300006 ], [ -74.110729310999943, 4.469200200000046 ], [ -74.110763741999961, 4.469184187000053 ], [ -74.110798443999954, 4.469168780000075 ], [ -74.110833410999987, 4.469153983000069 ], [ -74.11086862999997, 4.46913980000005 ], [ -74.110904090999952, 4.469126238000058 ], [ -74.110939778999978, 4.469113296000046 ], [ -74.110975690999965, 4.469100984000022 ], [ -74.111011807999944, 4.469089301000054 ], [ -74.111048123999979, 4.469078254000067 ], [ -74.111084626999968, 4.469067843000062 ], [ -74.111135974999968, 4.469054358000051 ], [ -74.111172877999934, 4.469045494000056 ], [ -74.111209930999962, 4.469037275000062 ], [ -74.111247119999973, 4.46902970900004 ], [ -74.11128443399997, 4.469022795000058 ], [ -74.111321862999944, 4.469016535000037 ], [ -74.111359395999955, 4.46901093200006 ], [ -74.111397020999959, 4.469005988000049 ], [ -74.11143472599997, 4.46900170300006 ], [ -74.111472499999934, 4.468998078000027 ], [ -74.111510328999941, 4.468995115000041 ], [ -74.111548204999963, 4.468992817000071 ], [ -74.111586116999945, 4.468991183000071 ], [ -74.111624048999943, 4.468990212000051 ], [ -74.111661992999984, 4.468989904000068 ], [ -74.111699936999969, 4.468990263000023 ], [ -74.111737869999956, 4.468991288000041 ], [ -74.11177577899997, 4.468992974000059 ], [ -74.111813651999967, 4.468995325000037 ], [ -74.111851478999938, 4.468998337000073 ], [ -74.111889244999986, 4.469002016000047 ], [ -74.111926943999947, 4.469006353000054 ], [ -74.111964561999969, 4.469011348000038 ], [ -74.112002085999961, 4.469017005000069 ], [ -74.112039507999953, 4.469023316000062 ], [ -74.112113163999936, 4.469037722000053 ], [ -74.112131703999978, 4.469039509000027 ], [ -74.112150269999972, 4.469040970000037 ], [ -74.112168860999986, 4.469042105000028 ], [ -74.112187466999956, 4.469042915000045 ], [ -74.112206085999958, 4.469043399000043 ], [ -74.112224709999964, 4.46904355700002 ], [ -74.112243332999981, 4.469043388000046 ], [ -74.112261949999947, 4.46904289400004 ], [ -74.112280556999963, 4.469042072000036 ], [ -74.112299146999987, 4.469040926000048 ], [ -74.112317711999935, 4.46903945400004 ], [ -74.112336251999977, 4.469037658000047 ], [ -74.112354754999956, 4.469035536000035 ], [ -74.112373218999949, 4.469033091000028 ], [ -74.112391637999963, 4.469030322000037 ], [ -74.112410006999937, 4.46902723300002 ], [ -74.112428317999957, 4.469023821000064 ], [ -74.11244656599996, 4.469020088000036 ], [ -74.112464748999969, 4.469016038000063 ], [ -74.112482857999964, 4.469011669000054 ], [ -74.112500886999953, 4.469006984000032 ], [ -74.112518830999988, 4.469001982000066 ], [ -74.112536687999977, 4.468996668000045 ], [ -74.11255444699998, 4.468991042000027 ], [ -74.112572108999984, 4.468985106000048 ], [ -74.112589662999937, 4.468978862000029 ], [ -74.112607105999984, 4.468972311000073 ], [ -74.11262443399994, 4.468965454000056 ], [ -74.112641636999967, 4.468958296000039 ], [ -74.112658715999942, 4.468950839000058 ], [ -74.112675658999933, 4.468943082000067 ], [ -74.112692467999977, 4.468935031000058 ], [ -74.112709132999953, 4.468926684000053 ], [ -74.11272564899997, 4.468918049000024 ], [ -74.112742014999981, 4.468909124000049 ], [ -74.112758222999958, 4.468899915000065 ], [ -74.112774265999974, 4.468890423000062 ], [ -74.112790143999973, 4.468880653000042 ], [ -74.112805847999937, 4.468870606000053 ], [ -74.112821375999943, 4.468860283000026 ], [ -74.11283672199994, 4.46884969000007 ], [ -74.112851881999973, 4.468838832000074 ], [ -74.112866848999943, 4.468827711000074 ], [ -74.112881620999985, 4.46881632700007 ], [ -74.112896192999983, 4.468804686000055 ], [ -74.112910560999978, 4.468792793000034 ], [ -74.112924719999967, 4.468780648000063 ], [ -74.112938664999945, 4.468768259000058 ], [ -74.112952391999954, 4.468755626000075 ], [ -74.11296589799997, 4.46874275600004 ], [ -74.112979176999943, 4.468729648000021 ], [ -74.112992227999939, 4.468716315000052 ], [ -74.113005042999987, 4.468702751000023 ], [ -74.113017622999962, 4.468688966000059 ], [ -74.113029958999959, 4.468674964000058 ], [ -74.113042049999933, 4.468660746000069 ], [ -74.113053893999961, 4.468646319000072 ], [ -74.113065482999957, 4.468631688000073 ], [ -74.113076815999989, 4.46861685500005 ], [ -74.113087887999939, 4.468601826000054 ], [ -74.113098701999945, 4.468586604000052 ], [ -74.113109245999965, 4.468571198000063 ], [ -74.113119518999952, 4.468555607000042 ], [ -74.113129519999973, 4.468539838000027 ], [ -74.113139248999971, 4.468523899000047 ], [ -74.113152629999945, 4.468500887000062 ], [ -74.113359998999954, 4.468023403000075 ], [ -74.113363500999981, 4.468011829000034 ], [ -74.113367202999939, 4.46800031600003 ], [ -74.113371106999978, 4.467988871000045 ], [ -74.113375207999979, 4.46797749600006 ], [ -74.113379504999955, 4.467966195000031 ], [ -74.113384000999986, 4.467954970000051 ], [ -74.113388690999955, 4.467943826000067 ], [ -74.113393572999939, 4.467932763000022 ], [ -74.113398645999951, 4.467921791000038 ], [ -74.113403908999942, 4.467910907000032 ], [ -74.113409359999935, 4.467900119000035 ], [ -74.113415, 4.467889429000024 ], [ -74.113420822999956, 4.467878837000058 ], [ -74.11342682999998, 4.467868349000071 ], [ -74.113433018999956, 4.467857969000022 ], [ -74.11343938899995, 4.467847696000035 ], [ -74.113445934999959, 4.467837540000062 ], [ -74.113452654999946, 4.46782749700003 ], [ -74.113459550999949, 4.467817576000073 ], [ -74.113466617999961, 4.46780777500004 ], [ -74.113473853999949, 4.467798102000074 ], [ -74.113481254999954, 4.467788554000037 ], [ -74.113488823999944, 4.467779138000026 ], [ -74.113496552999948, 4.467769858000054 ], [ -74.113504444999933, 4.467760714000065 ], [ -74.113512491999984, 4.467751707000048 ], [ -74.113520696999956, 4.467742845000032 ], [ -74.113529053999969, 4.467734128000075 ], [ -74.113537561999976, 4.467725557000051 ], [ -74.113546215999975, 4.467717138000069 ], [ -74.113555015999964, 4.46770887200006 ], [ -74.113563957999986, 4.467700759000024 ], [ -74.113576874999978, 4.467689531000076 ], [ -74.113748485999963, 4.467589337000049 ], [ -74.113793015999988, 4.46756638100004 ], [ -74.113837141999966, 4.46754265200002 ], [ -74.113880844999983, 4.467518151000036 ], [ -74.113924116999954, 4.467492889000027 ], [ -74.113966941999934, 4.467466872000045 ], [ -74.114009308999982, 4.467440110000041 ], [ -74.114051205999942, 4.467412610000054 ], [ -74.114092614999947, 4.467384379000066 ], [ -74.114133529999947, 4.46735542700003 ], [ -74.114173931999972, 4.467325765000055 ], [ -74.114213814999971, 4.467295399000022 ], [ -74.114253162999944, 4.467264338000064 ], [ -74.11429196499995, 4.467232593000062 ], [ -74.114330206999966, 4.467200173000037 ], [ -74.114367882999943, 4.467167088000053 ], [ -74.114404975999946, 4.467133349000051 ], [ -74.114441472999943, 4.467098963000069 ], [ -74.114477371999953, 4.467063947000042 ], [ -74.114512654999942, 4.467028305000042 ], [ -74.114547312999946, 4.466992051000034 ], [ -74.114603680999949, 4.466930268000056 ], [ -74.114636620999988, 4.466892434000044 ], [ -74.114668897999934, 4.466854028000057 ], [ -74.114700499999969, 4.466815064000059 ], [ -74.114731420999988, 4.466775552000058 ], [ -74.114761650999981, 4.466735504000042 ], [ -74.114791178999951, 4.466694933000042 ], [ -74.114819997999973, 4.466653849000068 ], [ -74.114848096999935, 4.466612268000063 ], [ -74.11487546799998, 4.46657020300006 ], [ -74.114902104999942, 4.466527663000022 ], [ -74.114927997999985, 4.466484663000074 ], [ -74.114953138999965, 4.466441214000042 ], [ -74.114977519999968, 4.466397335000067 ], [ -74.115014574999975, 4.466326959000071 ], [ -74.115441379999936, 4.46550207000007 ], [ -74.116257276999988, 4.463932352000029 ], [ -74.116277483999966, 4.463892 ], [ -74.11629838999994, 4.46385200800006 ], [ -74.116319984999961, 4.463812389000054 ], [ -74.116342269999961, 4.463773153000034 ], [ -74.116365231999964, 4.463734313000032 ], [ -74.116388865999966, 4.463695883000071 ], [ -74.116413164999983, 4.463657871000066 ], [ -74.116438119999941, 4.463620291000041 ], [ -74.11646372499996, 4.463583154000048 ], [ -74.116489971999954, 4.463546471000029 ], [ -74.116516854999986, 4.463510253000038 ], [ -74.116544363999935, 4.463474512000062 ], [ -74.116572486999985, 4.463439258000051 ], [ -74.11660121999995, 4.463404503000049 ], [ -74.116630552999936, 4.463370255000029 ], [ -74.116660476999982, 4.46333652800007 ], [ -74.116690983999945, 4.463303327000062 ], [ -74.116722062999941, 4.463270668000064 ], [ -74.116753703999962, 4.463238558000057 ], [ -74.116785898999979, 4.463207007000051 ], [ -74.116818638999973, 4.463176025000053 ], [ -74.116851911999959, 4.463145619000045 ], [ -74.116885708999973, 4.46311580400004 ], [ -74.116920016999984, 4.463086583000063 ], [ -74.116954831999976, 4.463057969000033 ], [ -74.11699013599997, 4.463029966000022 ], [ -74.117025920999936, 4.463002590000031 ], [ -74.117062180999937, 4.462975841000059 ], [ -74.117098896999948, 4.462949735000052 ], [ -74.117136062999975, 4.462924273000056 ], [ -74.117188806999934, 4.462889742000073 ], [ -74.117228386999955, 4.462866848000033 ], [ -74.117268358999979, 4.462844648000043 ], [ -74.117308710999964, 4.46282315600007 ], [ -74.11734943099998, 4.46280237000002 ], [ -74.117390503999957, 4.46278230300004 ], [ -74.11743192299997, 4.462762957000052 ], [ -74.117473667999946, 4.462744340000029 ], [ -74.117515734999984, 4.462726457000031 ], [ -74.117558103999954, 4.462709315000041 ], [ -74.117600764999963, 4.462692917000027 ], [ -74.117643705999967, 4.462677267000061 ], [ -74.117686908999985, 4.462662372000068 ], [ -74.117730367999968, 4.462648238000043 ], [ -74.117774064999935, 4.462634864000051 ], [ -74.117817986999967, 4.462622260000046 ], [ -74.117862120999973, 4.462610429000051 ], [ -74.117906456999947, 4.462599370000021 ], [ -74.117950975999975, 4.462589090000051 ], [ -74.117995667999935, 4.462579591000065 ], [ -74.118040518999976, 4.462570877000076 ], [ -74.118085512999983, 4.462562949000073 ], [ -74.118130638999958, 4.462555811000072 ], [ -74.118175882999935, 4.462549464000062 ], [ -74.118221226999935, 4.462543912000058 ], [ -74.118266664999965, 4.462539152000033 ], [ -74.118327874999977, 4.462534009000024 ], [ -74.118936609999935, 4.462489 ], [ -74.120007914999974, 4.462383663000026 ], [ -74.120461311999975, 4.46233109800005 ], [ -74.120913887999961, 4.462271849000047 ], [ -74.120972149999943, 4.462263260000043 ], [ -74.121030254999937, 4.462253649000047 ], [ -74.121088181999937, 4.462243024000031 ], [ -74.121145917999968, 4.462231385000052 ], [ -74.121203442999956, 4.462218737000057 ], [ -74.121260737999989, 4.462205084000061 ], [ -74.121317786999953, 4.462190429000032 ], [ -74.121374572999969, 4.46217477700003 ], [ -74.121431075999965, 4.462158131000024 ], [ -74.121487282999965, 4.462140499000043 ], [ -74.121543173999953, 4.462121887000023 ], [ -74.121598732999985, 4.462102296000069 ], [ -74.121653942999956, 4.462081735000027 ], [ -74.121708786999989, 4.46206021200004 ], [ -74.121763248999969, 4.462037731000066 ], [ -74.121817312999951, 4.462014298000042 ], [ -74.121870958999978, 4.461989924000022 ], [ -74.121924171999979, 4.461964612000031 ], [ -74.121976939999968, 4.461938373000066 ], [ -74.122029239999961, 4.461911213000064 ], [ -74.12208106199995, 4.461883142000033 ], [ -74.122132387999955, 4.461854166000023 ], [ -74.122183202999963, 4.461824296000032 ], [ -74.122233489999985, 4.461793540000031 ], [ -74.122313648999977, 4.461741959000051 ], [ -74.122362105999969, 4.461708710000039 ], [ -74.12240997899994, 4.46167461400006 ], [ -74.122457250999958, 4.461639687000059 ], [ -74.122503908999988, 4.461603936000074 ], [ -74.122549936999974, 4.461567372000047 ], [ -74.122595324999963, 4.461530010000047 ], [ -74.122640052999941, 4.461491857000055 ], [ -74.122684111999945, 4.461452927000039 ], [ -74.122727486999963, 4.461413230000062 ], [ -74.122770166999942, 4.461372780000033 ], [ -74.122812134999947, 4.461331588000064 ], [ -74.122853382999949, 4.461289670000042 ], [ -74.122893892999969, 4.461247033000063 ], [ -74.122933656999976, 4.461203694000062 ], [ -74.122972660999949, 4.461159665000025 ], [ -74.123010891999968, 4.461114959000042 ], [ -74.123048340999958, 4.461069590000022 ], [ -74.123084993999953, 4.461023572000045 ], [ -74.12312084399997, 4.460976919000075 ], [ -74.123155872999973, 4.460929646000068 ], [ -74.123190079999972, 4.460881766000057 ], [ -74.123223443999962, 4.460833295000043 ], [ -74.123255964999942, 4.46078424600006 ], [ -74.123287625999978, 4.460734635000051 ], [ -74.12331841699995, 4.460684477000029 ], [ -74.123348334999946, 4.460633788000052 ], [ -74.123377365999943, 4.46058258000005 ], [ -74.123405500999979, 4.460530875000075 ], [ -74.123432733999948, 4.460478683000076 ], [ -74.12347131699994, 4.460400677000052 ], [ -74.123943947999976, 4.459319441000048 ], [ -74.123954255999934, 4.459284661000027 ], [ -74.123965165999948, 4.459250065000049 ], [ -74.123976673999948, 4.459215666000034 ], [ -74.123988778999944, 4.459181475000037 ], [ -74.124001478999958, 4.459147500000029 ], [ -74.124014766999949, 4.459113754000043 ], [ -74.12402863899996, 4.459080245000052 ], [ -74.124043091999965, 4.459046985000043 ], [ -74.124058120999962, 4.459013982000045 ], [ -74.124073720999945, 4.458981247000054 ], [ -74.124089889999937, 4.458948791000068 ], [ -74.124121553999942, 4.458889010000064 ], [ -74.124192294999943, 4.458792881000022 ], [ -74.124264694999965, 4.45869800600002 ], [ -74.124338733999934, 4.458604413000046 ], [ -74.12441438999997, 4.45851213100002 ], [ -74.124491637999938, 4.458421190000024 ], [ -74.124570456999948, 4.458331613000041 ], [ -74.124650820999989, 4.458243433000064 ], [ -74.124732705999975, 4.45815667200003 ], [ -74.124816086999942, 4.45807135900003 ], [ -74.124900938999986, 4.457987520000074 ], [ -74.124987234999935, 4.457905178000033 ], [ -74.125036283999975, 4.457859987000063 ], [ -74.125077007999948, 4.45793524000004 ], [ -74.125116125999966, 4.458001908000028 ], [ -74.125139626999953, 4.458060807000038 ], [ -74.125194367999939, 4.458088281000073 ], [ -74.125237358999982, 4.458119637000038 ], [ -74.125303358999986, 4.45816067100003 ], [ -74.125312153999971, 4.458163427000045 ], [ -74.125355919999947, 4.458176563000052 ], [ -74.125400600999967, 4.458189630000049 ], [ -74.125446055999987, 4.458202485000072 ], [ -74.125492001999987, 4.458215198000062 ], [ -74.12553823099995, 4.458227629000021 ], [ -74.125584389999972, 4.458239777000074 ], [ -74.125630268999942, 4.458251503000042 ], [ -74.125675580999939, 4.458262803000025 ], [ -74.125720261999959, 4.458273752000025 ], [ -74.125764662999984, 4.458284418000062 ], [ -74.125809271999969, 4.458295082000063 ], [ -74.125854655999944, 4.458306030000074 ], [ -74.125901237999983, 4.458317474000069 ], [ -74.125949505999984, 4.458329552000066 ], [ -74.126000097999963, 4.458342688000073 ], [ -74.126053433999971, 4.458357026000044 ], [ -74.126109793999944, 4.458372635000046 ], [ -74.126168616999962, 4.458389235000027 ], [ -74.126229130999945, 4.458406397000033 ], [ -74.126290556999948, 4.458423488000051 ], [ -74.126352056999963, 4.458440229000075 ], [ -74.126412850999941, 4.458455979000064 ], [ -74.126472166999974, 4.45847038900007 ], [ -74.126529302999984, 4.458482961000072 ], [ -74.126583552999989, 4.458493202000056 ], [ -74.126635270999941, 4.458501327000022 ], [ -74.126685017999989, 4.458507190000034 ], [ -74.126733355999988, 4.458511076000036 ], [ -74.12678071299996, 4.458512985000027 ], [ -74.126827714999934, 4.458513057000062 ], [ -74.12687485899994, 4.458511435000048 ], [ -74.126922635999961, 4.45850804600002 ], [ -74.126971538999953, 4.458503175000033 ], [ -74.127021357999979, 4.458496892000028 ], [ -74.12707187999996, 4.458489618000044 ], [ -74.127122822999979, 4.458481430000063 ], [ -74.127173906999985, 4.458472603000075 ], [ -74.127224852999973, 4.458463424000058 ], [ -74.127275443999963, 4.458454106000033 ], [ -74.127325402999986, 4.458444854000049 ], [ -74.127374516999964, 4.458435959000042 ], [ -74.127422715999955, 4.458427414000028 ], [ -74.127470071999937, 4.458419366000044 ], [ -74.127516512999989, 4.458411880000028 ], [ -74.127562108999939, 4.458405034000066 ], [ -74.127606790999948, 4.458398890000069 ], [ -74.127650697999968, 4.458393596000064 ], [ -74.127693688999955, 4.458389148000037 ], [ -74.127735909999956, 4.458385618000023 ], [ -74.127777494999975, 4.458383077000065 ], [ -74.127818586999979, 4.458381384000063 ], [ -74.127859398999988, 4.458380537000039 ], [ -74.127900068999963, 4.458380611000052 ], [ -74.127940810999974, 4.458381459000066 ], [ -74.127981830999943, 4.458383084000047 ], [ -74.128023206999956, 4.458385488000033 ], [ -74.128065213999946, 4.458388667000065 ], [ -74.128107642999964, 4.458392481000033 ], [ -74.128150424999944, 4.458397002000027 ], [ -74.128193487999965, 4.45840208900006 ], [ -74.128236619999939, 4.45840781000004 ], [ -74.128279822999957, 4.45841402700006 ], [ -74.128322816999969, 4.458420807000039 ], [ -74.128365595999981, 4.458428013000059 ], [ -74.128408025999988, 4.458435712000039 ], [ -74.128450103999967, 4.458443693000049 ], [ -74.128491827999937, 4.45845188800007 ], [ -74.128533343999948, 4.458460221000053 ], [ -74.12857450599995, 4.458468627000059 ], [ -74.128615455999977, 4.458476963000066 ], [ -74.128656196999941, 4.458485155000062 ], [ -74.128696725999987, 4.458493066000074 ], [ -74.128737116999957, 4.458500694000065 ], [ -74.128777154999966, 4.458508393000045 ], [ -74.128816909999955, 4.458516658000065 ], [ -74.128856102999976, 4.45852584000005 ], [ -74.128894800999944, 4.458536433000063 ], [ -74.128932726999949, 4.458548936000057 ], [ -74.128969950999988, 4.458563697000045 ], [ -74.129006256999958, 4.458581211000023 ], [ -74.129041509999979, 4.458601764000036 ], [ -74.129075705999981, 4.458625141000027 ], [ -74.129108633999977, 4.458650989000034 ], [ -74.129140227999983, 4.45867888600003 ], [ -74.129170340999963, 4.45870861800006 ], [ -74.129198838999969, 4.458739621000063 ], [ -74.129225645999952, 4.458771684000055 ], [ -74.129250552999963, 4.458804453000027 ], [ -74.129273490999935, 4.45883750400003 ], [ -74.12929459999998, 4.458870768000054 ], [ -74.129313808999939, 4.458904242000074 ], [ -74.129331187999981, 4.458937718000072 ], [ -74.129346877999978, 4.458971193000025 ], [ -74.129360877999943, 4.459004596000057 ], [ -74.129373191999946, 4.459037790000025 ], [ -74.129384026999958, 4.459070770000039 ], [ -74.129393313999969, 4.459103468000023 ], [ -74.129401052999981, 4.459135600000025 ], [ -74.129407313999934, 4.459167099000069 ], [ -74.129412025999954, 4.459197678000066 ], [ -74.129415192999943, 4.459227267000074 ], [ -74.129416879999951, 4.459255658000075 ], [ -74.129417019999948, 4.459282706000067 ], [ -74.129415542999936, 4.459308129000021 ], [ -74.129412584999955, 4.459331857000052 ], [ -74.129408222999984, 4.459354245000043 ], [ -74.129402521999964, 4.459375572000056 ], [ -74.129395624999972, 4.459396193000032 ], [ -74.129387742999938, 4.459416461000046 ], [ -74.129378805999977, 4.459436728000071 ], [ -74.129369165999947, 4.459457421000025 ], [ -74.129358751999973, 4.459478747000048 ], [ -74.129347773999939, 4.459501063000062 ], [ -74.129336092999949, 4.45952458000005 ], [ -74.129323567999961, 4.459549227000025 ], [ -74.129310057999987, 4.459575145000031 ], [ -74.12929541799997, 4.459602475000054 ], [ -74.129279516999986, 4.459631216000048 ], [ -74.129262276999953, 4.459661370000049 ], [ -74.129243488999975, 4.459693221000066 ], [ -74.129223152999941, 4.459726483000054 ], [ -74.129201760999933, 4.459760663000054 ], [ -74.12917973499998, 4.45979505400004 ], [ -74.129157778999968, 4.459828952000066 ], [ -74.129136457999948, 4.459861506000038 ], [ -74.129116192999959, 4.459892084000046 ], [ -74.129097614999978, 4.459919909000064 ], [ -74.129081360999976, 4.459944274000065 ], [ -74.129067709999958, 4.45996468200002 ], [ -74.129056521999985, 4.459982055000069 ], [ -74.12904744399998, 4.459997307000037 ], [ -74.129040054999962, 4.460011502000043 ], [ -74.129034073999946, 4.460025768000037 ], [ -74.129029145999937, 4.460041164000074 ], [ -74.129024854999955, 4.460058748000051 ], [ -74.129020913999966, 4.460079510000071 ], [ -74.129016971999988, 4.460104227000045 ], [ -74.129013101999988, 4.460132194000039 ], [ -74.12900929999995, 4.460162349000029 ], [ -74.129005780999989, 4.460193704000062 ], [ -74.129002542999956, 4.460225201000071 ], [ -74.12899972699995, 4.460255780000068 ], [ -74.128997333999962, 4.460284522000052 ], [ -74.128995573999987, 4.460310229000072 ], [ -74.128994447999958, 4.460332263000055 ], [ -74.128993882999964, 4.460351259000049 ], [ -74.128993953999952, 4.460368138000035 ], [ -74.128994587999955, 4.460383816000046 ], [ -74.12899564199995, 4.460399212000027 ], [ -74.12899718999995, 4.460415313000055 ], [ -74.128999158999989, 4.460433040000055 ], [ -74.129001551999977, 4.460453306000034 ], [ -74.129004223999971, 4.460476823000022 ], [ -74.129007249999972, 4.460503026000026 ], [ -74.129010693999987, 4.460531202000027 ], [ -74.129014564999977, 4.460560582000028 ], [ -74.129018856999949, 4.460590383000067 ], [ -74.12902356799998, 4.460619763000068 ], [ -74.129028845999983, 4.460648082000034 ], [ -74.129034543999978, 4.460674494000045 ], [ -74.129040807999957, 4.460698364000052 ], [ -74.129047559999947, 4.460719762000053 ], [ -74.129054735999944, 4.460738759000037 ], [ -74.129062335999947, 4.460755568000025 ], [ -74.129070356999989, 4.460770258000025 ], [ -74.129078658999958, 4.460782969000036 ], [ -74.129087313999946, 4.460793915000067 ], [ -74.129096179999976, 4.46080323800004 ], [ -74.129105326999934, 4.460811007000075 ], [ -74.129115035999973, 4.460817575000021 ], [ -74.129125520999935, 4.460823155000071 ], [ -74.129137060999938, 4.460828027000048 ], [ -74.129149935999976, 4.460832408000044 ], [ -74.129164500999934, 4.46083664400004 ], [ -74.129180897999959, 4.460840953000059 ], [ -74.12919954299997, 4.46084561400005 ], [ -74.129220582999949, 4.460850841000024 ], [ -74.129243520999978, 4.460856421000074 ], [ -74.129267866999953, 4.460862214000031 ], [ -74.129293126999983, 4.460867933000031 ], [ -74.129318739999974, 4.460873444000072 ], [ -74.129344210999989, 4.460878458000025 ], [ -74.129368977999945, 4.460882767000044 ], [ -74.129392479999979, 4.460886157000061 ], [ -74.129414434999944, 4.460888488000023 ], [ -74.129434770999978, 4.46088990100003 ], [ -74.12945383899995, 4.460890537000068 ], [ -74.129471709999962, 4.460890537000068 ], [ -74.129488740999989, 4.460890114000051 ], [ -74.129504993999944, 4.46088940900006 ], [ -74.129520754999987, 4.460888634000071 ], [ -74.129536236999968, 4.460887927000044 ], [ -74.129551503999949, 4.460887574000026 ], [ -74.129566843999953, 4.460887787000047 ], [ -74.12958211199998, 4.46088891900007 ], [ -74.129597381999986, 4.460891248000053 ], [ -74.129612792999978, 4.460895204000053 ], [ -74.129628270999945, 4.460900995000031 ], [ -74.129644032999977, 4.460909048000076 ], [ -74.12965993399996, 4.460919570000044 ], [ -74.129676047999965, 4.460932918000026 ], [ -74.129692159999934, 4.460948526000038 ], [ -74.129708063999942, 4.46096589900003 ], [ -74.129723331999969, 4.460984544000041 ], [ -74.129737825999939, 4.461003824000045 ], [ -74.129751194999983, 4.461023315000034 ], [ -74.129763155999967, 4.461042384000052 ], [ -74.129773567999962, 4.461060463000024 ], [ -74.129782081999963, 4.461077271000022 ], [ -74.129789118999952, 4.461092949000033 ], [ -74.129795097999988, 4.461107921000064 ], [ -74.129800375999935, 4.461122540000076 ], [ -74.129805371999964, 4.461137300000075 ], [ -74.129810506999945, 4.461152484000024 ], [ -74.129816204999941, 4.461168585000053 ], [ -74.129822891999936, 4.461185957000055 ], [ -74.129830840999944, 4.461204815000031 ], [ -74.129839846999971, 4.461224799000036 ], [ -74.129849697999987, 4.461245563000034 ], [ -74.129860109999981, 4.461266609000063 ], [ -74.12987080399995, 4.461287372000072 ], [ -74.129881427999976, 4.461307499000043 ], [ -74.129891842999939, 4.461326426000028 ], [ -74.129901693999955, 4.461343799000076 ], [ -74.12991077099997, 4.461359195000057 ], [ -74.129919070999961, 4.461372966000056 ], [ -74.129926530999967, 4.461385466000024 ], [ -74.129933214999937, 4.461397118000036 ], [ -74.129939195999953, 4.46140834800002 ], [ -74.129944472999966, 4.461419577000072 ], [ -74.12994897599998, 4.461431160000075 ], [ -74.129952843999945, 4.461443589000055 ], [ -74.12995601199998, 4.461457149000069 ], [ -74.129958543999976, 4.461471484000072 ], [ -74.12996044099998, 4.461486314000069 ], [ -74.129961708999986, 4.461501143000021 ], [ -74.129962410999951, 4.461515692000035 ], [ -74.129962411999941, 4.461529534000022 ], [ -74.129961919999971, 4.461542247000068 ], [ -74.129960793999942, 4.461553405000075 ], [ -74.129959103999965, 4.461562868000044 ], [ -74.12995657099998, 4.461570848000065 ], [ -74.12995312299995, 4.461577697000052 ], [ -74.129948549999938, 4.461583982000036 ], [ -74.129942495999956, 4.461590057000024 ], [ -74.129934968999976, 4.46159627000003 ], [ -74.129925607999951, 4.461603120000063 ], [ -74.129914208999935, 4.461610959000041 ], [ -74.129900838999959, 4.461620210000035 ], [ -74.129885712999965, 4.461630520000028 ], [ -74.12986931599994, 4.461641678000035 ], [ -74.12985221799994, 4.461653400000046 ], [ -74.129834836999976, 4.461665334000031 ], [ -74.129817666999941, 4.461677128000076 ], [ -74.129801130999965, 4.461688567000067 ], [ -74.12978579199995, 4.461699233000047 ], [ -74.129771929999947, 4.461709047000056 ], [ -74.129759333999971, 4.461718228000052 ], [ -74.129747512999984, 4.461727266000025 ], [ -74.129736041999934, 4.461736447000021 ], [ -74.129724642999975, 4.461746333000065 ], [ -74.129712751999989, 4.461757209000041 ], [ -74.129700014999969, 4.461769496000045 ], [ -74.129686012999969, 4.46178369200004 ], [ -74.129670461999979, 4.461800004000054 ], [ -74.129653642999983, 4.461818365000056 ], [ -74.12963591099998, 4.461838563000072 ], [ -74.12961768699995, 4.461860313000045 ], [ -74.129599320999944, 4.461883405000037 ], [ -74.129581163999944, 4.461907556000028 ], [ -74.129563714999961, 4.461932628000056 ], [ -74.129547247999938, 4.461958332000052 ], [ -74.129532117999986, 4.461984461000043 ], [ -74.129518115999986, 4.462011157000063 ], [ -74.129505026999936, 4.462038416000041 ], [ -74.129492570999957, 4.462066381000056 ], [ -74.129480466999951, 4.46209512400003 ], [ -74.129468503999988, 4.46212485500007 ], [ -74.129456402999949, 4.462155575000054 ], [ -74.129443875999982, 4.462187495000023 ], [ -74.129430785999944, 4.462220474000048 ], [ -74.129417344999979, 4.462254443000063 ], [ -74.129403833999959, 4.462288977000071 ], [ -74.129390674999968, 4.46232393300005 ], [ -74.129378007999946, 4.46235882000002 ], [ -74.129366256999958, 4.462393423000037 ], [ -74.12935577199994, 4.462427462000051 ], [ -74.129346690999967, 4.46246065400004 ], [ -74.129339444999971, 4.462492716000042 ], [ -74.129333813999949, 4.462524001000077 ], [ -74.129329801999972, 4.462554792000049 ], [ -74.129327197999942, 4.462585512000032 ], [ -74.129325859999938, 4.462616586000024 ], [ -74.129325646999973, 4.462648365000064 ], [ -74.129326491999961, 4.462681132000057 ], [ -74.129328249999958, 4.462715384000035 ], [ -74.129330710999966, 4.462751261000051 ], [ -74.129333944999985, 4.462788124000042 ], [ -74.129337885999973, 4.462825130000056 ], [ -74.129342668999982, 4.462861500000031 ], [ -74.129348154999946, 4.462896458000046 ], [ -74.129354417999934, 4.46292915500004 ], [ -74.129361452999945, 4.462958745000037 ], [ -74.129369262999944, 4.462984452000057 ], [ -74.129377775999956, 4.463005640000063 ], [ -74.129387062999967, 4.463022448000061 ], [ -74.129396843999984, 4.463035159000071 ], [ -74.129407116999971, 4.463044128000035 ], [ -74.129417740999941, 4.463049708000028 ], [ -74.129428717999986, 4.463052180000034 ], [ -74.12943983599996, 4.463051828000062 ], [ -74.12945102499998, 4.463049004000027 ], [ -74.129462141999966, 4.463044129000025 ], [ -74.129473260999987, 4.463037562000068 ], [ -74.129484377999972, 4.463029937000044 ], [ -74.129495283999972, 4.463021673000071 ], [ -74.129506120999963, 4.463013270000033 ], [ -74.129516745999979, 4.463005361000057 ], [ -74.12952723099994, 4.462998299000049 ], [ -74.129537503999984, 4.462992791000033 ], [ -74.129547495999986, 4.462989119000042 ], [ -74.129557347999935, 4.462987496000039 ], [ -74.129566986999976, 4.462988131000031 ], [ -74.129576485999962, 4.462991027000044 ], [ -74.129585843999962, 4.46299646600005 ], [ -74.129595131999963, 4.463004375000025 ], [ -74.129604279999967, 4.463015109000025 ], [ -74.129613495999934, 4.463028598000051 ], [ -74.129622643999937, 4.463044911000054 ], [ -74.129631578999977, 4.46306376800004 ], [ -74.129640301999984, 4.463084743000024 ], [ -74.129648464999946, 4.463107342000058 ], [ -74.129656064999949, 4.463131212000064 ], [ -74.129662887999984, 4.463155860000029 ], [ -74.129668796999965, 4.463180860000023 ], [ -74.129673582999942, 4.463205859000027 ], [ -74.129677239999978, 4.463230366000062 ], [ -74.129679772999964, 4.463254094000035 ], [ -74.129681460999961, 4.463276764000057 ], [ -74.129682374999959, 4.463298090000023 ], [ -74.129682655999943, 4.463317794000034 ], [ -74.129682655999943, 4.463335591000032 ], [ -74.129682302999981, 4.463351127000067 ], [ -74.129681949999963, 4.463364263000074 ], [ -74.129681527999935, 4.463374926000029 ], [ -74.129681104999975, 4.463384179000059 ], [ -74.129680260999976, 4.463393430000053 ], [ -74.129678852999973, 4.463404093000065 ], [ -74.129676741999958, 4.463417511000046 ], [ -74.129673643999979, 4.463435167000057 ], [ -74.12966942099996, 4.463458330000037 ], [ -74.129663721999975, 4.463488485000028 ], [ -74.129656542999953, 4.463526408000064 ], [ -74.129648239999938, 4.463570687000072 ], [ -74.129639231999988, 4.463619345000041 ], [ -74.129629939999973, 4.463670333000039 ], [ -74.129620792999958, 4.463721673000066 ], [ -74.129612276999978, 4.463771390000034 ], [ -74.129604744999938, 4.463817507000044 ], [ -74.129598764999969, 4.463857972000028 ], [ -74.129594611999948, 4.463891446000048 ], [ -74.129592358999957, 4.463918706000072 ], [ -74.129591794999953, 4.463941305000048 ], [ -74.129592920999983, 4.463960727000028 ], [ -74.129595592999976, 4.463978381000061 ], [ -74.12959981399996, 4.463995755000042 ], [ -74.129605373999937, 4.464014399000064 ], [ -74.129612197999961, 4.464035656000021 ], [ -74.129620289999934, 4.464060656000072 ], [ -74.129629646999945, 4.464088693000065 ], [ -74.129640270999971, 4.464118779000046 ], [ -74.129652160999967, 4.464149710000072 ], [ -74.129665458999966, 4.464180501000044 ], [ -74.12968009399998, 4.464210021000042 ], [ -74.12969613599995, 4.464237211000068 ], [ -74.129713656999968, 4.464260942000067 ], [ -74.129732653999952, 4.464280433000056 ], [ -74.12975298899994, 4.464295757000059 ], [ -74.129774588999965, 4.464307412000039 ], [ -74.129797387999986, 4.464315674000034 ], [ -74.129821242999981, 4.464321042000051 ], [ -74.129846080999982, 4.464323798000066 ], [ -74.129871833999971, 4.464324365000039 ], [ -74.129898290999961, 4.464323165000053 ], [ -74.129925450999963, 4.464320480000026 ], [ -74.129953316999945, 4.464316880000069 ], [ -74.129981814999951, 4.464312715000062 ], [ -74.130011015999969, 4.464308408000022 ], [ -74.130040779999945, 4.464304454000057 ], [ -74.130071316999988, 4.464301136000074 ], [ -74.130102419999957, 4.464298947000032 ], [ -74.130134224999949, 4.464298382000038 ], [ -74.130166592999956, 4.464299656000037 ], [ -74.130199312999935, 4.464302694000025 ], [ -74.130232031999981, 4.464307355000074 ], [ -74.130264399999987, 4.464313430000061 ], [ -74.130296133999934, 4.464320634000046 ], [ -74.130326881999963, 4.464328826000042 ], [ -74.130356293999967, 4.46433786800003 ], [ -74.130384017999972, 4.464347402000044 ], [ -74.130409910999958, 4.464357431000053 ], [ -74.130433905999951, 4.464367955000057 ], [ -74.130456282999944, 4.464379042000076 ], [ -74.130477178999968, 4.464390836000064 ], [ -74.130496668999967, 4.464403408000067 ], [ -74.130514893999987, 4.464416897000035 ], [ -74.130532131999985, 4.464431446000049 ], [ -74.130548457999964, 4.464447054000061 ], [ -74.130564076999974, 4.464463932000058 ], [ -74.130579275999935, 4.464482084000053 ], [ -74.130594615999939, 4.464501576000032 ], [ -74.130610304999948, 4.464522407000061 ], [ -74.130626911999968, 4.464544796000041 ], [ -74.130644780999944, 4.464568666000048 ], [ -74.130664271999933, 4.464594090000048 ], [ -74.130685803999938, 4.464621140000077 ], [ -74.130709585999966, 4.464649812000062 ], [ -74.130735197999968, 4.464679968000041 ], [ -74.130762075999939, 4.46471146600004 ], [ -74.130789447999973, 4.464743953000038 ], [ -74.130816888999959, 4.46477728800005 ], [ -74.130843626999933, 4.46481125400004 ], [ -74.130869166999958, 4.46484564900004 ], [ -74.130892738999989, 4.464880324000035 ], [ -74.130914057999973, 4.464915002000055 ], [ -74.130932983999969, 4.464949889000025 ], [ -74.130949940999983, 4.464985200000058 ], [ -74.130965068999956, 4.465021073000059 ], [ -74.130978648999985, 4.465057658000035 ], [ -74.130990819999965, 4.465095158000054 ], [ -74.131001864999973, 4.465133858000058 ], [ -74.131012066999972, 4.465173831000072 ], [ -74.131016079999938, 4.465191485000048 ], [ -74.131027263999954, 4.465271852000058 ], [ -74.130998409999961, 4.465405892000035 ], [ -74.130983910999987, 4.46553265600005 ], [ -74.130893698999955, 4.465673895000066 ], [ -74.130911708999975, 4.46580066000007 ], [ -74.130893691999972, 4.465923753000027 ], [ -74.130850338999949, 4.466170078000061 ], [ -74.13085033599998, 4.466318523000041 ], [ -74.130897265999977, 4.466430813000045 ], [ -74.130947782999954, 4.466546703000063 ], [ -74.131001959999935, 4.466691619000073 ], [ -74.131106655999986, 4.466879899000048 ], [ -74.131117489999951, 4.466984914000022 ], [ -74.131231968999941, 4.467150099000037 ], [ -74.131233515999952, 4.467182655000045 ], [ -74.131235695999976, 4.467223827000055 ], [ -74.13123836799997, 4.467267825000022 ], [ -74.13124146499996, 4.467314787000021 ], [ -74.131244979999963, 4.467364295000039 ], [ -74.131249129999958, 4.467415917000039 ], [ -74.131253772999969, 4.467469025000071 ], [ -74.131259117999946, 4.467523049000022 ], [ -74.13126516799997, 4.467577500000061 ], [ -74.131271921999939, 4.46763187800002 ], [ -74.131279447999987, 4.467685549000066 ], [ -74.131287820999944, 4.467738021000059 ], [ -74.131296965999979, 4.467789293000067 ], [ -74.13130674599995, 4.467839291000075 ], [ -74.131317158999934, 4.467888021000022 ], [ -74.131327992999957, 4.467935408000073 ], [ -74.13133924999994, 4.467981454000039 ], [ -74.131350788999953, 4.468026088000045 ], [ -74.13136260899995, 4.468069308000054 ], [ -74.131374497999957, 4.468111187000034 ], [ -74.131386531999965, 4.468151651000028 ], [ -74.131398703999935, 4.468190778000064 ], [ -74.131410873999982, 4.468228560000057 ], [ -74.131518946999961, 4.468515779000029 ], [ -74.131529992999958, 4.468541345000062 ], [ -74.131540689999952, 4.468565497000043 ], [ -74.131550960999959, 4.468588025000031 ], [ -74.131560741999976, 4.46860907000007 ], [ -74.13157038199995, 4.468628986000056 ], [ -74.131580089999943, 4.468648337000047 ], [ -74.131590082999935, 4.468667688000039 ], [ -74.131600706999961, 4.468687461000059 ], [ -74.131612244999985, 4.468708223000021 ], [ -74.131624909999971, 4.468730472000061 ], [ -74.131638982999959, 4.468754765000028 ], [ -74.131654742999956, 4.468781529000069 ], [ -74.131671982999933, 4.468810697000038 ], [ -74.131690698999989, 4.46884205300006 ], [ -74.13171061099996, 4.468875600000047 ], [ -74.131731649999949, 4.468911051000021 ], [ -74.131753671999945, 4.468948340000054 ], [ -74.131776398999989, 4.468987254000069 ], [ -74.131799829999977, 4.469027720000042 ], [ -74.131823751999946, 4.469069458000035 ], [ -74.131847815999947, 4.469111973000054 ], [ -74.13187180999995, 4.469154841000034 ], [ -74.131895308999958, 4.469197425000061 ], [ -74.131918107999979, 4.469239233000053 ], [ -74.131939849999981, 4.469279700000072 ], [ -74.131960253999978, 4.469318332000057 ], [ -74.131979039999976, 4.469354631000044 ], [ -74.131995927999981, 4.469388105000064 ], [ -74.132011194999961, 4.469419180000045 ], [ -74.132025265999971, 4.469448346000036 ], [ -74.132038353999974, 4.469476099000076 ], [ -74.132050948999961, 4.469502937000073 ], [ -74.132063331999973, 4.469529349000027 ], [ -74.132075856999961, 4.46955590400006 ], [ -74.132088942999985, 4.469583022000052 ], [ -74.132102733999943, 4.469611129000043 ], [ -74.132117508999954, 4.469640086000027 ], [ -74.132133200999988, 4.469669676000024 ], [ -74.132149876999961, 4.46969954900004 ], [ -74.132167537999976, 4.469729635000022 ], [ -74.132186323999974, 4.469759579000026 ], [ -74.132206165999946, 4.469789097000046 ], [ -74.132227205999982, 4.46981805300004 ], [ -74.132249368999965, 4.469846232000066 ], [ -74.132272518999969, 4.469873420000056 ], [ -74.132296653999958, 4.469899552000072 ], [ -74.13232149199996, 4.469924624000043 ], [ -74.132347032999974, 4.46994849400005 ], [ -74.132372996999948, 4.469971093000026 ], [ -74.132399242999952, 4.469992421000029 ], [ -74.132425770999987, 4.470012196000027 ], [ -74.13245229599994, 4.470030629000064 ], [ -74.132478753999976, 4.470047930000021 ], [ -74.13250500099997, 4.470064601000047 ], [ -74.132530963999955, 4.470080984000049 ], [ -74.132556434999969, 4.470097652000049 ], [ -74.132581272999971, 4.470114956000032 ], [ -74.132605478999949, 4.470133247000035 ], [ -74.132628838999949, 4.47015316300002 ], [ -74.132651286999987, 4.470174844000042 ], [ -74.132672816999957, 4.470198431000028 ], [ -74.132693502999985, 4.470223928000053 ], [ -74.132713346999935, 4.470251258000076 ], [ -74.132732413999975, 4.470280426000045 ], [ -74.132750778999934, 4.470311287000072 ], [ -74.132768509999948, 4.470343914000068 ], [ -74.132785536999961, 4.470378307000033 ], [ -74.132801929999971, 4.470414254000048 ], [ -74.132817761999945, 4.47045133000006 ], [ -74.132832888999985, 4.470488901000067 ], [ -74.132847243999947, 4.470526401000029 ], [ -74.132860823999977, 4.470563407000043 ], [ -74.13287362899996, 4.470599141000037 ], [ -74.132885518999956, 4.470633182000029 ], [ -74.132896425999945, 4.470664891000069 ], [ -74.132906487999946, 4.470693917000062 ], [ -74.132915844999957, 4.470721106000042 ], [ -74.13292477899995, 4.470747448000054 ], [ -74.132933573999935, 4.470773788000031 ], [ -74.132942649999961, 4.470801262000066 ], [ -74.132952148999948, 4.470830852000063 ], [ -74.132962421999935, 4.470863550000047 ], [ -74.132973748999973, 4.470900343000039 ], [ -74.132986483999957, 4.470941727000024 ], [ -74.133001189999959, 4.470986291000031 ], [ -74.133018216999972, 4.471032053000044 ], [ -74.133038269999986, 4.471077181000055 ], [ -74.133061839999982, 4.471119767000062 ], [ -74.133089492999943, 4.47115776000004 ], [ -74.133121720999952, 4.471189401000061 ], [ -74.133095885999978, 4.471535301000074 ], [ -74.133032202999971, 4.47159914100007 ], [ -74.132930098999964, 4.471792005000054 ], [ -74.132802096999967, 4.472048709000035 ], [ -74.132650170999966, 4.472313322000048 ], [ -74.132566288999953, 4.472496371000034 ], [ -74.132491063999964, 4.472662398000068 ], [ -74.13237221199995, 4.472829273000059 ], [ -74.132259480999949, 4.473042827000029 ], [ -74.132184326999948, 4.473174039000071 ], [ -74.13207145299998, 4.473335759000065 ], [ -74.131666014999951, 4.473147047000054 ], [ -74.131491530999938, 4.47334124300005 ], [ -74.131326068999954, 4.47352537300003 ], [ -74.131248249999942, 4.473586298000043 ], [ -74.131140524999978, 4.473678587000052 ], [ -74.131024873999934, 4.473735984000029 ], [ -74.131085849999977, 4.473826202000055 ], [ -74.131046757999968, 4.473903758000063 ], [ -74.130863911999938, 4.474089153000023 ], [ -74.130722864999939, 4.47419418800007 ], [ -74.130534701999977, 4.474522950000051 ], [ -74.130243760999974, 4.475197558000048 ], [ -74.130299681999986, 4.475514304000058 ], [ -74.130383349999988, 4.475729538000053 ], [ -74.130362600999945, 4.47596364900005 ], [ -74.130351499999961, 4.476088626000035 ], [ -74.130350431999943, 4.476100650000035 ], [ -74.130317143999946, 4.476475443000027 ], [ -74.130312149999952, 4.476478200000031 ], [ -74.130240305999962, 4.476516246000074 ], [ -74.130167813999947, 4.476553033000073 ], [ -74.130094691999943, 4.476588541000069 ], [ -74.130020963999982, 4.476622764000069 ], [ -74.129946650999955, 4.47665569000003 ], [ -74.129871777999938, 4.476687310000045 ], [ -74.129782071999955, 4.476723184000036 ], [ -74.129695547999972, 4.476749459000075 ], [ -74.129608578999978, 4.47677421100002 ], [ -74.129521196999974, 4.476797437000073 ], [ -74.129433420999987, 4.47681913100007 ], [ -74.129345280999985, 4.476839283000061 ], [ -74.129256801999986, 4.47685788800004 ], [ -74.129168015999937, 4.476874940000073 ], [ -74.129078946999982, 4.47689043400004 ], [ -74.12898962099996, 4.476904367000031 ], [ -74.128900065999972, 4.476916732000063 ], [ -74.128810310999938, 4.476927527000043 ], [ -74.128720382999973, 4.47693674900006 ], [ -74.128584521999983, 4.476947669000026 ], [ -74.128570163999939, 4.476950016000046 ], [ -74.128555849999941, 4.476952615000073 ], [ -74.128541582999958, 4.476955463000024 ], [ -74.128527368999983, 4.47695856200005 ], [ -74.128513209999937, 4.476961908000021 ], [ -74.12849910999995, 4.47696550400002 ], [ -74.128485077999983, 4.476969342000075 ], [ -74.128471110999953, 4.476973429000054 ], [ -74.128457218999984, 4.476977758000032 ], [ -74.128443403999938, 4.476982330000055 ], [ -74.128429670999935, 4.476987143000031 ], [ -74.128416024999979, 4.476992197000072 ], [ -74.128402466999944, 4.476997490000031 ], [ -74.128389005999964, 4.477003018000062 ], [ -74.128375638999955, 4.477008782000041 ], [ -74.128362376999974, 4.477014778000068 ], [ -74.12834922199994, 4.47702100600003 ], [ -74.128336174999959, 4.477027464000059 ], [ -74.128323243999944, 4.477034149000076 ], [ -74.128310430999989, 4.477041057000065 ], [ -74.128297737999958, 4.477048192000041 ], [ -74.128285170999959, 4.477055548000067 ], [ -74.128272735999985, 4.477063120000025 ], [ -74.128260434999959, 4.477070913000034 ], [ -74.128248268999982, 4.477078918000075 ], [ -74.128236247999951, 4.477087135000033 ], [ -74.128220528999975, 4.477098352000041 ], [ -74.128191002999984, 4.477278708000028 ], [ -74.128188992999981, 4.477310609000028 ], [ -74.128187538999953, 4.477342542000031 ], [ -74.128186641999946, 4.47737449400006 ], [ -74.128186298999935, 4.477406460000054 ], [ -74.128186513999935, 4.477438426000049 ], [ -74.128187283999978, 4.477470380000057 ], [ -74.128188608999949, 4.477502319000052 ], [ -74.128190487999973, 4.47753423000006 ], [ -74.128192922999972, 4.477566104000061 ], [ -74.128195910999978, 4.477597928000023 ], [ -74.128199453999969, 4.477629694000029 ], [ -74.128203546999941, 4.47766139700002 ], [ -74.128208190999942, 4.47769302100005 ], [ -74.128213383999935, 4.47772456000007 ], [ -74.128219123999941, 4.477756 ], [ -74.128225411999949, 4.477787338000041 ], [ -74.128232242999957, 4.477818561000049 ], [ -74.128239614999984, 4.477849659000071 ], [ -74.128247527999974, 4.477880623000033 ], [ -74.12825597899996, 4.47791144200005 ], [ -74.128264960999957, 4.477942110000072 ], [ -74.128274479999959, 4.477972617000034 ], [ -74.128284521999944, 4.478002950000075 ], [ -74.128295093999952, 4.478033104000076 ], [ -74.128306190999979, 4.478063069000029 ], [ -74.128317799999934, 4.478092834000051 ], [ -74.128334881999933, 4.478134050000051 ], [ -74.128765083999951, 4.479154459000029 ], [ -74.12877121799994, 4.479169981000041 ], [ -74.128777083999978, 4.479185609000069 ], [ -74.128782676999947, 4.479201338000053 ], [ -74.128787993999936, 4.479217161000065 ], [ -74.128793034999944, 4.479233076000071 ], [ -74.128797799999973, 4.479249076000031 ], [ -74.128802286999985, 4.479265158000032 ], [ -74.128806491999967, 4.479281315000037 ], [ -74.128810415999965, 4.479297545000065 ], [ -74.128814054999964, 4.479313839000042 ], [ -74.128817410999943, 4.479330195000045 ], [ -74.128820483999959, 4.479346608000071 ], [ -74.128823270999987, 4.479363072000069 ], [ -74.128825767999956, 4.479379582000035 ], [ -74.128827979999983, 4.479396134000069 ], [ -74.128829903999986, 4.479412720000028 ], [ -74.128831538999975, 4.479429340000024 ], [ -74.128832884999952, 4.479445987000076 ], [ -74.128833940999982, 4.479462652000052 ], [ -74.128834705999964, 4.479479334000075 ], [ -74.128835180999943, 4.479496028000028 ], [ -74.128835367999955, 4.479512726000053 ], [ -74.128835260999949, 4.479529425000067 ], [ -74.128834866999966, 4.479546119000076 ], [ -74.128834180999945, 4.479562805000057 ], [ -74.128833205999968, 4.479579477000073 ], [ -74.128831940999987, 4.479596128000026 ], [ -74.128830385999947, 4.479612752000037 ], [ -74.128828541999951, 4.479629350000039 ], [ -74.128826410999977, 4.479645914000059 ], [ -74.128823990999933, 4.479662434000033 ], [ -74.128821281999933, 4.479678912000054 ], [ -74.128818290999959, 4.479695339000045 ], [ -74.128815011999961, 4.479711712000039 ], [ -74.128811448999954, 4.479728025000043 ], [ -74.128807604999963, 4.479744271000072 ], [ -74.128803476999963, 4.479760449000025 ], [ -74.128799069999957, 4.479776554000068 ], [ -74.128794382999956, 4.479792576000023 ], [ -74.12878941699995, 4.479808516000048 ], [ -74.128784174999964, 4.479824366000059 ], [ -74.128778660999956, 4.479840120000063 ], [ -74.128772870999967, 4.479855776000022 ], [ -74.128766808999956, 4.479871328000058 ], [ -74.128760477999947, 4.479886772000043 ], [ -74.128753880999966, 4.47990210200004 ], [ -74.128747014999988, 4.479917315000023 ], [ -74.128739890999952, 4.479932404000067 ], [ -74.128732499999956, 4.479947369000058 ], [ -74.128723111999989, 4.47996549100003 ], [ -74.12871691099997, 4.479977401000042 ], [ -74.128710919999946, 4.479989418000059 ], [ -74.12870513699994, 4.480001540000046 ], [ -74.128699565999966, 4.48001376000002 ], [ -74.128694207999956, 4.480026075000069 ], [ -74.128689066999982, 4.480038484000033 ], [ -74.128684140999951, 4.480050981000034 ], [ -74.128679433999935, 4.48006355900003 ], [ -74.128674944999943, 4.480076222000037 ], [ -74.128670675999956, 4.480088959000057 ], [ -74.128666630999987, 4.480101770000033 ], [ -74.12866280999998, 4.480114649000029 ], [ -74.128659212999935, 4.480127594000066 ], [ -74.128655840999954, 4.480140600000027 ], [ -74.128652694999971, 4.480153661000031 ], [ -74.128649778999943, 4.480166778000068 ], [ -74.12864708799998, 4.480179943000053 ], [ -74.12864462999994, 4.480193153000073 ], [ -74.128642400999979, 4.480206403000068 ], [ -74.128640400999984, 4.480219691000059 ], [ -74.12863863299998, 4.480233012000042 ], [ -74.128637097999956, 4.48024636100007 ], [ -74.128635795999969, 4.480259735000061 ], [ -74.128634724999984, 4.480273131000047 ], [ -74.128633886999978, 4.480286544000023 ], [ -74.128633282999942, 4.480299969000043 ], [ -74.128632912999933, 4.480313402000036 ], [ -74.12863277699995, 4.480326840000032 ], [ -74.128632872999958, 4.480340278000028 ], [ -74.128633204999971, 4.480353713000056 ], [ -74.128633769999965, 4.480367138000076 ], [ -74.128634567999939, 4.480380554000021 ], [ -74.12863559699997, 4.480393953000032 ], [ -74.128636861999951, 4.480407332000027 ], [ -74.128638356999943, 4.48042068500007 ], [ -74.128640085999962, 4.480434011000057 ], [ -74.128642044999935, 4.480447305000041 ], [ -74.128644235999957, 4.480460562000076 ], [ -74.128646654999955, 4.480473779000022 ], [ -74.128649307999979, 4.480486952000035 ], [ -74.128652182999986, 4.480500078000034 ], [ -74.128655291999962, 4.480513149000046 ], [ -74.128658623999968, 4.480526163000036 ], [ -74.12866218399995, 4.48053912000006 ], [ -74.12866596799995, 4.480552010000054 ], [ -74.128669976999959, 4.480564832000027 ], [ -74.128674205999971, 4.48057758300007 ], [ -74.128678655999977, 4.480590257000074 ], [ -74.128683327999966, 4.480602851000071 ], [ -74.128688216999933, 4.480615362000037 ], [ -74.128693322999936, 4.480627786000071 ], [ -74.12869864399994, 4.480640118000053 ], [ -74.128704177999964, 4.480652354000028 ], [ -74.128709923999963, 4.480664491000027 ], [ -74.128715880999948, 4.480676527000071 ], [ -74.128722044999961, 4.480688456000053 ], [ -74.128734040999973, 4.480710312000042 ], [ -74.12874661099994, 4.480732819000025 ], [ -74.12875878899996, 4.480755545000022 ], [ -74.128770569999972, 4.480778477000058 ], [ -74.128781946999936, 4.48080161300004 ], [ -74.128792923999981, 4.480824947000031 ], [ -74.128803490999985, 4.480848469000023 ], [ -74.128813647999948, 4.480872169000065 ], [ -74.128823390999969, 4.480896048000034 ], [ -74.128832720999981, 4.48092009100003 ], [ -74.128841626999986, 4.480944295000029 ], [ -74.128850112999942, 4.480968652000058 ], [ -74.128858173999959, 4.480993153000043 ], [ -74.128865805999965, 4.481017790000067 ], [ -74.12887300899996, 4.481042560000049 ], [ -74.128879780999966, 4.481067449000022 ], [ -74.128886120999937, 4.48109245400002 ], [ -74.128892019999967, 4.481117568000059 ], [ -74.128897484999982, 4.481142780000027 ], [ -74.128902510999978, 4.481168085000036 ], [ -74.128907093999942, 4.481193472000029 ], [ -74.128911237999944, 4.481218936000062 ], [ -74.128914935999944, 4.481244471000025 ], [ -74.128918190999968, 4.481270066000036 ], [ -74.128921, 4.481295713000065 ], [ -74.128923360999977, 4.481321405000074 ], [ -74.12892527799994, 4.481347136000068 ], [ -74.128926744999944, 4.481372896000039 ], [ -74.128927764999958, 4.481398679000051 ], [ -74.128928334999955, 4.481424471000025 ], [ -74.128928456999972, 4.481450274000053 ], [ -74.128928129999963, 4.481476072000021 ], [ -74.128927354999973, 4.481501865000041 ], [ -74.128926130999957, 4.481527638000045 ], [ -74.128924457999972, 4.481553385000041 ], [ -74.128922338999985, 4.481579098000054 ], [ -74.128919773999939, 4.481604771000036 ], [ -74.128916760999971, 4.481630396000071 ], [ -74.128913304999969, 4.481655965000073 ], [ -74.128909402999966, 4.481681467000044 ], [ -74.128905058999976, 4.481706899000073 ], [ -74.128900274999978, 4.481732248000071 ], [ -74.128895048999937, 4.481757513000048 ], [ -74.128889385999969, 4.481782679000048 ], [ -74.128883283999983, 4.481807745000026 ], [ -74.128876746999936, 4.481832699000051 ], [ -74.128869778999956, 4.481857534000028 ], [ -74.128862379999987, 4.481882245000065 ], [ -74.12885455199995, 4.481906821000052 ], [ -74.128846296999939, 4.481931257000042 ], [ -74.128837617999977, 4.481955546000052 ], [ -74.128828519999956, 4.481979676000037 ], [ -74.128819001999943, 4.482003646000067 ], [ -74.128809068999942, 4.48202744300005 ], [ -74.128795105999984, 4.482059071000037 ], [ -74.128784841999959, 4.482082130000038 ], [ -74.128774982999971, 4.482105365000052 ], [ -74.128765527999974, 4.482128768000052 ], [ -74.12875648399995, 4.482152334000034 ], [ -74.128747847999989, 4.482176055000025 ], [ -74.128739627999948, 4.482199923000053 ], [ -74.128731824999988, 4.482223930000032 ], [ -74.128724437999949, 4.482248073000051 ], [ -74.128717472999938, 4.482272340000065 ], [ -74.128710930999944, 4.482296725000026 ], [ -74.128704812999956, 4.482321222000053 ], [ -74.128699123999979, 4.482345821000024 ], [ -74.128693862999967, 4.48237051600006 ], [ -74.128689030999965, 4.482395300000064 ], [ -74.128684633999967, 4.482420166000054 ], [ -74.128680666999969, 4.482445104000021 ], [ -74.128677134999975, 4.48247010800003 ], [ -74.128674037999986, 4.48249516900006 ], [ -74.128671378999968, 4.482520282000053 ], [ -74.128669155999944, 4.482545437000056 ], [ -74.12866736999996, 4.48257062700003 ], [ -74.128666023999983, 4.48259584300007 ], [ -74.128665113999944, 4.482621082000037 ], [ -74.128664645999947, 4.482646331000069 ], [ -74.128664613999945, 4.482671584000059 ], [ -74.128665023999986, 4.48269683500007 ], [ -74.128665872999989, 4.482722074000037 ], [ -74.128667159999964, 4.482747295000024 ], [ -74.128668883999978, 4.482772490000059 ], [ -74.128671044999976, 4.482797650000066 ], [ -74.128673645999982, 4.482822767000073 ], [ -74.12867668399997, 4.482847839000044 ], [ -74.128680154999984, 4.482872851000025 ], [ -74.128686217999984, 4.48291047400005 ], [ -74.128672742999981, 4.484529892000069 ], [ -74.128659267999979, 4.48614931000003 ], [ -74.128657415999953, 4.486258196000051 ], [ -74.128653669999949, 4.486367034000068 ], [ -74.128648028999976, 4.486475790000043 ], [ -74.12864050099995, 4.48658443000005 ], [ -74.128631084999938, 4.486692920000053 ], [ -74.128619782999976, 4.486801232000062 ], [ -74.128602809999961, 4.486937779000073 ], [ -74.128507866999939, 4.487819758000057 ], [ -74.128489925999986, 4.487973803000045 ], [ -74.128469309999957, 4.488127512000062 ], [ -74.128446025999949, 4.488280835000069 ], [ -74.128420076999987, 4.488433729000064 ], [ -74.128391475999933, 4.488586142000031 ], [ -74.128336612999988, 4.488844761000053 ], [ -74.128138565999961, 4.48958020300006 ], [ -74.129770220999944, 4.490791247000061 ], [ -74.129778944999941, 4.490797886000053 ], [ -74.129807160999974, 4.490818651000041 ], [ -74.129835728999979, 4.49083884700002 ], [ -74.129864579999946, 4.490858623000065 ], [ -74.129893852999942, 4.49087783300007 ], [ -74.129923405999989, 4.49089654900007 ], [ -74.129953309999962, 4.490914699000029 ], [ -74.129983569, 4.490932355000041 ], [ -74.130014036999967, 4.490949517000047 ], [ -74.130044856999973, 4.490966114000059 ], [ -74.130075958999953, 4.490982145000032 ], [ -74.130107340999984, 4.490997613000047 ], [ -74.13013893699997, 4.491012587000057 ], [ -74.13017081199996, 4.491026993000048 ], [ -74.130202969999971, 4.491040766000026 ], [ -74.130235338999967, 4.491054044000066 ], [ -74.130267918999948, 4.491066756000066 ], [ -74.130300707999936, 4.491078834000064 ], [ -74.130333708999956, 4.49109041600002 ], [ -74.13036692299994, 4.491101363000041 ], [ -74.130400345999988, 4.491111746000058 ], [ -74.130433911999944, 4.491121563000036 ], [ -74.130467619999934, 4.491130745000021 ], [ -74.130501534999951, 4.491139361000023 ], [ -74.13053559399998, 4.491147414000068 ], [ -74.130569719999983, 4.491154830000028 ], [ -74.130604059999939, 4.491161612000042 ], [ -74.130638470999941, 4.491167826000037 ], [ -74.130672948999973, 4.491173479000054 ], [ -74.13070756999997, 4.491178422000075 ], [ -74.130742259999977, 4.491182871000035 ], [ -74.130777021999961, 4.491186617000039 ], [ -74.130811782999956, 4.49118986700006 ], [ -74.130846684999938, 4.491192409000064 ], [ -74.130881586999976, 4.491194388000054 ], [ -74.130916489999947, 4.491195730000072 ], [ -74.130951462999974, 4.491196437000042 ], [ -74.130986433999965, 4.491196581000054 ], [ -74.131021407999981, 4.491196087000048 ], [ -74.131056308999973, 4.491194958000051 ], [ -74.131091281999943, 4.49119326400006 ], [ -74.131126114999972, 4.49119093500002 ], [ -74.131160945999966, 4.491188041000044 ], [ -74.131195777999949, 4.49118444000004 ], [ -74.131230468999945, 4.491180274000044 ], [ -74.131265088999953, 4.491175543000054 ], [ -74.131299639999952, 4.491170177000072 ], [ -74.131334119999963, 4.49116417700003 ], [ -74.131368458999987, 4.491157608000037 ], [ -74.131402657999956, 4.491150477000076 ], [ -74.131436716999985, 4.491142710000076 ], [ -74.131470702999934, 4.491134307000038 ], [ -74.131504481999968, 4.491125339000064 ], [ -74.13153811799998, 4.491115807000028 ], [ -74.13157160999998, 4.491105638000022 ], [ -74.131604894999953, 4.491094904000022 ], [ -74.131637968999939, 4.491083606000075 ], [ -74.131670898999971, 4.491071744000067 ], [ -74.131703551999976, 4.491059244000041 ], [ -74.131735989999981, 4.491046251000057 ], [ -74.13176821899998, 4.491032623000024 ], [ -74.131800236999936, 4.491018428000075 ], [ -74.131831972999976, 4.491003739000064 ], [ -74.131863428999964, 4.490988486000049 ], [ -74.131894669999951, 4.49097266800004 ], [ -74.131925562999982, 4.490956285000038 ], [ -74.131956173999981, 4.490939337000043 ], [ -74.131986501999961, 4.490921895000042 ], [ -74.132016549999946, 4.490903957000057 ], [ -74.13204624399998, 4.490885456000058 ], [ -74.132075657999962, 4.490866461000053 ], [ -74.132104720999962, 4.490846898000029 ], [ -74.132133361999934, 4.490826914000024 ], [ -74.132161719999942, 4.490806364000036 ], [ -74.132189725999979, 4.490785319000054 ], [ -74.132217381999965, 4.490763850000064 ], [ -74.132244614999934, 4.49074181800006 ], [ -74.132271424999942, 4.49071936200005 ], [ -74.132297883999968, 4.490696410000055 ], [ -74.132359810999958, 4.490640963000033 ], [ -74.132377393999946, 4.490578155000037 ], [ -74.132488277999983, 4.490322792000029 ], [ -74.132507192999981, 4.490231854000058 ], [ -74.132593577999955, 4.489977305000025 ], [ -74.132631410999977, 4.489834661000032 ], [ -74.132691671999964, 4.489670779000051 ], [ -74.132798500999968, 4.48949966400005 ], [ -74.132885871999974, 4.489394807000053 ], [ -74.132976485999961, 4.489320595000038 ], [ -74.133195177999937, 4.489176151000038 ], [ -74.133327403999942, 4.489068313000075 ], [ -74.133384781999951, 4.488972044000036 ], [ -74.133438823999938, 4.488901447000046 ], [ -74.133471159999942, 4.488863843000047 ], [ -74.133505026999956, 4.488827504000028 ], [ -74.13354015699997, 4.488792613000044 ], [ -74.133576815999959, 4.48875898700004 ], [ -74.133614734999981, 4.488726989000043 ], [ -74.133653736999975, 4.488696436000055 ], [ -74.133694089999949, 4.488667600000042 ], [ -74.133735430999934, 4.488640213000053 ], [ -74.133777944999963, 4.488614724000058 ], [ -74.133821358999967, 4.48859077000003 ], [ -74.13386576299996, 4.488568623000049 ], [ -74.133910889999981, 4.488548196000067 ], [ -74.133956916999978, 4.488529757000038 ], [ -74.134003572999973, 4.48851303500004 ], [ -74.134050858999956, 4.488498212000025 ], [ -74.134098596999934, 4.48848528700006 ], [ -74.134146962999978, 4.488474259000043 ], [ -74.134195690999945, 4.48846522100007 ], [ -74.134244690999935, 4.488458171000048 ], [ -74.13429395999998, 4.488452930000051 ], [ -74.13434340699996, 4.48844976700002 ], [ -74.134392945999934, 4.488448503000029 ], [ -74.134442484999965, 4.48844931800005 ], [ -74.134491932999936, 4.488452032000055 ], [ -74.134541291999938, 4.488456732000031 ], [ -74.134805376999964, 4.488427088000037 ], [ -74.135015329999987, 4.488399435000076 ], [ -74.135288872999979, 4.488370696000061 ], [ -74.135427119999974, 4.488346489000037 ], [ -74.135518010999988, 4.488330566000059 ], [ -74.13590927599995, 4.488240089000044 ], [ -74.136456994999946, 4.488075314000071 ], [ -74.136640916999966, 4.488045305000071 ], [ -74.136710000999983, 4.488036540000053 ], [ -74.136914370999989, 4.487977425000054 ], [ -74.137013537999962, 4.487952841000038 ], [ -74.137221055999987, 4.487997772000028 ], [ -74.13740777199996, 4.488039808000053 ], [ -74.137610606999942, 4.488098662000027 ], [ -74.137964844999942, 4.488368860000037 ], [ -74.138044914999966, 4.488477877000037 ], [ -74.138615320999975, 4.488772035000068 ], [ -74.138682691999975, 4.48881190000003 ], [ -74.138740334999966, 4.488857460000077 ], [ -74.138838599999985, 4.488898773000074 ], [ -74.138986403999979, 4.488942981000037 ], [ -74.139202480999984, 4.489066553000043 ], [ -74.139281738999955, 4.489085086000046 ], [ -74.139309841999989, 4.489125220000062 ], [ -74.139368475999959, 4.489168882000058 ], [ -74.139427558999955, 4.489236319000042 ], [ -74.139505920999966, 4.489293813000074 ], [ -74.139541407999957, 4.489332231000049 ], [ -74.139619318999962, 4.489325361000056 ], [ -74.13968732099994, 4.489341904000071 ], [ -74.139723167999989, 4.48938873000003 ], [ -74.13977639899997, 4.489411511000071 ], [ -74.139831520999962, 4.489411331000042 ], [ -74.139908440999989, 4.489465750000022 ], [ -74.14014063999997, 4.489498479000076 ], [ -74.140272952999965, 4.489429328000028 ], [ -74.140333210999984, 4.489425984000036 ], [ -74.140594054999951, 4.48929952800006 ], [ -74.140791940999975, 4.48920976900007 ], [ -74.140860754999949, 4.489181114000075 ], [ -74.140944607999984, 4.489239510000061 ], [ -74.140986310999949, 4.489237523000043 ], [ -74.141058996999959, 4.489230654000039 ], [ -74.141175638999982, 4.489200192000055 ], [ -74.141362623999953, 4.489189619000058 ], [ -74.141477463999934, 4.489113598000074 ], [ -74.141610766999975, 4.489167748000057 ], [ -74.141833150999958, 4.489113424000038 ], [ -74.141853056999935, 4.489014532000056 ], [ -74.14200131299998, 4.488949902000059 ], [ -74.142086608999989, 4.488936705000071 ], [ -74.142270531999941, 4.488820462000035 ], [ -74.142371410999942, 4.488845231000028 ], [ -74.142647114999988, 4.488874882000061 ], [ -74.142764475999968, 4.488880490000042 ], [ -74.142820047999976, 4.488899382000056 ], [ -74.142986315999963, 4.48897441400004 ], [ -74.143241303999957, 4.488979481000058 ], [ -74.143336416999944, 4.489011571000049 ], [ -74.143531596999935, 4.489032907000023 ], [ -74.143679942999938, 4.488989158000038 ], [ -74.143721466999978, 4.488995306000049 ], [ -74.143918808999956, 4.489066811000043 ], [ -74.144039589999977, 4.48911273300007 ], [ -74.144107773999963, 4.489172937000035 ], [ -74.144218827999964, 4.489252939000039 ], [ -74.144354472999964, 4.489345053000022 ], [ -74.144446343999959, 4.48936954900006 ], [ -74.14457036899995, 4.489394230000073 ], [ -74.144761317999951, 4.489416922000032 ], [ -74.144675477999954, 4.48960349400005 ], [ -74.144587747999935, 4.489768555000069 ], [ -74.144478400999958, 4.489975106000031 ], [ -74.14436815199997, 4.490181297000049 ], [ -74.144303211999954, 4.49032014200003 ], [ -74.144237998999984, 4.490449136000052 ], [ -74.144187018999958, 4.490548931000035 ], [ -74.144117391999941, 4.490684071000032 ], [ -74.144055151999964, 4.490801945000044 ], [ -74.144008043999975, 4.490891526000041 ], [ -74.143936436999979, 4.491024947000028 ], [ -74.143919951999976, 4.491057398000066 ], [ -74.143857173999947, 4.491187746000037 ], [ -74.143748366999944, 4.491169125000056 ], [ -74.143546701999981, 4.49112546200007 ], [ -74.143440959999964, 4.491101506000064 ], [ -74.143327651999982, 4.491079809000041 ], [ -74.143128418999936, 4.491042202000074 ], [ -74.142883337999933, 4.490996277000022 ], [ -74.142747511999971, 4.490986242000076 ], [ -74.142680227999961, 4.490980547000049 ], [ -74.142588898999975, 4.49097864600003 ], [ -74.142411280999966, 4.490977109000028 ], [ -74.142236453999942, 4.490975207000076 ], [ -74.141774574999943, 4.490980079000053 ], [ -74.141768356999989, 4.491168916000049 ], [ -74.141774117999944, 4.49131146700006 ], [ -74.141779338999982, 4.491615376000027 ], [ -74.141789424999956, 4.491800687000023 ], [ -74.141799958999968, 4.492007873000034 ], [ -74.141832468999951, 4.492348390000075 ], [ -74.141879565999943, 4.492772073000026 ], [ -74.141734371999974, 4.492914352000071 ], [ -74.141560172999959, 4.493086552000022 ], [ -74.141248883999936, 4.493379335000043 ], [ -74.141142960999957, 4.493475243000034 ], [ -74.141139627999962, 4.493525684000076 ], [ -74.141245187999971, 4.493667062000043 ], [ -74.14127310799995, 4.49377047400003 ], [ -74.141334712999935, 4.493909233000068 ], [ -74.142022036999947, 4.494264586000043 ], [ -74.14217470799997, 4.49401374100006 ], [ -74.142248841999958, 4.493774377000022 ], [ -74.142349814999989, 4.493455375000053 ], [ -74.143389858999967, 4.493419685000049 ], [ -74.143973783999968, 4.493387150000046 ], [ -74.144290833999946, 4.493373867000059 ], [ -74.144652735999955, 4.493352898000069 ], [ -74.144997974999967, 4.493336722000038 ], [ -74.145160553999972, 4.49332849700005 ], [ -74.145317453999951, 4.493323980000071 ], [ -74.145482826999967, 4.493313948000036 ], [ -74.145613516999958, 4.493307533000063 ], [ -74.145773031999965, 4.49329749900005 ], [ -74.145947497999941, 4.49329072300003 ], [ -74.146102510999981, 4.493282407000038 ], [ -74.146272291999935, 4.493276262000052 ], [ -74.146494405999988, 4.493268399000044 ], [ -74.146660675999954, 4.493257281000069 ], [ -74.146832711999934, 4.49324960000007 ], [ -74.146992765999983, 4.493243004000021 ], [ -74.14717101399998, 4.493228452000039 ], [ -74.147362143999942, 4.493225110000026 ], [ -74.14761522699996, 4.493177690000039 ], [ -74.147599385999968, 4.493530735000036 ], [ -74.147616139999968, 4.493697695000037 ], [ -74.147639014999982, 4.493815029000075 ], [ -74.147678465999945, 4.494020405000072 ], [ -74.147739710999986, 4.494267004000051 ], [ -74.147746013999949, 4.494493715000033 ], [ -74.147751776999939, 4.494667905000028 ], [ -74.147767808999959, 4.494948492000049 ], [ -74.147771319999947, 4.495109848000027 ], [ -74.147774379999987, 4.495390795000048 ], [ -74.147763840999971, 4.495457507000026 ], [ -74.146799003999945, 4.495426400000042 ], [ -74.146422598999948, 4.495470693000073 ], [ -74.14634504199995, 4.495997693000049 ], [ -74.147509567999975, 4.49598360400006 ], [ -74.147441833999949, 4.496155171000055 ], [ -74.147381484999983, 4.496289319000027 ], [ -74.147221874999957, 4.496723032000034 ], [ -74.147242138999957, 4.496870827000066 ], [ -74.147247812999979, 4.497008952000044 ], [ -74.147245469999973, 4.49717193400005 ], [ -74.147547019999934, 4.497988836000047 ], [ -74.147601420999933, 4.498161670000059 ], [ -74.147624297999982, 4.498334507000038 ], [ -74.147637266999936, 4.498493150000058 ], [ -74.14763645499994, 4.498792899000023 ], [ -74.147634473999972, 4.498861780000027 ], [ -74.147641404999945, 4.499105215000043 ], [ -74.147665182999958, 4.499332649000053 ], [ -74.147699949999947, 4.499481168000045 ], [ -74.147727960999987, 4.499590904000058 ], [ -74.147800826999969, 4.499816715000065 ], [ -74.147818659999984, 4.499906568000029 ], [ -74.14782052399994, 4.499964242000033 ], [ -74.146974381999939, 4.500414572000068 ], [ -74.145203925999965, 4.501322099000049 ], [ -74.143194281999968, 4.502352224000049 ], [ -74.142136832999938, 4.502880313000048 ], [ -74.141800862999958, 4.503048443000068 ], [ -74.14139049399995, 4.503262402000075 ], [ -74.141335097999956, 4.503286537000065 ], [ -74.141060378999953, 4.503424204000055 ], [ -74.14042320599998, 4.503744280000035 ], [ -74.140245221999976, 4.50383413000003 ], [ -74.139725324999972, 4.504078549000042 ], [ -74.139688123999974, 4.504094640000062 ], [ -74.139559500999951, 4.504144081000049 ], [ -74.139487893999956, 4.504181143000039 ], [ -74.139487441999961, 4.504240442000025 ], [ -74.139490862999935, 4.50434991000003 ], [ -74.139516081999943, 4.504443471000059 ], [ -74.139510675999986, 4.504512439000052 ], [ -74.139532472999974, 4.504593707000026 ], [ -74.13952139099996, 4.504641796000044 ], [ -74.139484730999982, 4.504701816000022 ], [ -74.139484008999943, 4.504746834000059 ], [ -74.13940204499994, 4.504803329000026 ], [ -74.139383308999982, 4.50484861700005 ], [ -74.139247026999954, 4.504931687000067 ], [ -74.139246395999976, 4.504975709000064 ], [ -74.139250718999961, 4.505023527000048 ], [ -74.139189827999985, 4.505113381000058 ], [ -74.139106239999933, 4.50518415800002 ], [ -74.13904372899998, 4.505284676000031 ], [ -74.13899175399996, 4.505463294000037 ], [ -74.138918340999965, 4.505542570000046 ], [ -74.138806201999955, 4.505612624000037 ], [ -74.138768730999971, 4.505689821000033 ], [ -74.138707842999963, 4.505729863000056 ], [ -74.138663705999988, 4.505744235000066 ], [ -74.138610473999961, 4.505789161000052 ], [ -74.138561651999964, 4.505847828000071 ], [ -74.138530395999965, 4.505915170000037 ], [ -74.138543001999949, 4.50609044600003 ], [ -74.138509945999942, 4.506122898000058 ], [ -74.138554615999965, 4.506407461000038 ], [ -74.138483815999962, 4.506577493000066 ], [ -74.138352485999974, 4.506758461000061 ], [ -74.138175582999963, 4.50687470500003 ], [ -74.13803939099995, 4.506996826000034 ], [ -74.137908063999987, 4.507096257000057 ], [ -74.13770918299997, 4.507160163000037 ], [ -74.137466975999985, 4.507312563000028 ], [ -74.137291872999981, 4.50744110200003 ], [ -74.137117578999948, 4.507605617000024 ], [ -74.137067769999987, 4.507637343000056 ], [ -74.136883030999968, 4.507712819000062 ], [ -74.136719998, 4.507809989000066 ], [ -74.136515171999974, 4.507915386000036 ], [ -74.136431401999971, 4.507939971000042 ], [ -74.136331871999971, 4.507957777000058 ], [ -74.136109572999942, 4.508057117000021 ], [ -74.136209095999959, 4.508273613000028 ], [ -74.136364822999951, 4.508637637000049 ], [ -74.136453450999966, 4.508835966000049 ], [ -74.136498393999943, 4.508945073000064 ], [ -74.136387691999971, 4.509042699000076 ], [ -74.135995600999934, 4.509261535000064 ], [ -74.13577050899994, 4.509344331000023 ], [ -74.135609728999952, 4.509353006000026 ], [ -74.135512001999984, 4.509410585000069 ], [ -74.135485337999967, 4.509474492000038 ], [ -74.135306812999943, 4.509510194000029 ], [ -74.135277358999986, 4.509561809000047 ], [ -74.134897341999988, 4.509585032000075 ], [ -74.134893016999968, 4.509636286000045 ], [ -74.134912644999986, 4.50992265800005 ], [ -74.135107741999946, 4.509897262000038 ], [ -74.135308695999981, 4.509873311000035 ], [ -74.135471094999957, 4.509865541000067 ], [ -74.135688081999945, 4.50985831600002 ], [ -74.135848228999976, 4.509850183000026 ], [ -74.136018645999968, 4.509849012000075 ], [ -74.136437752999939, 4.50982588200003 ], [ -74.136766427999987, 4.509850026000038 ], [ -74.136747143999969, 4.510236192000036 ], [ -74.136737138999933, 4.510484595000037 ], [ -74.136721188999957, 4.510859464000021 ], [ -74.136706228999969, 4.51119329200003 ], [ -74.136684601999946, 4.511644091000051 ], [ -74.13665386699995, 4.512486028000069 ], [ -74.136636475999978, 4.512795813000025 ], [ -74.136617009999952, 4.513213437000047 ], [ -74.136602413999981, 4.513417546000028 ], [ -74.136597905999963, 4.513637931000062 ], [ -74.136582399999952, 4.514086922000047 ], [ -74.136292911999988, 4.513943007000023 ], [ -74.13609177799998, 4.513896086000045 ], [ -74.135303561999933, 4.513462532000062 ], [ -74.135079917999974, 4.513252087000069 ], [ -74.134993088999977, 4.513100855000062 ], [ -74.134840869999948, 4.512985868000044 ], [ -74.134587772999964, 4.512711695000064 ], [ -74.134411411999963, 4.512630062000028 ], [ -74.134218748999956, 4.512609176000069 ], [ -74.134160381999948, 4.512514532000068 ], [ -74.134164890999955, 4.512400543000069 ], [ -74.133978088999982, 4.512014281000063 ], [ -74.133802898999988, 4.511923882000076 ], [ -74.133523046999983, 4.511818294000022 ], [ -74.133487384999967, 4.511531198000057 ], [ -74.133377227999972, 4.511515827000039 ], [ -74.133294904999957, 4.511377340000024 ], [ -74.133221587999969, 4.511345067000036 ], [ -74.13305990899994, 4.511258012000042 ], [ -74.132995685999958, 4.511242282000069 ], [ -74.132947769999987, 4.511159840000062 ], [ -74.132948223999961, 4.511093672000072 ], [ -74.132439138999985, 4.51089126200003 ], [ -74.132324023999956, 4.510999101000039 ], [ -74.13221323099998, 4.511075301000062 ], [ -74.132084154999973, 4.511189918000071 ], [ -74.131979036999951, 4.511313120000068 ], [ -74.131947688999958, 4.511385978000021 ], [ -74.131950027999949, 4.511512622000055 ], [ -74.132004871999982, 4.511908013000038 ], [ -74.131752818999985, 4.512797672000033 ], [ -74.131927627999971, 4.513637988000028 ], [ -74.132093521999934, 4.514244451000025 ], [ -74.132040912999969, 4.51449023400005 ], [ -74.132038386999966, 4.514629895000041 ], [ -74.132144903999972, 4.51596268000003 ], [ -74.132076086999973, 4.516070610000043 ], [ -74.132029060999969, 4.516267398000025 ], [ -74.131982038999979, 4.516458854000064 ], [ -74.131848268999988, 4.516800815000067 ], [ -74.131758452999975, 4.517199090000076 ], [ -74.131658014999971, 4.517441799000039 ], [ -74.131662786999982, 4.517510678000065 ], [ -74.131717727999956, 4.517640848000042 ], [ -74.131821210999988, 4.517969801000049 ], [ -74.131765534999943, 4.518343853000033 ], [ -74.131718060999958, 4.518560979000029 ], [ -74.131799120999972, 4.518729840000049 ], [ -74.13194520899998, 4.519115741000064 ], [ -74.131969968999954, 4.519468283000037 ], [ -74.131970229, 4.519787286000053 ], [ -74.131981665999945, 4.519883917000072 ], [ -74.132152799999972, 4.520104667000055 ], [ -74.13223475999996, 4.520371333000071 ], [ -74.132289699999944, 4.52049418200005 ], [ -74.132261680999989, 4.520701366000026 ], [ -74.132350131999942, 4.520839403000025 ], [ -74.132388859999935, 4.520919131000028 ], [ -74.132449655999949, 4.52101260400002 ], [ -74.132477307999977, 4.521081846000072 ], [ -74.132479916999955, 4.521140782000032 ], [ -74.132465952999951, 4.521258296000042 ], [ -74.132467298999984, 4.521412419000058 ], [ -74.13248116699998, 4.521578476000059 ], [ -74.132477832999939, 4.521655672000065 ], [ -74.132645175999983, 4.52209120200007 ], [ -74.132655532999934, 4.522194974000058 ], [ -74.132663722999951, 4.522379923000074 ], [ -74.132743249999976, 4.522645325000042 ], [ -74.132707215999972, 4.522790587000031 ], [ -74.132571107999979, 4.523046671000031 ], [ -74.132566960999952, 4.523180728000057 ], [ -74.132609722999973, 4.523480736000067 ], [ -74.132665122999981, 4.523869360000049 ], [ -74.132679257999939, 4.524049516000048 ], [ -74.13313650799995, 4.526138467000067 ], [ -74.133161723999933, 4.526277314000026 ], [ -74.133192344999941, 4.526449518000049 ], [ -74.133238998999957, 4.52664911100004 ], [ -74.133392203999961, 4.526995236000062 ], [ -74.133343381999964, 4.527104069000075 ], [ -74.13340814299994, 4.527196727000046 ], [ -74.133459212999981, 4.52724057000006 ], [ -74.133540009999933, 4.527288845000044 ], [ -74.133828063999943, 4.527446681000072 ], [ -74.133994424999969, 4.527646006000055 ], [ -74.134122055999967, 4.527890438000043 ], [ -74.13423914599997, 4.528112540000052 ], [ -74.134392900999956, 4.528269650000027 ], [ -74.134607991999985, 4.528475034000053 ], [ -74.134902892999946, 4.528607559000022 ], [ -74.135453060999964, 4.528955052000072 ], [ -74.135516829999972, 4.529093448000026 ], [ -74.135422428999959, 4.529185196000071 ], [ -74.135317580999981, 4.529244495000057 ], [ -74.135194087999935, 4.529342929000052 ], [ -74.135169853999969, 4.529448872000046 ], [ -74.135198135999985, 4.529580579000026 ], [ -74.134938336999937, 4.530422781000027 ], [ -74.134937069999978, 4.530641898000056 ], [ -74.134968950999962, 4.530850893000036 ], [ -74.134948948999977, 4.53103376100006 ], [ -74.134768882999936, 4.531290839000064 ], [ -74.134688959999949, 4.532323508000047 ], [ -74.134925843999952, 4.532880980000073 ], [ -74.134946465999974, 4.533117273000073 ], [ -74.134852504999969, 4.533548634000056 ], [ -74.135217485999988, 4.53378041700006 ], [ -74.135782785999936, 4.534233852000057 ], [ -74.136130296999966, 4.534318470000073 ], [ -74.13687007599998, 4.534681061000072 ], [ -74.137162458999967, 4.534802107000075 ], [ -74.137320178999971, 4.534870267000031 ], [ -74.138371854999946, 4.53543398000005 ], [ -74.138371809999967, 4.535434069000075 ], [ -74.13846205599998, 4.535483531000068 ], [ -74.139052224999944, 4.53580254600007 ], [ -74.139698387999942, 4.536142010000049 ], [ -74.140152684999975, 4.53543836700004 ], [ -74.140296358999933, 4.535219796000035 ], [ -74.140299693999964, 4.535125422000021 ], [ -74.14035328999995, 4.535029786000052 ], [ -74.140910507999934, 4.534378138000022 ], [ -74.141043281999941, 4.534299677000035 ], [ -74.141137590999961, 4.534195364000027 ], [ -74.141200827999967, 4.534033107000027 ], [ -74.141760278999982, 4.534340456000052 ], [ -74.141857023999989, 4.534287127000027 ], [ -74.141886478999936, 4.534153341000035 ], [ -74.141884768999944, 4.534006901000055 ], [ -74.141911435999987, 4.533827289000044 ], [ -74.14330922299996, 4.534036392000075 ], [ -74.144022978999942, 4.534189803000061 ], [ -74.144038470999988, 4.534170098000061 ], [ -74.144006586999978, 4.534052403000032 ], [ -74.144017485999939, 4.533861579000074 ], [ -74.144245836999971, 4.53315288500005 ], [ -74.144417432999944, 4.532890922000036 ], [ -74.144536692999964, 4.532784529000025 ], [ -74.144955094999943, 4.532707788000039 ], [ -74.144973652999965, 4.532537396000066 ], [ -74.144842684999958, 4.532455043000027 ], [ -74.144859800999939, 4.53235425400004 ], [ -74.14493024099994, 4.532265849000055 ], [ -74.144932585999982, 4.531995478000056 ], [ -74.144949248999978, 4.531939341000054 ], [ -74.144945377999989, 4.531885016000047 ], [ -74.144760186999974, 4.531540427000039 ], [ -74.144824140999958, 4.531479954000076 ], [ -74.145005912999977, 4.531396160000043 ], [ -74.145026809999933, 4.531359009000028 ], [ -74.145079233999979, 4.531352861000073 ], [ -74.145132918999934, 4.53134635300006 ], [ -74.145191286999989, 4.53131851400002 ], [ -74.145583926999961, 4.531236530000058 ], [ -74.145758852999961, 4.531172803000061 ], [ -74.145807312999978, 4.531176148000043 ], [ -74.145884507999938, 4.531220712000049 ], [ -74.146020790999955, 4.531253077000031 ], [ -74.146128609999948, 4.531255157000032 ], [ -74.146130320999987, 4.531283178000024 ], [ -74.146612313999981, 4.531224337000026 ], [ -74.146620057999939, 4.531255071000032 ], [ -74.14668401199998, 4.531361555000046 ], [ -74.146619963999967, 4.53179319000003 ], [ -74.14681236499996, 4.531779634000031 ], [ -74.146805429999972, 4.531833147000043 ], [ -74.146744717999979, 4.53183604000003 ], [ -74.146725169999968, 4.532145280000066 ], [ -74.146722825999973, 4.532245437000029 ], [ -74.146772818999978, 4.532245077000027 ], [ -74.146814702999961, 4.532239926000045 ], [ -74.146821369999941, 4.532220672000051 ], [ -74.146914325999944, 4.532225010000047 ], [ -74.146904326999959, 4.532409597000026 ], [ -74.147240397999951, 4.532369827000025 ], [ -74.147244001999979, 4.532182619000025 ], [ -74.147314439999946, 4.532170235000024 ], [ -74.147308316999954, 4.532084178000048 ], [ -74.147518822999984, 4.532056792000049 ], [ -74.147510445999956, 4.531937922000054 ], [ -74.147804721999989, 4.531909539000026 ], [ -74.147824896999964, 4.532111844000042 ], [ -74.147735723999972, 4.532117810000045 ], [ -74.147723651999968, 4.532230081000023 ], [ -74.14773067699997, 4.532333852000022 ], [ -74.147908484999959, 4.53231713100007 ], [ -74.148175288999937, 4.532278444000042 ], [ -74.148466321999933, 4.532246898000039 ], [ -74.14845911599997, 4.532171418000075 ], [ -74.148458217999973, 4.531848168000067 ], [ -74.148486681999941, 4.531775038000035 ], [ -74.148520370999961, 4.531534950000037 ], [ -74.149785296999937, 4.531665847000056 ], [ -74.149507320999987, 4.532376982000073 ], [ -74.149688461999972, 4.53244333400005 ], [ -74.149548211999956, 4.532598902000075 ], [ -74.149110536999956, 4.532551805000026 ], [ -74.149145665999981, 4.532828775000041 ], [ -74.149249249999968, 4.533073113000057 ], [ -74.149372651999954, 4.533262854000043 ], [ -74.149366617999988, 4.533350898000037 ], [ -74.149382738999975, 4.53338913400006 ], [ -74.14953640799996, 4.533281294000062 ], [ -74.149576492999984, 4.533255169000029 ], [ -74.149709714999972, 4.533192980000024 ], [ -74.149767002999965, 4.533171014000061 ], [ -74.149860500999978, 4.533130426000071 ], [ -74.149856987999954, 4.533088572000054 ], [ -74.149907069999983, 4.533036867000021 ], [ -74.150213056999974, 4.532888533000062 ], [ -74.150339432999942, 4.532807719000061 ], [ -74.150400413999989, 4.532803743000045 ], [ -74.150420139999937, 4.532948737000027 ], [ -74.150480308999988, 4.532921075000047 ], [ -74.150530931999981, 4.532915109000044 ], [ -74.150538408999978, 4.533028103000049 ], [ -74.150629834999961, 4.532986610000023 ], [ -74.150665953999976, 4.533104305000052 ], [ -74.15071639599995, 4.533078725000053 ], [ -74.150753055999985, 4.533240622000051 ], [ -74.150832051999942, 4.533428824000055 ], [ -74.150841869999965, 4.533461186000068 ], [ -74.150770260999934, 4.533491557000048 ], [ -74.150836375999972, 4.533585567000046 ], [ -74.150749451999957, 4.533661591000055 ], [ -74.150762242999974, 4.533707240000069 ], [ -74.150833941999963, 4.533827828000028 ], [ -74.150871323999979, 4.533913520000056 ], [ -74.150892218999957, 4.533969658000046 ], [ -74.150976349999951, 4.534181994000051 ], [ -74.150376937999965, 4.534466516000066 ], [ -74.150270606999982, 4.534504975000061 ], [ -74.149667459999989, 4.534853985000041 ], [ -74.149736909999945, 4.534942301000058 ], [ -74.14979797899997, 4.534992832000057 ], [ -74.149869678999949, 4.535051500000066 ], [ -74.149978669999939, 4.53512607600004 ], [ -74.150127384999962, 4.535264561000076 ], [ -74.150233673999935, 4.535363092000068 ], [ -74.150273486999936, 4.535413712000036 ], [ -74.15028942899994, 4.535459001000049 ], [ -74.15028942899994, 4.535525622000023 ], [ -74.15026024499997, 4.535666820000074 ], [ -74.150260243999981, 4.535776015000067 ], [ -74.150637300999961, 4.535589081000069 ], [ -74.151295389999973, 4.537038564000056 ], [ -74.151093980999974, 4.537086293000073 ], [ -74.151170992999937, 4.537636076000069 ], [ -74.152028063999978, 4.537833318000025 ], [ -74.152961881999943, 4.538145633000056 ], [ -74.154051348999985, 4.538458040000023 ], [ -74.15482951499996, 4.538536140000076 ], [ -74.155918892999978, 4.538379933000044 ], [ -74.157786526999985, 4.538379924000026 ], [ -74.15879807999994, 4.538301817000047 ], [ -74.15942068399994, 4.538301812000043 ], [ -74.160354423999934, 4.539785546000076 ], [ -74.160506293999958, 4.539788707000071 ], [ -74.160831562999988, 4.540062511000031 ], [ -74.161131155999954, 4.540193670000065 ], [ -74.161655309999958, 4.540131473000031 ], [ -74.16246896499996, 4.539981136000051 ], [ -74.162793332999968, 4.540211278000072 ], [ -74.162893822999933, 4.540283676000058 ], [ -74.163059824999948, 4.540403273000038 ], [ -74.163326317999974, 4.540595267000072 ], [ -74.163831020999964, 4.540985585000044 ], [ -74.164272580999977, 4.541365690000021 ], [ -74.164689280999937, 4.541887985000074 ], [ -74.164650730999938, 4.541998990000025 ], [ -74.164448971999946, 4.542758492000075 ], [ -74.164258106999966, 4.543208751000066 ], [ -74.163938521999967, 4.543793340000036 ], [ -74.163634071999979, 4.544456300000036 ], [ -74.16358831499997, 4.544555826000021 ], [ -74.163494820999972, 4.544753075000074 ], [ -74.163584224999965, 4.544820902000026 ], [ -74.163595451999981, 4.544829198000059 ], [ -74.163615708999941, 4.544844162000061 ], [ -74.163654949999966, 4.544873154000072 ], [ -74.16424786999994, 4.545290976000047 ], [ -74.164225542999986, 4.545322611000074 ], [ -74.16417536199998, 4.545393715000046 ], [ -74.164173060999985, 4.545396317000041 ], [ -74.164171242999942, 4.545399278000048 ], [ -74.16416996099997, 4.545402507000063 ], [ -74.164169254999933, 4.545405910000056 ], [ -74.164169145999949, 4.545409383000049 ], [ -74.164169636999986, 4.54541282200006 ], [ -74.164170713999965, 4.545416126000021 ], [ -74.164172342999962, 4.545419194000033 ], [ -74.164173878999975, 4.545421262000048 ], [ -74.164175668999974, 4.545423116000052 ], [ -74.164177681999945, 4.545424723000053 ], [ -74.164200292999965, 4.54544044000005 ], [ -74.164644706999979, 4.545749354000066 ], [ -74.164674386999934, 4.545769985000049 ], [ -74.164915967999946, 4.545937909000031 ], [ -74.165207721999934, 4.546140709000042 ], [ -74.165280183999982, 4.546191078000049 ], [ -74.165630589999978, 4.546434645000033 ], [ -74.165764235999973, 4.546336536000069 ], [ -74.165925520999963, 4.546491111000023 ], [ -74.165922451999961, 4.546489321000024 ], [ -74.165919133999978, 4.546488053000076 ], [ -74.165915652999956, 4.546487341000045 ], [ -74.165912103999972, 4.546487203000027 ], [ -74.165908577999971, 4.546487643000034 ], [ -74.165905170999963, 4.546488649000025 ], [ -74.165901972999961, 4.546490196000036 ], [ -74.165899067999987, 4.546492243000046 ], [ -74.165896534999945, 4.546494732000042 ], [ -74.165894437999953, 4.546497600000066 ], [ -74.165892835999955, 4.546500770000023 ], [ -74.165891768999984, 4.54650416000004 ], [ -74.165891267999939, 4.546507676000033 ], [ -74.165891362999957, 4.546520441000041 ], [ -74.165892095999936, 4.546617723000054 ], [ -74.165899270999944, 4.547570325000038 ], [ -74.165900229999977, 4.547747311000023 ], [ -74.165899839999952, 4.547749534000047 ], [ -74.165899820999982, 4.547751790000063 ], [ -74.165900171999965, 4.547754018000035 ], [ -74.165900884999985, 4.547756158000027 ], [ -74.165901939999969, 4.547758152000029 ], [ -74.16590330799994, 4.547759947000031 ], [ -74.165904952999938, 4.547761491000074 ], [ -74.165906829999983, 4.547762746000046 ], [ -74.165908885999954, 4.54776367300002 ], [ -74.165911066999968, 4.547764251000046 ], [ -74.165912959999957, 4.547764449000056 ], [ -74.165914860999976, 4.547764381000036 ], [ -74.16591673399995, 4.547764047000044 ], [ -74.165918541999986, 4.547763456000041 ], [ -74.165920249999942, 4.547762617000046 ], [ -74.165945832999967, 4.547746992000043 ], [ -74.165945732999944, 4.547746759000063 ], [ -74.16594777499995, 4.547746239000048 ], [ -74.165960036999934, 4.547740695000073 ], [ -74.165974342999959, 4.547734367000032 ], [ -74.165988660999972, 4.547727957000063 ], [ -74.166002909999975, 4.547721505000027 ], [ -74.166017131999979, 4.547714989000042 ], [ -74.166029210999966, 4.547709391000069 ], [ -74.166031364999981, 4.54770839300005 ], [ -74.166045486999963, 4.54770177100005 ], [ -74.166059620999988, 4.547695069000042 ], [ -74.166073768999979, 4.547688285000049 ], [ -74.166087843999946, 4.547681459000046 ], [ -74.166101889999936, 4.547674572000062 ], [ -74.16611590499997, 4.547667622000063 ], [ -74.166129930999944, 4.547660592000057 ], [ -74.16614388499994, 4.54765351900005 ], [ -74.166157809999959, 4.547646384000075 ], [ -74.16617169999995, 4.547639190000041 ], [ -74.166185560999963, 4.547631936000073 ], [ -74.166199389999974, 4.547624620000022 ], [ -74.166213207999988, 4.547617231000061 ], [ -74.166226932999962, 4.547609815000044 ], [ -74.16624070599994, 4.547602296000036 ], [ -74.166254403999972, 4.547594738000043 ], [ -74.166268068999955, 4.547587121000049 ], [ -74.166281701999935, 4.547579444000064 ], [ -74.166295300999934, 4.547571706000042 ], [ -74.16630884999995, 4.547563918000037 ], [ -74.166322418999982, 4.547556040000075 ], [ -74.166335875999948, 4.547548147000043 ], [ -74.166349398999955, 4.547540136000066 ], [ -74.166362824999965, 4.547532102000048 ], [ -74.166376216999936, 4.547524009000028 ], [ -74.166389557999935, 4.547515867000072 ], [ -74.166402901999959, 4.547507642000028 ], [ -74.166416185999935, 4.54749937400004 ], [ -74.166429470999958, 4.547491026000046 ], [ -74.166442667999945, 4.547482649000074 ], [ -74.166449339999986, 4.547478374000036 ], [ -74.166606984999987, 4.54816481000006 ], [ -74.166473826999948, 4.548858077000034 ], [ -74.166173897999954, 4.549004424000032 ], [ -74.165869272999942, 4.549168821000023 ], [ -74.165651602999958, 4.549275037000029 ], [ -74.166063898999937, 4.549999184000058 ], [ -74.165458409999985, 4.550653563000026 ], [ -74.165368875999945, 4.550835618000065 ], [ -74.165176112999973, 4.551040909000051 ], [ -74.16494191399994, 4.551213478000022 ], [ -74.164547556999935, 4.551368239000055 ], [ -74.164059430999941, 4.551610775000029 ], [ -74.163397093999947, 4.551978876000021 ], [ -74.163324493999937, 4.552106331000061 ], [ -74.163139476999959, 4.552228999000022 ], [ -74.162987518999955, 4.552423892000036 ], [ -74.162827182999933, 4.552669499000046 ], [ -74.162649912999939, 4.552991306000024 ], [ -74.162278614999934, 4.553109908000067 ], [ -74.161722840999971, 4.553498612000055 ], [ -74.161434592999967, 4.553728220000039 ], [ -74.160303585999941, 4.554820833000065 ], [ -74.159949131999952, 4.555108834000066 ], [ -74.159729702999982, 4.555227433000027 ], [ -74.159518649999939, 4.555396835000067 ], [ -74.159208963999959, 4.555629153000041 ], [ -74.158959450999987, 4.555843031000052 ], [ -74.158845590999988, 4.555978442000026 ], [ -74.158662915999969, 4.556216181000025 ], [ -74.15852482799994, 4.556395707000036 ], [ -74.158451594999974, 4.556505085000026 ], [ -74.158366830999967, 4.556612293000057 ], [ -74.158165328999985, 4.55681839500005 ], [ -74.158024896999962, 4.55700027000006 ], [ -74.157947611999987, 4.55724506100006 ], [ -74.157972292999943, 4.557336359000033 ], [ -74.158096783999952, 4.557609169000045 ], [ -74.158136777999971, 4.557667928000058 ], [ -74.158277120999969, 4.557823404000032 ], [ -74.158354498999984, 4.558028329000024 ], [ -74.158509977999984, 4.558252327000048 ], [ -74.158735533999959, 4.558440438000048 ], [ -74.158907586999987, 4.558579190000046 ], [ -74.158876688999953, 4.558632614000032 ], [ -74.158783098999947, 4.558753836000051 ], [ -74.158765984999945, 4.558923957000047 ], [ -74.15877616399996, 4.559089019000055 ], [ -74.15884615799996, 4.559381266000059 ], [ -74.158956237999973, 4.559622167000043 ], [ -74.159147655999959, 4.559928061000051 ], [ -74.15915212799996, 4.55993890000002 ], [ -74.159207737999964, 4.560073686000067 ], [ -74.159248547999937, 4.560277076000034 ], [ -74.159268273999942, 4.560460215000035 ], [ -74.159291426999971, 4.560590564000051 ], [ -74.159324577999939, 4.560755082000071 ], [ -74.15935286399997, 4.560912823000024 ], [ -74.159373763999952, 4.561043171000051 ], [ -74.159386013999949, 4.561192050000045 ], [ -74.159411778999981, 4.561446241000056 ], [ -74.159527712999989, 4.561751322000021 ], [ -74.159670849999941, 4.561932021000075 ], [ -74.15986307999998, 4.562049622000075 ], [ -74.160035579999942, 4.562103494000041 ], [ -74.160080350999976, 4.562169122000057 ], [ -74.160055308999972, 4.562284375000047 ], [ -74.160039997999945, 4.562433798000029 ], [ -74.16005531199994, 4.562511448000066 ], [ -74.160168991999967, 4.562701999000069 ], [ -74.160324111999955, 4.562912167000036 ], [ -74.160453466999968, 4.562976073000073 ], [ -74.160623805999933, 4.563032207000049 ], [ -74.16091989499995, 4.563088067000024 ], [ -74.161146532999965, 4.562987093000061 ], [ -74.161402627999962, 4.562874009000041 ], [ -74.161687905999941, 4.562737417000051 ], [ -74.161825904999944, 4.562661123000055 ], [ -74.162090645999967, 4.562414794000063 ], [ -74.162206394999941, 4.562260942000023 ], [ -74.162341149999975, 4.562024195000049 ], [ -74.162400057999946, 4.561885256000039 ], [ -74.162473378999948, 4.561557937000032 ], [ -74.162534267999945, 4.561180446000037 ], [ -74.162595066999984, 4.560908449000067 ], [ -74.162666676999947, 4.560716448000051 ], [ -74.162782098999969, 4.560720426000046 ], [ -74.162787776999949, 4.560292770000046 ], [ -74.162790796999957, 4.560065153000039 ], [ -74.162817810999968, 4.55917928100007 ], [ -74.163187128999937, 4.559034645000054 ], [ -74.163655534999975, 4.558826730000021 ], [ -74.16417798699996, 4.558627855000054 ], [ -74.165772364999953, 4.557976985000039 ], [ -74.166042596999944, 4.55785946900005 ], [ -74.166141681999989, 4.557796189000044 ], [ -74.16618473799997, 4.557777014000067 ], [ -74.16478510099995, 4.555085259000066 ], [ -74.164781736999942, 4.555078928000057 ], [ -74.164706148999983, 4.554953928000032 ], [ -74.164824150999948, 4.554868323000051 ], [ -74.165873640999962, 4.554476625000063 ], [ -74.166826479999941, 4.55407199900003 ], [ -74.167590153999981, 4.553799808000065 ], [ -74.167940190999957, 4.553517225000064 ], [ -74.169252073999985, 4.552990375000036 ], [ -74.169634903999963, 4.553041259000054 ], [ -74.170754757999987, 4.553342610000072 ], [ -74.171185064999975, 4.553502508000065 ], [ -74.171249199999977, 4.553479637000066 ], [ -74.172172705999969, 4.55315070100005 ], [ -74.172220157999959, 4.553133799000022 ], [ -74.173007163999955, 4.552853482000046 ], [ -74.174022152999953, 4.552491961000044 ], [ -74.174173270999972, 4.552438121000023 ], [ -74.174713758999985, 4.553174823000063 ], [ -74.174898416999952, 4.55317481700007 ], [ -74.175330785999961, 4.55302565300002 ], [ -74.175790185999972, 4.553120552000053 ], [ -74.175947827999948, 4.553305857000055 ], [ -74.176150505999942, 4.553414326000052 ], [ -74.176425240999947, 4.553360079000072 ], [ -74.176743219999935, 4.553506779000031 ], [ -74.176910675999977, 4.553506954000056 ], [ -74.176903832999983, 4.553576106000037 ], [ -74.17689644799998, 4.553651226000056 ], [ -74.176919417999954, 4.553655654000067 ], [ -74.177063459999943, 4.553866812000024 ], [ -74.177060501999961, 4.554313904000026 ], [ -74.176698314999953, 4.554849054000044 ], [ -74.176569969999946, 4.555337009000027 ], [ -74.176477030999934, 4.556008104000057 ], [ -74.176456504999976, 4.556392191000043 ], [ -74.176807130999975, 4.557673708000038 ], [ -74.176969284999984, 4.558050920000028 ], [ -74.17678265099994, 4.55833295900004 ], [ -74.176448927999957, 4.558867925000072 ], [ -74.176332292999973, 4.559407406000048 ], [ -74.176384752999979, 4.560490153000046 ], [ -74.176512405999972, 4.560827593000056 ], [ -74.177087760999939, 4.561517467000044 ], [ -74.17741179799998, 4.562214581000035 ], [ -74.177564684999936, 4.562924266000039 ], [ -74.177804506999962, 4.563845382000068 ], [ -74.177894065999965, 4.564475250000044 ], [ -74.177949306999949, 4.565099603000021 ], [ -74.177929957999936, 4.565672798000037 ], [ -74.177928903999941, 4.566423618000044 ], [ -74.177910189999977, 4.567088472000023 ], [ -74.177825008999946, 4.568109123000056 ], [ -74.178063926999982, 4.56886978700004 ], [ -74.178214641999944, 4.569229914000061 ], [ -74.178399043999946, 4.569503803000032 ], [ -74.178469316999951, 4.56978999200004 ], [ -74.178517341999964, 4.570167840000067 ], [ -74.177304435999986, 4.570737008000037 ], [ -74.176940792999972, 4.571037311000055 ], [ -74.176583095999945, 4.571383354000034 ], [ -74.17633294999996, 4.57155683000002 ], [ -74.176278219999972, 4.571572895000031 ], [ -74.175933807999968, 4.571673994000037 ], [ -74.175597092999965, 4.571698954000055 ], [ -74.175662894999959, 4.571756210000046 ], [ -74.175721787999976, 4.572029649000058 ], [ -74.175693811999963, 4.572291997000036 ], [ -74.17566984299998, 4.572581114000059 ], [ -74.175596118999977, 4.572995748000039 ], [ -74.175453850999986, 4.574008630000037 ], [ -74.175388676999944, 4.574535861000072 ], [ -74.175324365999984, 4.57529396700005 ], [ -74.175295724999955, 4.575390764000076 ], [ -74.175403100999972, 4.575403143000074 ], [ -74.175510477999978, 4.575415523000061 ], [ -74.175562635999938, 4.575396179000052 ], [ -74.175617246999934, 4.575394560000063 ], [ -74.175670734999983, 4.575392826000041 ], [ -74.175697450999962, 4.575391978000027 ], [ -74.175699381999948, 4.575479517000076 ], [ -74.175806758999954, 4.575467586000059 ], [ -74.175914229999989, 4.575455562000059 ], [ -74.175941974999944, 4.575450950000061 ], [ -74.175964810999972, 4.575447162000046 ], [ -74.175971382999933, 4.575486679000051 ], [ -74.176005393999958, 4.575691280000058 ], [ -74.176050737999958, 4.575944054000047 ], [ -74.176085376999936, 4.576169069000059 ], [ -74.176096427999937, 4.576254676000076 ], [ -74.176114076999966, 4.576293627000041 ], [ -74.176260542999955, 4.576426402000038 ], [ -74.176505826999971, 4.576624673000026 ], [ -74.176721311999984, 4.576790918000029 ], [ -74.176798529999985, 4.576839798000037 ], [ -74.176904166999975, 4.576910853000072 ], [ -74.176934570999947, 4.576940665000052 ], [ -74.177068278999968, 4.577043628000069 ], [ -74.177147629999979, 4.577111635000051 ], [ -74.177484837999941, 4.57736724800003 ], [ -74.177639543999987, 4.577495640000052 ], [ -74.177704405999975, 4.577574356000071 ], [ -74.177843026999938, 4.577742587000046 ], [ -74.178064328999938, 4.577624173000061 ], [ -74.178303834999952, 4.577501969000025 ], [ -74.178538035999964, 4.577305402000036 ], [ -74.178636692999987, 4.577230890000067 ], [ -74.17866709499998, 4.577200033000054 ], [ -74.178800794999972, 4.577117860000044 ], [ -74.17889979499995, 4.577073305000056 ], [ -74.179277984999942, 4.576991177000025 ], [ -74.179301191999969, 4.576986138000052 ], [ -74.179389468999943, 4.576976553000065 ], [ -74.179393080999944, 4.576996951000069 ], [ -74.179393344999937, 4.576998442000047 ], [ -74.179393427999969, 4.576998907000075 ], [ -74.179393447999985, 4.576999022000052 ], [ -74.179414050999981, 4.577115381000056 ], [ -74.179523693999954, 4.577534159000038 ], [ -74.179555284999935, 4.577694626000039 ], [ -74.179579560999969, 4.577795261000063 ], [ -74.17970145399994, 4.57836659700007 ], [ -74.179923226999961, 4.580010334000065 ], [ -74.17999839099997, 4.580994099000065 ], [ -74.180227694999985, 4.582777299000043 ], [ -74.180283851999945, 4.583214002000034 ], [ -74.180359086999943, 4.583673928000053 ], [ -74.180449178999936, 4.583975391000024 ], [ -74.180524331999948, 4.584616106000055 ], [ -74.180689594999933, 4.586018212000056 ], [ -74.180700229999957, 4.586157060000062 ], [ -74.180734748999953, 4.586606230000029 ], [ -74.180855030999965, 4.587209248000022 ], [ -74.18095260399997, 4.587593693000031 ], [ -74.180952607999984, 4.587714370000072 ], [ -74.180915141999947, 4.58788015500005 ], [ -74.181351804999963, 4.588917873000071 ], [ -74.181623422999962, 4.589443686000038 ], [ -74.182081070999971, 4.590187075000074 ], [ -74.182096206999972, 4.590238148000026 ], [ -74.182385218999968, 4.590921249000075 ], [ -74.182487110999944, 4.591145152000024 ], [ -74.182564770999988, 4.591325305000055 ], [ -74.182652069999961, 4.591563762000021 ], [ -74.182666665999989, 4.591622247000032 ], [ -74.182846136999956, 4.592284383000049 ], [ -74.182980383999961, 4.592854496000029 ], [ -74.183133364999946, 4.593353830000069 ], [ -74.183193642999981, 4.593664243000035 ], [ -74.183291741999938, 4.593656646000056 ], [ -74.183344535999936, 4.593770180000035 ], [ -74.183140863999938, 4.593876221000073 ], [ -74.183399703999953, 4.594647638000026 ], [ -74.183438449999983, 4.594883205000031 ], [ -74.183492241999943, 4.595210976000033 ], [ -74.183586484999978, 4.595594064000068 ], [ -74.183654781999962, 4.595893267000065 ], [ -74.183798546999981, 4.596403466000027 ], [ -74.183798526999965, 4.596403484000064 ], [ -74.183459027999959, 4.596481321000056 ], [ -74.182974061999971, 4.596622791000073 ], [ -74.182306464999954, 4.596743017000051 ], [ -74.182036761999939, 4.596803309000052 ], [ -74.181865694999942, 4.596841552000058 ], [ -74.181393885999967, 4.596873138000035 ], [ -74.180100276999951, 4.596942114000058 ], [ -74.179392984999936, 4.596967564000067 ], [ -74.178699484999981, 4.596993223000027 ], [ -74.177432476999968, 4.596918409000068 ], [ -74.176836729999934, 4.596883261000073 ], [ -74.175995011999987, 4.596801649000042 ], [ -74.175788311999952, 4.596781599000053 ], [ -74.174744959999941, 4.596650207000039 ], [ -74.174646995999979, 4.596635731000049 ], [ -74.173578660999965, 4.596477854000057 ], [ -74.172045691999983, 4.596234538000033 ], [ -74.171430097999973, 4.596131657000058 ], [ -74.171004874999937, 4.596060625000064 ], [ -74.170030637999957, 4.595949562000044 ], [ -74.167947812999955, 4.595754481000029 ], [ -74.167010807999986, 4.59570139300007 ], [ -74.165627538999956, 4.595657138000036 ], [ -74.165375306999977, 4.595663641000044 ], [ -74.165006951999942, 4.595673186000056 ], [ -74.163349700999959, 4.595716136000021 ], [ -74.163311206999936, 4.595717133000051 ], [ -74.162095159999978, 4.595937414000048 ], [ -74.161818124999968, 4.59598760700004 ], [ -74.161738162999939, 4.595993691000047 ], [ -74.161068418999946, 4.596022979000054 ], [ -74.158330150999973, 4.596142721000035 ], [ -74.154494458999977, 4.596428256000024 ], [ -74.153209549999985, 4.596095131000027 ], [ -74.152462696999976, 4.59578562400003 ], [ -74.152258212999982, 4.595700883000063 ], [ -74.152263712999968, 4.595686905000036 ], [ -74.152202553999985, 4.595662541000024 ], [ -74.151725888999977, 4.595472640000025 ], [ -74.151236132999941, 4.595392556000036 ], [ -74.150575867999976, 4.59531043100003 ], [ -74.150191662999987, 4.595262643000069 ], [ -74.149147192999976, 4.595132730000046 ], [ -74.148490571999957, 4.595060412000066 ], [ -74.147797495999953, 4.595015842000066 ], [ -74.14694431199996, 4.59495602100003 ], [ -74.146338222999987, 4.594927061000021 ], [ -74.145641133999959, 4.594990329000041 ], [ -74.145373981999967, 4.595065185000067 ], [ -74.145109150999986, 4.595137639000029 ], [ -74.144017945999963, 4.595337200000074 ], [ -74.143243231999975, 4.595400466000058 ], [ -74.142585623999935, 4.595472772000051 ], [ -74.141810909999947, 4.595463720000055 ], [ -74.14108123799997, 4.595436590000077 ], [ -74.140432639999972, 4.595364262000032 ], [ -74.137766192999948, 4.594885118000036 ], [ -74.131649594999942, 4.593628471000045 ], [ -74.130754476999982, 4.593353375000049 ], [ -74.129165009999952, 4.59327359100007 ], [ -74.128258410999933, 4.593273559000068 ], [ -74.127592291999974, 4.593273535000037 ], [ -74.126351754999973, 4.593251244000044 ], [ -74.125415032999967, 4.593297393000057 ], [ -74.12500050999995, 4.593317858000034 ], [ -74.123123121999981, 4.593478444000027 ], [ -74.122142903999986, 4.593562228000053 ], [ -74.12090242499994, 4.59378448700005 ], [ -74.119506828999988, 4.594117822000044 ], [ -74.11797835699997, 4.594517887000052 ], [ -74.117967376999957, 4.59452071100003 ], [ -74.116870744999972, 4.594806811000069 ], [ -74.11567452099996, 4.595162396000035 ], [ -74.114633346999938, 4.595384654000043 ], [ -74.113437119999958, 4.595806902000049 ], [ -74.113336265999976, 4.595850256000062 ], [ -74.113303538999958, 4.595864308000046 ], [ -74.113272046999953, 4.595877878000067 ], [ -74.113105633999965, 4.595949466000036 ], [ -74.111576363999973, 4.596606999000073 ], [ -74.110814434999952, 4.596982445000037 ], [ -74.109095270999944, 4.597829439000066 ], [ -74.108567572999959, 4.59794480100004 ], [ -74.108216031999973, 4.598016740000048 ], [ -74.107837113999949, 4.598088609000058 ], [ -74.10707301399998, 4.598243995000075 ], [ -74.106384121999952, 4.597705608000069 ], [ -74.104456088999939, 4.596198922000042 ], [ -74.104028289999974, 4.595840775000056 ], [ -74.103706058999933, 4.595454952000068 ], [ -74.103669471999979, 4.595304313000042 ], [ -74.103615367999964, 4.595090822000031 ], [ -74.103614592999975, 4.595087504000048 ] ] ], [ [ [ -74.148442781999961, 4.51052463700006 ], [ -74.148002237999947, 4.51039337900005 ], [ -74.147966116999953, 4.510512339000059 ], [ -74.146626200999947, 4.510212848000037 ], [ -74.146753388999969, 4.509629259000064 ], [ -74.146907417999955, 4.509139590000075 ], [ -74.145942830999957, 4.509218858000054 ], [ -74.145808083999952, 4.509239919000038 ], [ -74.145740258999979, 4.509253748000049 ], [ -74.144783508999978, 4.509449263000022 ], [ -74.144537960999969, 4.509345912000072 ], [ -74.144209209999985, 4.509207539000045 ], [ -74.143078989999935, 4.508729063000033 ], [ -74.143084665999936, 4.508601063000071 ], [ -74.143086378999953, 4.508416115000045 ], [ -74.143086652999955, 4.508218242000055 ], [ -74.143196920999969, 4.506852104000075 ], [ -74.145167336999975, 4.506242689000032 ], [ -74.145714170999952, 4.506073565000065 ], [ -74.145938358999956, 4.506086855000035 ], [ -74.145894134999935, 4.50628978900005 ], [ -74.145668408999938, 4.506583934000048 ], [ -74.145504925999944, 4.506869037000058 ], [ -74.145462316999954, 4.507274909000046 ], [ -74.145187324999938, 4.507575471000052 ], [ -74.145086530999947, 4.507663424000043 ], [ -74.144982927999934, 4.507753989000037 ], [ -74.14498447699998, 4.507753566000076 ], [ -74.145108635999975, 4.507660166000051 ], [ -74.145473030999938, 4.50760647900006 ], [ -74.145972304999987, 4.507189491000076 ], [ -74.146181454999976, 4.507024161000061 ], [ -74.146278461999941, 4.507065564000072 ], [ -74.146307375999982, 4.507116908000057 ], [ -74.146470495999949, 4.507164819000025 ], [ -74.146487427999944, 4.507189678000032 ], [ -74.146673153999984, 4.507509859000038 ], [ -74.146970662999934, 4.507444234000047 ], [ -74.147212686999978, 4.507474157000047 ], [ -74.147263666999947, 4.507473074000075 ], [ -74.147349688999952, 4.507123787000069 ], [ -74.147485431999939, 4.506712492000077 ], [ -74.147556589999965, 4.506425216000025 ], [ -74.147594330999937, 4.506344315000035 ], [ -74.147488319999979, 4.505928587000028 ], [ -74.148429299999975, 4.505999645000031 ], [ -74.148549997999964, 4.506016097000042 ], [ -74.148833539999941, 4.506581881000045 ], [ -74.150020866999967, 4.50716330900002 ], [ -74.150177319999955, 4.507296551000024 ], [ -74.149773524999944, 4.507745090000071 ], [ -74.149118967999982, 4.508404517000031 ], [ -74.149282445999972, 4.508638551000047 ], [ -74.149245426999983, 4.508811024000067 ], [ -74.149262447999945, 4.509096672000055 ], [ -74.149204076999979, 4.509900552000033 ], [ -74.149179572999969, 4.510389862000068 ], [ -74.149177681999959, 4.510470945000066 ], [ -74.14915885299996, 4.510723600000063 ], [ -74.148939168999959, 4.510660503000054 ], [ -74.148762988999977, 4.510590988000047 ], [ -74.148657513999979, 4.510562514000071 ], [ -74.148442781999961, 4.51052463700006 ] ] ] ] } },
{ "type": "Feature", "properties": { "objectid": 8, "nombre": "Calle 26", "zona": "Fontibon/Calle 26", "lim_norte": "Calle 63", "lim_sur": "Calle 17", "lim_este": "Av. NQS", "lim_oeste": "Puente Grande", "color": "Beige", "letra": "K", "rango": "300-399", "globalid": "{FC6963BB-A2E4-4F76-8669-369ABE6304AC}", "shape_Length": 0.39695719046266731, "shape_Area": 0.0040786788936896445 }, "geometry": { "type": "MultiPolygon", "coordinates": [ [ [ [ -74.078319357999987, 4.651994487000024 ], [ -74.078319778999969, 4.651990391000027 ], [ -74.078953565999939, 4.642714847000036 ], [ -74.079024550999975, 4.641660133000073 ], [ -74.079098560999967, 4.640617991000056 ], [ -74.079111526999952, 4.64044665800003 ], [ -74.079176298999982, 4.639590750000025 ], [ -74.079242914999952, 4.638589425000021 ], [ -74.07926138299996, 4.638307507000036 ], [ -74.079291055999988, 4.637929266000071 ], [ -74.079350256999987, 4.637146723000058 ], [ -74.079402079999966, 4.636256696000032 ], [ -74.079421809999985, 4.635992208000062 ], [ -74.079428465999968, 4.63590296700005 ], [ -74.079479817999982, 4.635214554000072 ], [ -74.079513077999934, 4.634832569000025 ], [ -74.079530906999935, 4.63460107700007 ], [ -74.079535348999968, 4.634543309000037 ], [ -74.079557055999942, 4.634239219000051 ], [ -74.079572765999956, 4.634100167000042 ], [ -74.079580170999975, 4.633948051000061 ], [ -74.079582989999949, 4.633923476000064 ], [ -74.07958989499997, 4.633862317000023 ], [ -74.079616740999938, 4.633557311000061 ], [ -74.079631535999965, 4.633417766000036 ], [ -74.079640137999945, 4.633259010000074 ], [ -74.079640277999943, 4.63325519700004 ], [ -74.079707372999962, 4.63236389900004 ], [ -74.079741487999968, 4.631884954000043 ], [ -74.079775660999985, 4.631517162000023 ], [ -74.079831111999965, 4.630922754000039 ], [ -74.079907885999944, 4.630349674000058 ], [ -74.079951051999956, 4.630124681000041 ], [ -74.079993163999973, 4.629904914000065 ], [ -74.080033368999977, 4.629728932000035 ], [ -74.080087022999976, 4.629494334000071 ], [ -74.080197836999957, 4.629152259000023 ], [ -74.080291614999965, 4.62885290600002 ], [ -74.080513297999971, 4.628339728000071 ], [ -74.080756301999941, 4.627830790000075 ], [ -74.081046177999951, 4.627351869000051 ], [ -74.081131561999939, 4.627230197000074 ], [ -74.081472462999955, 4.626744644000041 ], [ -74.081941324999946, 4.626154514000064 ], [ -74.082094774999973, 4.625957779000032 ], [ -74.082256739999934, 4.625752502000068 ], [ -74.082857787999956, 4.625046988000065 ], [ -74.083198956999979, 4.624698296000076 ], [ -74.087012041999969, 4.625169069000037 ], [ -74.091037116999985, 4.625666041000045 ], [ -74.091451512999981, 4.625717207000037 ], [ -74.093781152999952, 4.625964934000024 ], [ -74.095880437999938, 4.626211716000057 ], [ -74.098480339999981, 4.62645443200006 ], [ -74.102904419999959, 4.626932512000053 ], [ -74.103344738999965, 4.626968349000038 ], [ -74.103608788999964, 4.627034342000059 ], [ -74.104018184999973, 4.627085912000041 ], [ -74.106274318999965, 4.627300196000022 ], [ -74.106461573999979, 4.627331452000021 ], [ -74.107190805999949, 4.627496006000058 ], [ -74.107714287999954, 4.627767263000067 ], [ -74.108137832999944, 4.628038522000054 ], [ -74.108756821999975, 4.628490443000032 ], [ -74.109968525999989, 4.630028 ], [ -74.110940300999971, 4.631127942000035 ], [ -74.112466654999935, 4.632577781000066 ], [ -74.116113785999971, 4.635719423000069 ], [ -74.117441524999947, 4.636761627000055 ], [ -74.118333593999978, 4.637378204000072 ], [ -74.118298648999939, 4.637411594000071 ], [ -74.118688350999946, 4.637664231000031 ], [ -74.118957046999981, 4.637842625000076 ], [ -74.119377000999975, 4.638106696000023 ], [ -74.120038568999973, 4.63852621500007 ], [ -74.120313469999985, 4.638730534000047 ], [ -74.120728567999947, 4.639015155000038 ], [ -74.120837164999955, 4.639072081000052 ], [ -74.121490495999979, 4.639569351000034 ], [ -74.121623370999941, 4.639672605000044 ], [ -74.12212552799997, 4.640066479000041 ], [ -74.122247143999971, 4.640162600000053 ], [ -74.122924402999956, 4.640724488000046 ], [ -74.123022439999943, 4.640861427000061 ], [ -74.12310168199997, 4.641027813000051 ], [ -74.123123802999942, 4.641014803000076 ], [ -74.123195060999933, 4.64108748700005 ], [ -74.12337114099995, 4.64135398600007 ], [ -74.123713309999971, 4.642162121000069 ], [ -74.124099255999965, 4.644561500000066 ], [ -74.124294371999952, 4.645603704000052 ], [ -74.124656049999942, 4.646650667000074 ], [ -74.124814844999946, 4.646901305000029 ], [ -74.126183663999939, 4.648644656000045 ], [ -74.126664314999971, 4.649215725000033 ], [ -74.128585273999988, 4.647752901000047 ], [ -74.128598881999949, 4.647767802000033 ], [ -74.128779731999941, 4.647953083000061 ], [ -74.12878520299995, 4.647958687000028 ], [ -74.128911958999936, 4.648018228000069 ], [ -74.128933140999948, 4.648112574000038 ], [ -74.128986558999941, 4.648189201000037 ], [ -74.128985235999949, 4.648202046000051 ], [ -74.128978320999977, 4.648269144000039 ], [ -74.129008651999982, 4.648361304000048 ], [ -74.129174679999949, 4.648526985000046 ], [ -74.129294750999975, 4.648579532000042 ], [ -74.129605625999943, 4.648690419000047 ], [ -74.129674737999949, 4.64870918400004 ], [ -74.129930511999987, 4.648778634000053 ], [ -74.130264825999973, 4.648855692000041 ], [ -74.130612935999977, 4.648923784000033 ], [ -74.130754782999986, 4.648951645000068 ], [ -74.130856386999938, 4.648971602000074 ], [ -74.131015733999959, 4.648999642000035 ], [ -74.131250603999945, 4.648887010000067 ], [ -74.131465062999951, 4.648769433000041 ], [ -74.13175672899996, 4.648802137000075 ], [ -74.13193533499998, 4.648828170000058 ], [ -74.132007290999979, 4.648838658000045 ], [ -74.132209780999972, 4.648876655000038 ], [ -74.132316761999959, 4.648894599000073 ], [ -74.132386220999933, 4.649099752000041 ], [ -74.132395438999936, 4.649225952000052 ], [ -74.132375094999986, 4.649340076000044 ], [ -74.132355592999943, 4.649539014000027 ], [ -74.132383602999937, 4.649633505000054 ], [ -74.132478614999968, 4.649811614000043 ], [ -74.132702145999986, 4.649955334000026 ], [ -74.132883167999978, 4.650047922000056 ], [ -74.13307094299995, 4.650273492000053 ], [ -74.133216837999953, 4.650544115000059 ], [ -74.133267154999942, 4.650797007000051 ], [ -74.133268838999982, 4.65095972000006 ], [ -74.133268621999946, 4.651232316000062 ], [ -74.133494605999942, 4.651749619000043 ], [ -74.133641413999953, 4.652098137000053 ], [ -74.133783169999958, 4.652443444000028 ], [ -74.133796808999989, 4.652476669000066 ], [ -74.133806001999972, 4.652488994000066 ], [ -74.134013157999959, 4.65276678500004 ], [ -74.134120978999988, 4.652997860000028 ], [ -74.134222396999974, 4.653198988000042 ], [ -74.134245061999934, 4.653282870000055 ], [ -74.134299527999985, 4.653484440000057 ], [ -74.134411784999941, 4.653722506000065 ], [ -74.134478876999935, 4.653803605000064 ], [ -74.134590620999973, 4.653938680000067 ], [ -74.134627405999936, 4.654017485000054 ], [ -74.134651136999935, 4.654068327000061 ], [ -74.134700623999947, 4.654174347000037 ], [ -74.134739879999984, 4.654328259000067 ], [ -74.134771069999942, 4.654450547000067 ], [ -74.134848125999952, 4.654631485000039 ], [ -74.134866958999964, 4.654675707000024 ], [ -74.13488508599994, 4.654718272000025 ], [ -74.135018947999981, 4.654892497000048 ], [ -74.135089044999972, 4.655061001000036 ], [ -74.135212562999982, 4.655306059000054 ], [ -74.135261409999941, 4.655387533000066 ], [ -74.135361133999936, 4.655553869000073 ], [ -74.13550024999995, 4.655806136000024 ], [ -74.13550274499994, 4.65581064600002 ], [ -74.13555228599995, 4.655978730000072 ], [ -74.135566126999947, 4.65600211800006 ], [ -74.135638712999935, 4.65612477600007 ], [ -74.135725812999965, 4.656334795000021 ], [ -74.135752585999967, 4.656399352000051 ], [ -74.135880607999979, 4.656651329000056 ], [ -74.135902016999978, 4.656684625000025 ], [ -74.135998355999959, 4.656834452000055 ], [ -74.136064087999955, 4.656991373000039 ], [ -74.136115883999935, 4.657159525000054 ], [ -74.136221950999982, 4.657358465000073 ], [ -74.136311842999987, 4.657508997000036 ], [ -74.136328435999985, 4.657536783000069 ], [ -74.13637115299997, 4.657552641000052 ], [ -74.136456178999936, 4.657584204000045 ], [ -74.136471313999948, 4.657589823000023 ], [ -74.136561276999942, 4.657594522000068 ], [ -74.136667470999953, 4.657600068000022 ], [ -74.136820804999957, 4.657722708000051 ], [ -74.136829831999989, 4.657729922000044 ], [ -74.136832036999976, 4.657731694000063 ], [ -74.136910641999975, 4.657794564000028 ], [ -74.136998916999971, 4.657919532000051 ], [ -74.137112109999975, 4.658072516000061 ], [ -74.137133540999969, 4.658100991000026 ], [ -74.13719089999995, 4.658214269000041 ], [ -74.137176749999981, 4.658369705000041 ], [ -74.137121000999969, 4.658552046000068 ], [ -74.137045827999941, 4.658669840000073 ], [ -74.137077990999956, 4.658789543000069 ], [ -74.137124793999988, 4.658852255000056 ], [ -74.137176456999953, 4.658901268000022 ], [ -74.137414773999978, 4.658981145000041 ], [ -74.137496839999983, 4.658989480000059 ], [ -74.137645840999937, 4.659083763000069 ], [ -74.137798710999959, 4.65921935800003 ], [ -74.137944543999936, 4.659366323000029 ], [ -74.137997892999977, 4.659449726000048 ], [ -74.138098468999942, 4.659572963000073 ], [ -74.138249438999935, 4.65968560500005 ], [ -74.138440667999987, 4.659847048000074 ], [ -74.138550603999988, 4.659954466000045 ], [ -74.138695100999939, 4.660046416000057 ], [ -74.138867890999961, 4.66021908700003 ], [ -74.139033075999976, 4.660430530000042 ], [ -74.139279628999986, 4.660565489000021 ], [ -74.139384499999949, 4.660574110000027 ], [ -74.139560318999941, 4.660572699000056 ], [ -74.139737683999954, 4.660614793000036 ], [ -74.139787372999933, 4.660773763000066 ], [ -74.139817000999983, 4.660907164000037 ], [ -74.139800527999967, 4.66106041200004 ], [ -74.13981460399998, 4.661170580000032 ], [ -74.139829733999989, 4.661347275000026 ], [ -74.139882377999982, 4.66146733100004 ], [ -74.139999917999944, 4.661538094000036 ], [ -74.140103309999972, 4.661629410000046 ], [ -74.140234293999981, 4.661711897000032 ], [ -74.140303758999949, 4.661914722000063 ], [ -74.140411369999981, 4.662154905000023 ], [ -74.140587679999953, 4.662387179000063 ], [ -74.140730131999987, 4.662593607000076 ], [ -74.140787354999986, 4.662656247000029 ], [ -74.140857806999975, 4.662733366000055 ], [ -74.140944940999987, 4.662840288000041 ], [ -74.141089719999968, 4.66291620800007 ], [ -74.141273277999971, 4.662995024000054 ], [ -74.141519621999976, 4.663008587000036 ], [ -74.141716206999945, 4.662996161000024 ], [ -74.14188569099997, 4.662966999000048 ], [ -74.142053980999947, 4.662878371000033 ], [ -74.142196509999962, 4.662823642000035 ], [ -74.14237852499997, 4.662730638000028 ], [ -74.142546321999987, 4.662669483000059 ], [ -74.142644719999964, 4.662526899000056 ], [ -74.142775986999936, 4.662462849000065 ], [ -74.142891558999963, 4.662384745000054 ], [ -74.143034931999978, 4.662281852000035 ], [ -74.143126433999953, 4.662143791000062 ], [ -74.143191681999951, 4.662071617000038 ], [ -74.14327508599996, 4.661999797000021 ], [ -74.143340192999972, 4.66193680400005 ], [ -74.143414308999979, 4.661876284000073 ], [ -74.143499472999963, 4.661836454000024 ], [ -74.143628206999949, 4.661788363000028 ], [ -74.143763695999951, 4.661745003000021 ], [ -74.143891794999945, 4.661731235000047 ], [ -74.143989557999987, 4.661753624000028 ], [ -74.144084997999983, 4.661780532000023 ], [ -74.144198385999971, 4.661826083000051 ], [ -74.144359001999987, 4.661780816000032 ], [ -74.144483512999955, 4.66171203500005 ], [ -74.144531374999985, 4.661589154000069 ], [ -74.144560513999977, 4.661491204000072 ], [ -74.144608308999977, 4.661370585000043 ], [ -74.144683338999982, 4.661259709000035 ], [ -74.144804890999978, 4.661227509000071 ], [ -74.14488160999997, 4.661281535000057 ], [ -74.144948824999972, 4.661351449000051 ], [ -74.145015759999978, 4.661441986000057 ], [ -74.145066715999974, 4.661527720000038 ], [ -74.145206144999975, 4.661691633000032 ], [ -74.145251961999975, 4.661881250000022 ], [ -74.145298415999946, 4.661942549000059 ], [ -74.145396951999942, 4.661968821000073 ], [ -74.145529273999955, 4.661953357000073 ], [ -74.145626616999948, 4.661887962000037 ], [ -74.145808348999935, 4.661803220000024 ], [ -74.145924270999956, 4.661760497000046 ], [ -74.14601823299995, 4.661784509000029 ], [ -74.146071302999985, 4.661825116000045 ], [ -74.146124723999947, 4.661897714000077 ], [ -74.146182156999942, 4.661922219000076 ], [ -74.146285690999946, 4.661982743000067 ], [ -74.146359242999949, 4.662018550000028 ], [ -74.146482695999964, 4.66202843700006 ], [ -74.146644930999969, 4.662033242000064 ], [ -74.14681427499994, 4.662056336000035 ], [ -74.147038516999942, 4.662090165000052 ], [ -74.147309353999958, 4.662194473000056 ], [ -74.147545632999936, 4.662271805000046 ], [ -74.147888189999946, 4.662453021000033 ], [ -74.148131717999945, 4.662562343000047 ], [ -74.148393756999951, 4.662694196000075 ], [ -74.148617223999963, 4.662842641000054 ], [ -74.149045370999943, 4.663105281000071 ], [ -74.149429172999987, 4.663293067000041 ], [ -74.149655104999965, 4.663462132000063 ], [ -74.14995860099998, 4.663618701000075 ], [ -74.150249708999979, 4.663699774000065 ], [ -74.150534974999971, 4.663858885000025 ], [ -74.150737539999966, 4.663987061000057 ], [ -74.150905616999978, 4.664087979000044 ], [ -74.151132746999963, 4.664172231000066 ], [ -74.151400979999949, 4.664249066000025 ], [ -74.151660979999974, 4.664218277000032 ], [ -74.151804986999934, 4.66422336200003 ], [ -74.15194680999997, 4.664242147000039 ], [ -74.152140366999959, 4.664193984000065 ], [ -74.15231801699997, 4.664150412000026 ], [ -74.152470609999966, 4.664116372000024 ], [ -74.15260490299994, 4.664075696000054 ], [ -74.152889607999953, 4.664010300000029 ], [ -74.153060358999937, 4.663969128000076 ], [ -74.153192328999978, 4.663926190000041 ], [ -74.153450355999951, 4.663922942000056 ], [ -74.153644335999957, 4.663904439000021 ], [ -74.154012655999963, 4.663952532000053 ], [ -74.154344165999987, 4.664154507000035 ], [ -74.154422503999967, 4.664208602000031 ], [ -74.154564819999962, 4.664266370000064 ], [ -74.154647944999965, 4.664155353000069 ], [ -74.154682713999989, 4.664015031000076 ], [ -74.154724662999968, 4.663897660000032 ], [ -74.154744440999934, 4.663652180000042 ], [ -74.154833405999966, 4.663463129000036 ], [ -74.154920539999978, 4.663308470000061 ], [ -74.154992050999965, 4.663183823000054 ], [ -74.155068557999982, 4.663086650000025 ], [ -74.155163576999939, 4.663014333000035 ], [ -74.155256410999982, 4.662951269000075 ], [ -74.155344885999966, 4.66290430500004 ], [ -74.155443422999952, 4.662925985000072 ], [ -74.155523589999973, 4.662947878000068 ], [ -74.155679490999944, 4.662989473000039 ], [ -74.155824831999951, 4.662923443000068 ], [ -74.156035000999964, 4.662744347000057 ], [ -74.156092219999948, 4.66256948900002 ], [ -74.156209620999959, 4.662460238000051 ], [ -74.156281060999959, 4.662328673000047 ], [ -74.156329625999945, 4.662192869000023 ], [ -74.156439775999957, 4.662051697000038 ], [ -74.156521983999937, 4.661869565000075 ], [ -74.156571252999981, 4.661788705000049 ], [ -74.156702869999947, 4.661722885000074 ], [ -74.15680572499997, 4.661671215000069 ], [ -74.156819912999936, 4.66166408600003 ], [ -74.156857220999939, 4.661645344000021 ], [ -74.156959417999985, 4.661600499000031 ], [ -74.157079633999956, 4.661530159000051 ], [ -74.157165491999933, 4.66144236100007 ], [ -74.15741176399996, 4.661384678000047 ], [ -74.157687467999949, 4.661384994000059 ], [ -74.157742705999965, 4.661385340000038 ], [ -74.158567066999979, 4.661966922000033 ], [ -74.158979146999968, 4.662283596000066 ], [ -74.158993864999957, 4.662315431000025 ], [ -74.159263408999948, 4.662496107000038 ], [ -74.159382827999934, 4.662569560000065 ], [ -74.159129930999939, 4.662532114000044 ], [ -74.15881632299994, 4.662608500000033 ], [ -74.158480462999989, 4.662788298000066 ], [ -74.15847686099994, 4.663091572000042 ], [ -74.158476589999964, 4.66310919700004 ], [ -74.158530195999958, 4.663458481000021 ], [ -74.158519928999965, 4.663647678000075 ], [ -74.158967596999958, 4.663988733000053 ], [ -74.159642926999936, 4.664213811000025 ], [ -74.160163117999957, 4.664285035000034 ], [ -74.160615108999934, 4.664414115000056 ], [ -74.161056832999975, 4.664726603000076 ], [ -74.161030891999985, 4.665156613000022 ], [ -74.160965309999938, 4.665632631000051 ], [ -74.160751165999955, 4.666098164000061 ], [ -74.160581254999954, 4.666351361000068 ], [ -74.160377289999985, 4.666622005000022 ], [ -74.160424228999943, 4.66681653400002 ], [ -74.160683156999937, 4.667118629000072 ], [ -74.160928656999943, 4.667105609000032 ], [ -74.161614259999965, 4.667141579000031 ], [ -74.162116972999968, 4.667155585000046 ], [ -74.162830952999968, 4.667156930000033 ], [ -74.16411702299996, 4.667303803000038 ], [ -74.164689109999983, 4.667460629000061 ], [ -74.165198583999938, 4.667652437000072 ], [ -74.16597176099998, 4.66798570800006 ], [ -74.167099001999986, 4.668311109000058 ], [ -74.167807938999943, 4.668432855000049 ], [ -74.168568231999984, 4.668542760000037 ], [ -74.169764485999963, 4.668942185000049 ], [ -74.170171982999989, 4.669260636000047 ], [ -74.170466958999953, 4.669849097000053 ], [ -74.170490474999951, 4.669936598000049 ], [ -74.170613102999937, 4.670392546000073 ], [ -74.170592298999964, 4.670736589000057 ], [ -74.170496716999935, 4.670983638000052 ], [ -74.170264465999935, 4.671300207000058 ], [ -74.169844735999959, 4.671784279000065 ], [ -74.169332926999971, 4.672136920000071 ], [ -74.168683543999975, 4.672421858000064 ], [ -74.168631561999973, 4.67244391600002 ], [ -74.16858124099997, 4.672378890000061 ], [ -74.168177404999938, 4.672530794000068 ], [ -74.167650366999965, 4.672719641000072 ], [ -74.167160984999953, 4.672927466000033 ], [ -74.166709264999952, 4.673116309000022 ], [ -74.166438355999958, 4.673266640000065 ], [ -74.166106905999982, 4.673267461000023 ], [ -74.165881040999977, 4.673172911000051 ], [ -74.165602741999976, 4.672996739000041 ], [ -74.16540056599996, 4.672631187000036 ], [ -74.16521460499996, 4.672105182000053 ], [ -74.165155589999983, 4.671807515000069 ], [ -74.165015126999947, 4.671284313000058 ], [ -74.164770431999955, 4.671076681000045 ], [ -74.164450422999948, 4.671114382000042 ], [ -74.164111677999983, 4.67130331200002 ], [ -74.163697529, 4.671832126000027 ], [ -74.163528072999952, 4.672417524000025 ], [ -74.16350078399995, 4.672998308000047 ], [ -74.163321053999937, 4.673494125000047 ], [ -74.163114028999985, 4.673966258000064 ], [ -74.163001055999985, 4.67430614400007 ], [ -74.162850514999946, 4.674589533000074 ], [ -74.162662222999984, 4.674891725000066 ], [ -74.162417625999979, 4.675288289000036 ], [ -74.162022301999968, 4.67564716000004 ], [ -74.161325886999975, 4.676100407000035 ], [ -74.160685865999938, 4.676289338000061 ], [ -74.159932956999967, 4.676440395000043 ], [ -74.15922248399994, 4.676681033000023 ], [ -74.158652913999958, 4.676855949000071 ], [ -74.15808820999996, 4.677101375000063 ], [ -74.15759882499998, 4.677403567000056 ], [ -74.157259985999985, 4.677762435000034 ], [ -74.157026284999972, 4.678075744000068 ], [ -74.15686465899995, 4.678404601000068 ], [ -74.156912631999944, 4.678900929000065 ], [ -74.156921240999964, 4.678989995000052 ], [ -74.156977640999969, 4.679311168000027 ], [ -74.157128188999934, 4.679839976000039 ], [ -74.157354146999978, 4.680274320000024 ], [ -74.157542355999965, 4.680557614000065 ], [ -74.15780588399997, 4.681029744000057 ], [ -74.158144729999947, 4.68153965700003 ], [ -74.158427087999939, 4.681992984000033 ], [ -74.158690613999966, 4.682295079000028 ], [ -74.158935312999972, 4.682597267000062 ], [ -74.159255328999961, 4.68284277500004 ], [ -74.159556515999952, 4.682975020000072 ], [ -74.160064735999981, 4.682956123000054 ], [ -74.160836477999965, 4.682465092000029 ], [ -74.161344693, 4.681992955000055 ], [ -74.161965882999937, 4.681369678000067 ], [ -74.162078859999951, 4.681237430000067 ], [ -74.16221057599995, 4.681105271000035 ], [ -74.162248233999946, 4.681010808000053 ], [ -74.162229403999959, 4.680897543000071 ], [ -74.162210569999957, 4.680670835000058 ], [ -74.162135249999949, 4.680500895000023 ], [ -74.16196586999996, 4.680198706000056 ], [ -74.161702343999934, 4.679990984000028 ], [ -74.161438816999976, 4.679839937000054 ], [ -74.161062400999981, 4.679594339000062 ], [ -74.160817615999974, 4.67940550700007 ], [ -74.160535348999986, 4.679141108000067 ], [ -74.160229477999962, 4.678823916000056 ], [ -74.160140012999989, 4.678536733000044 ], [ -74.16023415799998, 4.678310113000066 ], [ -74.160422360999974, 4.678121277000059 ], [ -74.16094940499994, 4.677705727000045 ], [ -74.161457617999986, 4.677384731000075 ], [ -74.161871684999937, 4.677195802000028 ], [ -74.162285840999971, 4.676893697000025 ], [ -74.162888200999987, 4.676572518000057 ], [ -74.163907687999938, 4.676010248000068 ], [ -74.164551037999956, 4.675673881000023 ], [ -74.164767801999972, 4.675615211000036 ], [ -74.165015196999946, 4.675571547000061 ], [ -74.165146913999934, 4.675609329000054 ], [ -74.165222233999941, 4.675684898000043 ], [ -74.165335212999935, 4.675779268000042 ], [ -74.165391703999944, 4.675987084000042 ], [ -74.165410450999957, 4.67636475200004 ], [ -74.165523439999959, 4.67708248200006 ], [ -74.165598767999938, 4.677705662000051 ], [ -74.165771033999988, 4.678084772000034 ], [ -74.165881129999946, 4.678177877000053 ], [ -74.166088164999962, 4.678177873000038 ], [ -74.166314029999967, 4.678158886000062 ], [ -74.166483493999976, 4.678102295000031 ], [ -74.166728184999954, 4.677932260000034 ], [ -74.16717990799998, 4.677611259000059 ], [ -74.167612797999936, 4.677176814000063 ], [ -74.168045776999975, 4.676723568000057 ], [ -74.168478666999988, 4.676289212000029 ], [ -74.168779840999946, 4.675968035000039 ], [ -74.169231558999968, 4.675477001000047 ], [ -74.169506969999986, 4.67535668000005 ], [ -74.169706614999939, 4.67532096900004 ], [ -74.169895543999985, 4.675388579000071 ], [ -74.169984467999939, 4.675552553000045 ], [ -74.170097810999948, 4.675777091000043 ], [ -74.170130427999936, 4.675905630000045 ], [ -74.17024999399996, 4.676377849000062 ], [ -74.170389375999946, 4.676743763000047 ], [ -74.170476774999941, 4.677018288000056 ], [ -74.170552184999963, 4.677212725000061 ], [ -74.170794, 4.677308990000029 ], [ -74.171001031999936, 4.677176737000025 ], [ -74.171095174999948, 4.677006793000032 ], [ -74.171132827999941, 4.676742388000036 ], [ -74.17117038799995, 4.676440199000069 ], [ -74.171151548999944, 4.676024745000063 ], [ -74.17109512899998, 4.675174766000055 ], [ -74.171163060999959, 4.674879119000025 ], [ -74.171114038999974, 4.674767900000063 ], [ -74.171170251999968, 4.674624262000066 ], [ -74.171249078999949, 4.674440398000058 ], [ -74.171511247999945, 4.674335624000037 ], [ -74.171775044999947, 4.674511615000029 ], [ -74.172263179999959, 4.674944139000047 ], [ -74.17310574399994, 4.675426100000038 ], [ -74.173484414999962, 4.675698810000029 ], [ -74.173931554999967, 4.675971066000045 ], [ -74.174230583999986, 4.676290148000021 ], [ -74.174579970999957, 4.676448510000057 ], [ -74.174854938999943, 4.676572793000048 ], [ -74.174987833999978, 4.676818483000034 ], [ -74.17501766099997, 4.677036061000024 ], [ -74.175008391999938, 4.677379922000057 ], [ -74.174878576999959, 4.677632940000024 ], [ -74.174693360999981, 4.678166996000073 ], [ -74.17452471699994, 4.67860930300003 ], [ -74.174251225999967, 4.67963691500006 ], [ -74.174192411999968, 4.680290561000049 ], [ -74.174160982999979, 4.680754918000048 ], [ -74.174089733999949, 4.681231027000024 ], [ -74.174023073999933, 4.681552384000042 ], [ -74.173856602999933, 4.682338548000075 ], [ -74.173686873999941, 4.682614709000063 ], [ -74.173379748999935, 4.682822896000062 ], [ -74.173100730999977, 4.682962112000041 ], [ -74.172593776999975, 4.683183050000025 ], [ -74.171091661999981, 4.684132232000024 ], [ -74.170768863999967, 4.684581231000038 ], [ -74.170389761999957, 4.685156692000021 ], [ -74.170072457999936, 4.685577034000062 ], [ -74.16976623499994, 4.685945670000024 ], [ -74.169510913999943, 4.686222283000063 ], [ -74.169226490999961, 4.68641320200004 ], [ -74.169016574999944, 4.686632235000047 ], [ -74.168492769999943, 4.686881644000039 ], [ -74.168173390999982, 4.687197670000046 ], [ -74.167739952999966, 4.687577065000028 ], [ -74.167638155999953, 4.688018735000071 ], [ -74.16773591499998, 4.688328153000043 ], [ -74.168005123999933, 4.688591286000076 ], [ -74.168251357999964, 4.68882006900003 ], [ -74.168880495999986, 4.689076686000021 ], [ -74.169504048999954, 4.689361867000059 ], [ -74.170133734999979, 4.689876468000023 ], [ -74.170518278999964, 4.690592292000076 ], [ -74.170725423999954, 4.69125686700005 ], [ -74.17087553999994, 4.691927409000073 ], [ -74.171105660999956, 4.692620548000036 ], [ -74.171266762999949, 4.693096110000056 ], [ -74.171427320999953, 4.693342250000057 ], [ -74.171747703999984, 4.693519325000068 ], [ -74.17222296999995, 4.693953929000031 ], [ -74.172372449999955, 4.694372180000073 ], [ -74.172425535999935, 4.695071470000073 ], [ -74.172409329999937, 4.695513048000066 ], [ -74.172393398999986, 4.696063461000051 ], [ -74.171732568999971, 4.696953683000061 ], [ -74.171042264999983, 4.697465514000044 ], [ -74.170249527999943, 4.698132376000046 ], [ -74.169627968999976, 4.698758643000076 ], [ -74.169269218999943, 4.69931566200006 ], [ -74.169202475999953, 4.700107067000033 ], [ -74.169146355999942, 4.700583086000051 ], [ -74.169221232999973, 4.700858064000045 ], [ -74.169393140999944, 4.701046894000058 ], [ -74.170301672999983, 4.700998964000064 ], [ -74.171027035999941, 4.700865434000036 ], [ -74.172038275999967, 4.700748526000041 ], [ -74.17302095499997, 4.700631619000035 ], [ -74.173809385999959, 4.700572478000026 ], [ -74.174529527999937, 4.700605179000036 ], [ -74.175313013999983, 4.700867208000034 ], [ -74.175730619999968, 4.70108983700004 ], [ -74.176153990999978, 4.701312465000058 ], [ -74.176755038999943, 4.701758269000038 ], [ -74.176881453999954, 4.702090557000076 ], [ -74.177036887999975, 4.702583291000053 ], [ -74.176997342999982, 4.70278405800002 ], [ -74.176820669999984, 4.702996581000036 ], [ -74.176163871999961, 4.70317585600003 ], [ -74.175267325999982, 4.703424379000069 ], [ -74.174159232999955, 4.703684930000065 ], [ -74.173451077999971, 4.703875774000039 ], [ -74.172509126999955, 4.704267751000032 ], [ -74.171875299999954, 4.704492760000051 ], [ -74.171195613999942, 4.704649160000031 ], [ -74.170561240999973, 4.704650533000063 ], [ -74.169961102999935, 4.704594592000035 ], [ -74.168915075999962, 4.70446508200007 ], [ -74.168337732999987, 4.704403264000064 ], [ -74.167806432999953, 4.704456156000049 ], [ -74.167166747999943, 4.704623852000054 ], [ -74.167160620999937, 4.704626293000047 ], [ -74.166395972999965, 4.704923705000056 ], [ -74.165887830999964, 4.705119780000075 ], [ -74.165539698999964, 4.705315581000036 ], [ -74.165277608999986, 4.705405890000065 ], [ -74.164711893999936, 4.70566713900007 ], [ -74.164306368999974, 4.705782760000034 ], [ -74.163679202999958, 4.705827335000038 ], [ -74.16311447399994, 4.705827343000067 ], [ -74.162563349999971, 4.705848051000032 ], [ -74.162237919999939, 4.705873366000048 ], [ -74.161872034999988, 4.705865144000029 ], [ -74.161575347999985, 4.705995225000038 ], [ -74.161514443999977, 4.706148354000049 ], [ -74.161570845999961, 4.706318385000031 ], [ -74.161932501999956, 4.706672818000072 ], [ -74.162062782999953, 4.706756702000064 ], [ -74.162125851999974, 4.706865537000056 ], [ -74.16214333299996, 4.707020202000024 ], [ -74.162154508999947, 4.707300423000049 ], [ -74.161870164999982, 4.707542594000074 ], [ -74.161476800999935, 4.707753761000049 ], [ -74.160874412999988, 4.708018171000049 ], [ -74.160351580999986, 4.708176729000058 ], [ -74.15980144699995, 4.708282586000053 ], [ -74.159192392999955, 4.708297429000027 ], [ -74.159096336999937, 4.708299770000053 ], [ -74.159029670999985, 4.708301394000046 ], [ -74.158540259999938, 4.708244811000043 ], [ -74.158031928999947, 4.708112568000047 ], [ -74.157523779999963, 4.707961522000062 ], [ -74.157007970999985, 4.707920486000035 ], [ -74.156527841999946, 4.707887134000032 ], [ -74.15608816799994, 4.708048670000039 ], [ -74.155697776999943, 4.708358091000036 ], [ -74.155415412999957, 4.708698066000068 ], [ -74.155114218999984, 4.709226874000024 ], [ -74.15494483699996, 4.709831252000072 ], [ -74.154813474999969, 4.710459584000034 ], [ -74.154808702999958, 4.710912551000035 ], [ -74.154787167999984, 4.711457268000061 ], [ -74.154754285999957, 4.712139567000065 ], [ -74.15478410999998, 4.712672802000043 ], [ -74.154888353999979, 4.713136345000066 ], [ -74.154936688999953, 4.713637211000048 ], [ -74.154944845999978, 4.71372173900005 ], [ -74.154967423999949, 4.71384077700003 ], [ -74.155020078999939, 4.714118390000067 ], [ -74.155095401999972, 4.714420578000045 ], [ -74.155263347999949, 4.714913409000076 ], [ -74.155340109999941, 4.715270467000039 ], [ -74.155434265999986, 4.71559154800002 ], [ -74.155551393999986, 4.715939114000037 ], [ -74.155569956999955, 4.716552529000069 ], [ -74.155616448999979, 4.716902176000076 ], [ -74.155521373999989, 4.717601383000044 ], [ -74.155469592999964, 4.717982198000072 ], [ -74.15566475199995, 4.718077383000036 ], [ -74.155979328999933, 4.718185564000066 ], [ -74.156059911999989, 4.718104422000067 ], [ -74.156156064999948, 4.71800752300004 ], [ -74.156240472999968, 4.717393833000074 ], [ -74.156348510999976, 4.717175697000073 ], [ -74.156538479999938, 4.717295483000044 ], [ -74.15678345699996, 4.717449974000033 ], [ -74.157003547999977, 4.717745833000038 ], [ -74.15708146299994, 4.717850584000075 ], [ -74.157081484999935, 4.717850607000059 ], [ -74.157539597999971, 4.718268114000068 ], [ -74.157917855999983, 4.71873744800007 ], [ -74.158166163999965, 4.718941552000047 ], [ -74.158467461999976, 4.719189140000026 ], [ -74.15870225599997, 4.719394967000028 ], [ -74.159020041999952, 4.719583259000046 ], [ -74.159222964999969, 4.719703462000041 ], [ -74.159511149999958, 4.719793104000075 ], [ -74.159680460999937, 4.719845755000051 ], [ -74.160115012999938, 4.719965171000069 ], [ -74.160344216999988, 4.720234090000076 ], [ -74.160390231999941, 4.720489845000031 ], [ -74.160477252999954, 4.720973422000043 ], [ -74.160477893999939, 4.721257961000049 ], [ -74.160478484999942, 4.721506565000027 ], [ -74.160478461999958, 4.721506679000072 ], [ -74.160476187999961, 4.721521984000049 ], [ -74.160456127999964, 4.721516841000039 ], [ -74.160106704999976, 4.72142726200002 ], [ -74.159247694999976, 4.720978262000074 ], [ -74.159189881999964, 4.720948043000021 ], [ -74.158974935999936, 4.720829504000051 ], [ -74.158120599999961, 4.720415804000027 ], [ -74.158013902999983, 4.720356940000045 ], [ -74.156849625999939, 4.719882239000071 ], [ -74.155853449999938, 4.719641485000068 ], [ -74.155696928999987, 4.719638147000069 ], [ -74.154966350999985, 4.719516634000058 ], [ -74.154237411999986, 4.719399037000073 ], [ -74.153509266999947, 4.719162367000024 ], [ -74.152472982999939, 4.718932695000035 ], [ -74.151753352999947, 4.718451560000062 ], [ -74.150127287999965, 4.717404460000068 ], [ -74.148532216999968, 4.716118214000062 ], [ -74.147058159999972, 4.713884785000062 ], [ -74.14686782299998, 4.712652535000075 ], [ -74.146572766999952, 4.71179565400007 ], [ -74.146471881999958, 4.711416731000043 ], [ -74.146264371999962, 4.711261136000076 ], [ -74.14624725799996, 4.711248304000037 ], [ -74.145124215999942, 4.710406230000046 ], [ -74.128479912999978, 4.697810623000066 ], [ -74.128381565999973, 4.697736199000076 ], [ -74.124680835999982, 4.69493566500006 ], [ -74.122947747999945, 4.693624094000029 ], [ -74.120378191999976, 4.692221169000049 ], [ -74.118400283999961, 4.688651408000055 ], [ -74.11800360999996, 4.688161839000031 ], [ -74.117971111999964, 4.688108209000063 ], [ -74.117686129999981, 4.687637910000035 ], [ -74.116176064999934, 4.685715109000057 ], [ -74.114527477999957, 4.684015118000048 ], [ -74.114039308999963, 4.683511727000052 ], [ -74.105516079999973, 4.676068773000054 ], [ -74.104354903999933, 4.675045604000047 ], [ -74.103817143999947, 4.674222311000051 ], [ -74.103734100999986, 4.67411627000007 ], [ -74.103607103999934, 4.673954104000074 ], [ -74.101663579999979, 4.671472330000029 ], [ -74.101122742999962, 4.670932815000072 ], [ -74.101028415999963, 4.670838718000027 ], [ -74.100948733999985, 4.670789993000028 ], [ -74.100899913999967, 4.670721763000074 ], [ -74.100581022999961, 4.670419271000071 ], [ -74.099576535999972, 4.669827252000061 ], [ -74.098435860999984, 4.669188117000033 ], [ -74.097809181999935, 4.668849088000059 ], [ -74.096993535999957, 4.668339142000036 ], [ -74.096210256999939, 4.667851799000061 ], [ -74.09619639999994, 4.667843177000066 ], [ -74.095431080999958, 4.667315225000038 ], [ -74.095018163999953, 4.666961875000027 ], [ -74.094528879999984, 4.666616075000036 ], [ -74.094139607999978, 4.666339210000046 ], [ -74.093715424999971, 4.666065236000065 ], [ -74.093318203999956, 4.665740135000021 ], [ -74.092901905999952, 4.66543028600006 ], [ -74.092363233999947, 4.664867038000068 ], [ -74.092012758999942, 4.664409103000025 ], [ -74.091709580999975, 4.663999901000068 ], [ -74.091202045999978, 4.663132350000069 ], [ -74.087884231999965, 4.658372354000051 ], [ -74.087514204999934, 4.657831717000022 ], [ -74.08708816099994, 4.657203364000054 ], [ -74.086676888999989, 4.656676001000051 ], [ -74.086302928999942, 4.656087271000047 ], [ -74.085934873999975, 4.655571843000075 ], [ -74.085814327999969, 4.655351214000063 ], [ -74.085700466999981, 4.655142802000057 ], [ -74.085623829999975, 4.655045126000061 ], [ -74.085455492999984, 4.654830564000065 ], [ -74.085187785999949, 4.654508861000068 ], [ -74.084828934999962, 4.654172247000076 ], [ -74.084528207999938, 4.653939450000053 ], [ -74.083930343999953, 4.65354716500002 ], [ -74.083628629999964, 4.653356036000048 ], [ -74.083613217999982, 4.653346289000069 ], [ -74.083147723999957, 4.653141160000075 ], [ -74.082650419999936, 4.652921974000037 ], [ -74.082207091999976, 4.652774543000021 ], [ -74.081398829999955, 4.652599463000058 ], [ -74.080522158999941, 4.652416749000054 ], [ -74.078319357999987, 4.651994487000024 ] ] ] ] } },
{ "type": "Feature", "properties": { "objectid": 9, "nombre": "San Cristobal", "zona": "20 de Julio/Carrera 10", "lim_norte": "Calle 6", "lim_sur": "Av. Caracas", "lim_este": "Cerros Orientales", "lim_oeste": " ", "color": "Turquesa", "letra": "L", "rango": "800-899", "globalid": "{8CDB4E7C-73B5-46FF-849B-31E9EF8EA18B}", "shape_Length": 0.47661767470729871, "shape_Area": 0.0021283583535867366 }, "geometry": { "type": "MultiPolygon", "coordinates": [ [ [ [ -74.079150525999978, 4.590969733000065 ], [ -74.079146021999975, 4.59096973100003 ], [ -74.079141448999962, 4.590969803000064 ], [ -74.079136871999935, 4.590969802000075 ], [ -74.079132296999944, 4.590969944000051 ], [ -74.079127792999941, 4.590970012000071 ], [ -74.079123219999985, 4.590970154000047 ], [ -74.079118643999948, 4.590970295000034 ], [ -74.079114139999945, 4.590970437000067 ], [ -74.079109565999943, 4.590970577000064 ], [ -74.079104990999951, 4.590970786000071 ], [ -74.079100486999948, 4.590970999000035 ], [ -74.079095912999946, 4.590971281000066 ], [ -74.079091408999943, 4.590971563000039 ], [ -74.079086833999952, 4.59097184500007 ], [ -74.079082329999949, 4.590972127000043 ], [ -74.079077755999947, 4.590972480000062 ], [ -74.079073251999944, 4.590972832000034 ], [ -74.079068747999941, 4.590973185000053 ], [ -74.079064242999948, 4.590973538000071 ], [ -74.079059738999945, 4.590973961000032 ], [ -74.079055164999943, 4.590974454000047 ], [ -74.079050730999938, 4.590974877000065 ], [ -74.079046226999935, 4.590975373000049 ], [ -74.079041721999943, 4.590975866000065 ], [ -74.07903721699995, 4.59097636000007 ], [ -74.079032712999947, 4.590976924000074 ], [ -74.079028279999989, 4.590977489000068 ], [ -74.079023774999939, 4.590978054000061 ], [ -74.079019340999935, 4.590978688000064 ], [ -74.079014907999976, 4.590979324000045 ], [ -74.079010402999984, 4.590979958000048 ], [ -74.079005969999969, 4.59098059400003 ], [ -74.079001537999943, 4.590981300000067 ], [ -74.078997102999949, 4.590982004000068 ], [ -74.078992738999943, 4.590982782000026 ], [ -74.078988305999985, 4.590983558000062 ], [ -74.078983941999979, 4.590984334000041 ], [ -74.078979507999975, 4.590985111000066 ], [ -74.078975143999969, 4.590985958000033 ], [ -74.078970709999965, 4.590986805000057 ], [ -74.078966346999948, 4.590987650000045 ], [ -74.078961983999989, 4.590988569000046 ], [ -74.078957620999972, 4.590989486000069 ], [ -74.078953185999978, 4.59099040600006 ], [ -74.078948821999973, 4.590991323000026 ], [ -74.078944458999956, 4.590992310000047 ], [ -74.07894009599994, 4.590993299000047 ], [ -74.07893573299998, 4.590994288000047 ], [ -74.078931369999964, 4.590995346000057 ], [ -74.078927006999947, 4.590996405000055 ], [ -74.078922641999952, 4.590997463000065 ], [ -74.078918278999936, 4.590998522000064 ], [ -74.078913913999941, 4.59099965300004 ], [ -74.07890955299996, 4.591000711000049 ], [ -74.078905188999954, 4.591001840000047 ], [ -74.078900824999948, 4.591003040000032 ], [ -74.078896530999941, 4.59100416900003 ], [ -74.078892167999982, 4.591005371000051 ], [ -74.078887803999976, 4.591006570000047 ], [ -74.078883441999949, 4.591007771000022 ], [ -74.078879148999988, 4.591008970000075 ], [ -74.078874784999982, 4.591010241000049 ], [ -74.078870419999987, 4.591011442000024 ], [ -74.078866127999959, 4.591012712000065 ], [ -74.078861764999942, 4.59101398200005 ], [ -74.078857401999983, 4.591015324000068 ], [ -74.078853107999976, 4.591016595000042 ], [ -74.07884874399997, 4.591017936000071 ], [ -74.078844450999952, 4.591019276000054 ], [ -74.078840087999936, 4.591020618000073 ], [ -74.078835793999986, 4.591021959000045 ], [ -74.07883142999998, 4.591023300000074 ], [ -74.078827137999951, 4.591024642000036 ], [ -74.078822774999935, 4.591026055000043 ], [ -74.078818481999974, 4.591027397000062 ], [ -74.078814187999967, 4.591028809000022 ], [ -74.078809823999961, 4.59103022000005 ], [ -74.078805529999954, 4.591031632000067 ], [ -74.078801168999973, 4.591033043000039 ], [ -74.078796873999977, 4.591034526000044 ], [ -74.078792580999959, 4.591035939000051 ], [ -74.078788217999943, 4.591037421000067 ], [ -74.078783924999982, 4.591038833000027 ], [ -74.078779631999964, 4.591040315000043 ], [ -74.078775337999957, 4.591041799000038 ], [ -74.078770973999951, 4.591043211000056 ], [ -74.078766682999969, 4.591044691000036 ], [ -74.078762388999962, 4.591046173000052 ], [ -74.078758094999955, 4.591047658000036 ], [ -74.078753731999939, 4.59104921100004 ], [ -74.078749438999978, 4.591050694000046 ], [ -74.07874514599996, 4.591052177000051 ], [ -74.078740851999953, 4.591053658000021 ], [ -74.078736558999935, 4.591055211000025 ], [ -74.078732195999976, 4.59105669500002 ], [ -74.078727903999948, 4.591058177000036 ], [ -74.078723608999951, 4.59105973000004 ], [ -74.078719315999933, 4.591061213000046 ], [ -74.078715022999972, 4.591062767000039 ], [ -74.078710730999944, 4.591064248000066 ], [ -74.078706366999938, 4.59106580200006 ], [ -74.078702072999988, 4.591067285000065 ], [ -74.07869777999997, 4.591068837000023 ], [ -74.078693487999942, 4.591070320000028 ], [ -74.078689192999946, 4.591071873000033 ], [ -74.078684899999985, 4.591073355000049 ], [ -74.078680607999956, 4.591074909000042 ], [ -74.07867624499994, 4.591076392000048 ], [ -74.078671951999979, 4.591077946000041 ], [ -74.078667657999972, 4.591079428000057 ], [ -74.078663363999965, 4.591080910000073 ], [ -74.078659071999937, 4.591082392000033 ], [ -74.078654778999976, 4.591083946000026 ], [ -74.078650484999969, 4.591085429000032 ], [ -74.078646191999951, 4.591086911000048 ], [ -74.078641828999935, 4.591088394000053 ], [ -74.078637535999974, 4.591089878000048 ], [ -74.078633241999967, 4.591091358000028 ], [ -74.078628948999949, 4.591092841000034 ], [ -74.078624656999978, 4.591094253000051 ], [ -74.07862036299997, 4.591095737000046 ], [ -74.078615998999965, 4.591097218000073 ], [ -74.078611704999958, 4.591098632000069 ], [ -74.07860741199994, 4.591100114000028 ], [ -74.078603119999968, 4.591101526000045 ], [ -74.078598825999961, 4.591102938000063 ], [ -74.078594461999955, 4.591104349000034 ], [ -74.078590169999984, 4.591105761000051 ], [ -74.078585876999966, 4.591107173000069 ], [ -74.078581583999949, 4.591108514000041 ], [ -74.078577218999953, 4.591109927000048 ], [ -74.078572926999982, 4.59111126800002 ], [ -74.078568633999964, 4.591112609000049 ], [ -74.078564340999947, 4.591113951000068 ], [ -74.078559976999941, 4.591115291000051 ], [ -74.078555682999934, 4.59111663300007 ], [ -74.078551390999962, 4.591117973000053 ], [ -74.078547026999956, 4.591119245000073 ], [ -74.078542733999939, 4.591120515000057 ], [ -74.078538370999979, 4.591121786000031 ], [ -74.078534076999972, 4.591123056000072 ], [ -74.078529783999954, 4.591124328000035 ], [ -74.078525421999984, 4.591125529000067 ], [ -74.078521127999977, 4.591126729000052 ], [ -74.078516763999971, 4.591127929000038 ], [ -74.078512470999954, 4.591129128000034 ], [ -74.078508107999937, 4.591130329000066 ], [ -74.078503814999976, 4.591131458000064 ], [ -74.078499450999971, 4.591132658000049 ], [ -74.078495157999953, 4.591133788000036 ], [ -74.078490792999958, 4.591134847000035 ], [ -74.078486430999988, 4.591135976000032 ], [ -74.07848213799997, 4.591137035000031 ], [ -74.078477774999953, 4.591138092000051 ], [ -74.078473409999958, 4.59113915100005 ], [ -74.078469118999976, 4.59114014000005 ], [ -74.078464753999981, 4.591141128000061 ], [ -74.078460390999965, 4.591142117000061 ], [ -74.078456026999959, 4.591143106000061 ], [ -74.078451735999977, 4.591144023000027 ], [ -74.078447370999982, 4.591144941000039 ], [ -74.078443006999976, 4.591145859000051 ], [ -74.07843864299997, 4.591146776000073 ], [ -74.078434280999943, 4.59114762300004 ], [ -74.078429915999948, 4.591148469000075 ], [ -74.078425553999978, 4.591149245000054 ], [ -74.078421189999972, 4.591150094000056 ], [ -74.078416827999945, 4.591150870000035 ], [ -74.078412463999939, 4.591151576000073 ], [ -74.078408099999933, 4.591152352000051 ], [ -74.078403736999974, 4.591153057000042 ], [ -74.078399372999968, 4.591153692000034 ], [ -74.078395010999941, 4.591154398000072 ], [ -74.078390574999958, 4.591155033000064 ], [ -74.078386211999941, 4.591155599000047 ], [ -74.078381850999961, 4.591156162000061 ], [ -74.078377415999967, 4.591156727000055 ], [ -74.078372981999962, 4.591157291000059 ], [ -74.078368546999968, 4.591157857000042 ], [ -74.078364112999964, 4.591158350000057 ], [ -74.078359680999938, 4.591158844000063 ], [ -74.078355174999956, 4.591159268000069 ], [ -74.078350740999952, 4.591159760000039 ], [ -74.078346236999948, 4.591160184000046 ], [ -74.078341662999946, 4.591160538000054 ], [ -74.078337158999943, 4.591160960000025 ], [ -74.07833265499994, 4.591161313000043 ], [ -74.078328078999959, 4.591161665000072 ], [ -74.078323574999956, 4.591161947000046 ], [ -74.078319000999954, 4.591162230000066 ], [ -74.078314426999953, 4.591162512000039 ], [ -74.078309851999961, 4.591162792000034 ], [ -74.078305206999971, 4.591163006000045 ], [ -74.078300633999959, 4.591163216000041 ], [ -74.078296057999978, 4.591163357000028 ], [ -74.078291412999988, 4.591163497000025 ], [ -74.078286838999986, 4.591163637000022 ], [ -74.078282193999939, 4.591163780000045 ], [ -74.078277548999949, 4.591163848000065 ], [ -74.078272974999948, 4.591163849000054 ], [ -74.078268329999958, 4.591163848000065 ], [ -74.078263686999946, 4.591163848000065 ], [ -74.078259041999956, 4.591163848000065 ], [ -74.078254396999967, 4.591163777000077 ], [ -74.078249750999987, 4.591163706000032 ], [ -74.078245176999985, 4.591163563000066 ], [ -74.078240530999949, 4.591163421000033 ], [ -74.078235885999959, 4.591163209000058 ], [ -74.078231240999969, 4.591162997000026 ], [ -74.078226596999968, 4.591162784000062 ], [ -74.078221950999989, 4.591162502000032 ], [ -74.078217305999942, 4.591162220000058 ], [ -74.078212662999988, 4.591161936000049 ], [ -74.078208088999986, 4.591161511000053 ], [ -74.07820344299995, 4.591161159000023 ], [ -74.078198798999949, 4.591160733000038 ], [ -74.078194222999969, 4.591160309000031 ], [ -74.078189578999968, 4.591159815000026 ], [ -74.078185003999977, 4.591159249000043 ], [ -74.078180429999975, 4.59115868400005 ], [ -74.078175785999974, 4.591158118000067 ], [ -74.078171211999972, 4.591157482000028 ], [ -74.078166636999981, 4.591156846000047 ], [ -74.078162062999979, 4.59115613900002 ], [ -74.078157558999976, 4.59115543200005 ], [ -74.078152983999985, 4.591154655000025 ], [ -74.078148479999982, 4.591153878000057 ], [ -74.07814390599998, 4.591153030000044 ], [ -74.078139400999987, 4.591152183000077 ], [ -74.078134897999973, 4.591151265000065 ], [ -74.07813039399997, 4.591150345000074 ], [ -74.078125959999966, 4.591149356000074 ], [ -74.078121454999973, 4.591148367000073 ], [ -74.078117021999958, 4.591147306000039 ], [ -74.078112587999954, 4.591146176000052 ], [ -74.078108154999939, 4.591145046000065 ], [ -74.078103791, 4.591143917000068 ], [ -74.078099356999985, 4.591142715000046 ], [ -74.078094994999958, 4.591141443000026 ], [ -74.078090630999952, 4.591140173000042 ], [ -74.078086338999981, 4.591138829000045 ], [ -74.078081975999964, 4.591137487000026 ], [ -74.078077682999947, 4.591136074000076 ], [ -74.07807338899994, 4.591134590000024 ], [ -74.078069165999977, 4.591133107000076 ], [ -74.078064942999958, 4.591131553000025 ], [ -74.078060720999986, 4.591129999000032 ], [ -74.078056497999967, 4.59112837400005 ], [ -74.078052275999937, 4.59112667900007 ], [ -74.078048124999953, 4.591124984000032 ], [ -74.078044042999977, 4.591123217000074 ], [ -74.078039891999936, 4.591121451000049 ], [ -74.07803580999996, 4.591119615000025 ], [ -74.078031728999974, 4.59111770800007 ], [ -74.078027717999987, 4.591115801000058 ], [ -74.078023705999954, 4.591113823000057 ], [ -74.078019694999966, 4.591111844000068 ], [ -74.078015753999978, 4.591109797000058 ], [ -74.078011742999934, 4.591107749000059 ], [ -74.078007731999946, 4.591105771000059 ], [ -74.078003790999958, 4.591103721000025 ], [ -74.077999779999971, 4.591101674000072 ], [ -74.077995837999936, 4.591099696000072 ], [ -74.077991825999959, 4.591097648000073 ], [ -74.077987814999972, 4.591095598000038 ], [ -74.077983873999983, 4.591093551000029 ], [ -74.077979862999939, 4.59109150300003 ], [ -74.077975921999951, 4.591089453000052 ], [ -74.077971909999974, 4.591087405000053 ], [ -74.077967969999975, 4.591085356000065 ], [ -74.077963958999987, 4.591083379000054 ], [ -74.077960017999942, 4.591081260000067 ], [ -74.077956006999955, 4.591079211000022 ], [ -74.077952065999966, 4.591077162000033 ], [ -74.077948053999989, 4.591075114000034 ], [ -74.077944112999944, 4.591073067000025 ], [ -74.077940101999957, 4.591071017000047 ], [ -74.077936161999958, 4.591068970000038 ], [ -74.07793215099997, 4.591066921000049 ], [ -74.077928209999982, 4.591064802000062 ], [ -74.077924197999948, 4.591062753000074 ], [ -74.077920258999939, 4.591060707000054 ], [ -74.077916316999961, 4.591058586000031 ], [ -74.077912305999973, 4.591056539000022 ], [ -74.077908363999939, 4.591054489000044 ], [ -74.077904353999941, 4.591052371000046 ], [ -74.077900412999952, 4.591050321000068 ], [ -74.077896471999964, 4.59104820400006 ], [ -74.077892460999976, 4.591046153000036 ], [ -74.077888519999988, 4.591044036000028 ], [ -74.077884577999953, 4.59104198600005 ], [ -74.077880565999976, 4.591039869000042 ], [ -74.077876625999977, 4.591037818000075 ], [ -74.077872685999978, 4.59103570000002 ], [ -74.077868673999944, 4.591033580000044 ], [ -74.077864732999956, 4.591031534000024 ], [ -74.077860790999978, 4.591029413000058 ], [ -74.077856779999934, 4.59102729600005 ], [ -74.077852838999945, 4.591025174000038 ], [ -74.077848897999957, 4.591023128000074 ], [ -74.077844956999968, 4.591021007000052 ], [ -74.07784094699997, 4.591018889000054 ], [ -74.077837005999982, 4.591016769000021 ], [ -74.077833063999947, 4.591014652000069 ], [ -74.077829122999958, 4.591012531000047 ], [ -74.077825111999971, 4.591010414000039 ], [ -74.077821171999972, 4.591008293000073 ], [ -74.077817229999937, 4.591006177000054 ], [ -74.077813288999948, 4.591004054000052 ], [ -74.077809348999949, 4.591001937000044 ], [ -74.077805337999962, 4.590999817000068 ], [ -74.077801396999973, 4.59099769900007 ], [ -74.077797455999985, 4.590995579000037 ], [ -74.077793515999986, 4.59099346000005 ], [ -74.077789573999951, 4.590991341000063 ], [ -74.077785632999962, 4.590989223000065 ], [ -74.077781691999974, 4.590987032000044 ], [ -74.077777751999974, 4.590984914000046 ], [ -74.077773740999987, 4.59098279400007 ], [ -74.077769799999942, 4.590980676000072 ], [ -74.077765858999953, 4.59097848600004 ], [ -74.077761916999975, 4.590976367000053 ], [ -74.077757975999987, 4.590974178000067 ], [ -74.077754034999941, 4.590972059000023 ], [ -74.077750095999988, 4.590969939000047 ], [ -74.077746154999943, 4.590967750000061 ], [ -74.077742212999965, 4.590965628000049 ], [ -74.077738271999976, 4.590963441000042 ], [ -74.077734330999988, 4.590961322000055 ], [ -74.077730389999942, 4.590959133000069 ], [ -74.077726448999954, 4.590957012000047 ], [ -74.077722507999965, 4.59095482400005 ], [ -74.077565225999933, 4.590867236000065 ], [ -74.077561284999945, 4.590864977000024 ], [ -74.077557413999955, 4.59086278500007 ], [ -74.077553472999966, 4.590860527000075 ], [ -74.077549532999967, 4.590858337000043 ], [ -74.077545591999979, 4.590856077000069 ], [ -74.077541721999978, 4.590853887000037 ], [ -74.077537781, 4.590851626000074 ], [ -74.077533838999955, 4.590849438000021 ], [ -74.077529968999954, 4.590847177000057 ], [ -74.077526027999966, 4.590844987000025 ], [ -74.077522086999977, 4.590842726000062 ], [ -74.077518215999987, 4.590840538000066 ], [ -74.077514274999942, 4.590838277000046 ], [ -74.077510334999943, 4.590836017000072 ], [ -74.077506463999953, 4.59083382700004 ], [ -74.077502522999964, 4.59083156500003 ], [ -74.077498581999976, 4.590829308000025 ], [ -74.077494711999975, 4.590827046000072 ], [ -74.077490770999987, 4.59082485600004 ], [ -74.07748689999994, 4.590822596000066 ], [ -74.077482959999941, 4.590820336000036 ], [ -74.077479018999952, 4.590818075000072 ], [ -74.077475148999952, 4.59081588600003 ], [ -74.077471207999963, 4.590813625000067 ], [ -74.077467336999973, 4.590811365000036 ], [ -74.077463395999985, 4.590809104000073 ], [ -74.077459454999939, 4.590806845000031 ], [ -74.077455585999985, 4.590804584000068 ], [ -74.07745164399995, 4.590802395000026 ], [ -74.07744777399995, 4.590800134000062 ], [ -74.077443833999951, 4.590797874000032 ], [ -74.077439891999973, 4.590795613000068 ], [ -74.077436021999972, 4.590793353000038 ], [ -74.077432079999937, 4.590791093000064 ], [ -74.077428208999947, 4.590788833000033 ], [ -74.077424268999948, 4.590786573000059 ], [ -74.077420398999948, 4.590784313000029 ], [ -74.077416458999949, 4.590782052000066 ], [ -74.077412586999969, 4.590779792000035 ], [ -74.077408645999981, 4.590777532000061 ], [ -74.077404774999934, 4.590775271000041 ], [ -74.077400834999935, 4.590773010000021 ], [ -74.077396964999934, 4.590770680000048 ], [ -74.077393023999946, 4.590768421000064 ], [ -74.077389153999945, 4.590766160000044 ], [ -74.077385212999957, 4.590763899000024 ], [ -74.077381341999967, 4.59076163900005 ], [ -74.077377400999978, 4.59075937800003 ], [ -74.077373530999978, 4.590757119000045 ], [ -74.077369588999943, 4.590754787000037 ], [ -74.077365718999943, 4.590752527000063 ], [ -74.077361778999943, 4.590750267000033 ], [ -74.077357908999943, 4.590748006000069 ], [ -74.077353967999954, 4.590745747000028 ], [ -74.077350096999965, 4.59074341500002 ], [ -74.077346154999987, 4.590741157000025 ], [ -74.07734228399994, 4.590738895000072 ], [ -74.077338344999987, 4.590736564000053 ], [ -74.077334472999951, 4.590734304000023 ], [ -74.07733060299995, 4.590732044000049 ], [ -74.077326662999951, 4.590729712000041 ], [ -74.077322791999961, 4.590727451000021 ], [ -74.077318850999973, 4.590725193000026 ], [ -74.077314981999962, 4.590722861000074 ], [ -74.077311039999984, 4.590720601000044 ], [ -74.077307169999983, 4.59071834100007 ], [ -74.077303298999936, 4.590716009000062 ], [ -74.077299358999937, 4.59071375000002 ], [ -74.077295487999947, 4.590711419000058 ], [ -74.077291546999959, 4.590709158000038 ], [ -74.077287676999958, 4.590706898000064 ], [ -74.077283806999958, 4.590704566000056 ], [ -74.077279865999969, 4.590702307000072 ], [ -74.07727599499998, 4.590699975000064 ], [ -74.077272124999979, 4.590697716000022 ], [ -74.077268183999934, 4.59069538600005 ], [ -74.077264312999944, 4.59069312500003 ], [ -74.077260372999945, 4.590690794000068 ], [ -74.077256502999944, 4.590688532000058 ], [ -74.077252630999965, 4.590686202000029 ], [ -74.077248690999966, 4.590683872000056 ], [ -74.077244819999976, 4.590681610000047 ], [ -74.077240949999975, 4.590679281000064 ], [ -74.077237008999987, 4.590677019000054 ], [ -74.07723313799994, 4.590674689000025 ], [ -74.077229197999941, 4.590672428000062 ], [ -74.077225326999951, 4.590670097000043 ], [ -74.077221455999961, 4.59066776800006 ], [ -74.077217514999973, 4.59066550600005 ], [ -74.077213645999961, 4.590663176000021 ], [ -74.077209774999972, 4.590660845000059 ], [ -74.077205832999937, 4.590658585000028 ], [ -74.077201963999983, 4.590656254000066 ], [ -74.077201257999945, 4.59065583000006 ], [ -74.077198092999936, 4.590653923000048 ], [ -74.077194221999946, 4.590651663000074 ], [ -74.077190281999947, 4.590649331000066 ], [ -74.077186410999957, 4.590647001000036 ], [ -74.077182538999978, 4.590644741000062 ], [ -74.077178598999978, 4.590642410000044 ], [ -74.077174728999978, 4.590640079000025 ], [ -74.077170857999988, 4.590637817000072 ], [ -74.077166916999943, 4.590635488000032 ], [ -74.077163046999942, 4.590633156000024 ], [ -74.077159176999942, 4.590630825000062 ], [ -74.077155235999953, 4.590628565000031 ], [ -74.077151364999963, 4.590626234000069 ], [ -74.077147493999973, 4.590623903000051 ], [ -74.077143623999973, 4.590621572000032 ], [ -74.077139683999974, 4.590619312000058 ], [ -74.077135812999984, 4.590616983000075 ], [ -74.077131941999937, 4.590614651000067 ], [ -74.077128000999949, 4.590612319000059 ], [ -74.077124129999959, 4.59060998800004 ], [ -74.077120260999948, 4.590607658000067 ], [ -74.077116390999947, 4.590605398000037 ], [ -74.077112449999959, 4.590603066000028 ], [ -74.077108578999969, 4.590600735000066 ], [ -74.077104707999979, 4.590598405000037 ], [ -74.077100837999978, 4.590596074000075 ], [ -74.077096897999979, 4.590593743000056 ], [ -74.077093026999989, 4.590591482000036 ], [ -74.077089156999989, 4.590589153000053 ], [ -74.077085285999942, 4.590586820000055 ], [ -74.077081344999954, 4.590584491000072 ], [ -74.077077474999953, 4.590582159000064 ], [ -74.077073603999963, 4.590579827000056 ], [ -74.077069733999963, 4.590577498000073 ], [ -74.077065792999974, 4.590575165000075 ], [ -74.077061922999974, 4.590572907000023 ], [ -74.077058051999984, 4.590570575000072 ], [ -74.077054181999983, 4.590568244000053 ], [ -74.077050240999938, 4.590565914000024 ], [ -74.077046368999959, 4.590563581000026 ], [ -74.077042499999948, 4.590561252000043 ], [ -74.077038629999947, 4.590558920000035 ], [ -74.077034688999959, 4.590556589000073 ], [ -74.077030817999969, 4.590554260000033 ], [ -74.077026947999968, 4.590551927000035 ], [ -74.077023076999978, 4.590549597000063 ], [ -74.077019134999944, 4.590547267000034 ], [ -74.077015263999954, 4.590544934000036 ], [ -74.077011393999953, 4.590542604000063 ], [ -74.077007524999942, 4.590540273000045 ], [ -74.077003583999954, 4.59053801400006 ], [ -74.076999712999964, 4.590535683000041 ], [ -74.076995841999974, 4.590533351000033 ], [ -74.076991970999984, 4.59053102200005 ], [ -74.076988099999937, 4.590528688000063 ], [ -74.076984159999938, 4.590526358000034 ], [ -74.076980289999938, 4.590524028000061 ], [ -74.076976418999948, 4.590521695000064 ], [ -74.076972548999947, 4.59051936700007 ], [ -74.076968608999948, 4.590517035000062 ], [ -74.076964736999969, 4.590514703000053 ], [ -74.076960866999968, 4.59051237400007 ], [ -74.076956996999968, 4.590510041000073 ], [ -74.076953125999978, 4.590507712000033 ], [ -74.076949184999989, 4.590505380000025 ], [ -74.076945314999989, 4.590503050000052 ], [ -74.076941444999989, 4.590500719000033 ], [ -74.076937574999988, 4.590498387000025 ], [ -74.076933703999941, 4.590496057000053 ], [ -74.076929762999953, 4.590493725000044 ], [ -74.076925891999963, 4.590491395000072 ], [ -74.076922021999962, 4.590489064000053 ], [ -74.076918150999973, 4.590486734000024 ], [ -74.076914209999984, 4.590484402000072 ], [ -74.076910340999973, 4.590482071000054 ], [ -74.076906469999983, 4.590479741000024 ], [ -74.076902598999936, 4.590477410000062 ], [ -74.076898728999936, 4.590475078000054 ], [ -74.076894787999947, 4.590472749000071 ], [ -74.076890916999957, 4.590470416000073 ], [ -74.076887046999957, 4.590468086000044 ], [ -74.076883177999946, 4.590465755000025 ], [ -74.076879305999967, 4.590463423000074 ], [ -74.076875365999967, 4.590461094000034 ], [ -74.076871494999978, 4.590458762000026 ], [ -74.076867623999988, 4.590456431000064 ], [ -74.076863753999987, 4.590454101000034 ], [ -74.076859812999942, 4.590451769000026 ], [ -74.076855940999963, 4.590449439000054 ], [ -74.076852070999962, 4.590447108000035 ], [ -74.076848200999962, 4.590444778000062 ], [ -74.076844329999972, 4.590442446000054 ], [ -74.076840389999973, 4.590440114000046 ], [ -74.076836518999983, 4.590437784000073 ], [ -74.076832647999936, 4.590435453000055 ], [ -74.076828778999982, 4.590433123000025 ], [ -74.076824908999981, 4.590430791000074 ], [ -74.076820965999957, 4.590428460000055 ], [ -74.076817096999946, 4.590426130000026 ], [ -74.076813225999956, 4.590423798000074 ], [ -74.076809354999966, 4.590421469000034 ], [ -74.076805414999967, 4.590419136000037 ], [ -74.076801544999967, 4.590416806000064 ], [ -74.076797673999977, 4.590414476000035 ], [ -74.076793803999976, 4.590412144000027 ], [ -74.076789932999986, 4.590409814000054 ], [ -74.076785991999941, 4.590407482000046 ], [ -74.076782121999941, 4.590405150000038 ], [ -74.076778250999951, 4.590402821000055 ], [ -74.07677438099995, 4.590400490000036 ], [ -74.076770439999962, 4.590398159000074 ], [ -74.076766569999961, 4.590395829000045 ], [ -74.076762698999971, 4.590393496000047 ], [ -74.076758828999971, 4.590391165000028 ], [ -74.076754887999982, 4.590388835000056 ], [ -74.076751016999935, 4.590386505000026 ], [ -74.076747146999935, 4.590384174000064 ], [ -74.076743276999935, 4.590381912000055 ], [ -74.076739405999945, 4.590379583000072 ], [ -74.076735464999956, 4.590377251000064 ], [ -74.076731593999966, 4.590374921000034 ], [ -74.076727723999966, 4.590372590000072 ], [ -74.076723853999965, 4.590370257000075 ], [ -74.076719913999966, 4.590367928000035 ], [ -74.076716040999941, 4.590365597000073 ], [ -74.076712171999986, 4.590363266000054 ], [ -74.076708301999986, 4.590360935000035 ], [ -74.076704359999951, 4.590358603000027 ], [ -74.076700489999951, 4.590356344000043 ], [ -74.076696618999961, 4.59035401400007 ], [ -74.07669274899996, 4.590351682000062 ], [ -74.076688806999982, 4.590349351000043 ], [ -74.076684936999982, 4.590347019000035 ], [ -74.076681065999935, 4.590344689000062 ], [ -74.076677195999935, 4.590342359000033 ], [ -74.076673255999935, 4.590340099000059 ], [ -74.076669383999956, 4.59033776800004 ], [ -74.076665514999945, 4.590335436000032 ], [ -74.076661573999957, 4.59033310500007 ], [ -74.076657702999967, 4.590330775000041 ], [ -74.076653831999977, 4.590328443000033 ], [ -74.076649961999976, 4.590326183000059 ], [ -74.076646020999988, 4.59032385200004 ], [ -74.076642151999977, 4.590321522000067 ], [ -74.076638280999987, 4.590319191000049 ], [ -74.076634339999941, 4.59031685900004 ], [ -74.076630468999952, 4.590314600000056 ], [ -74.076626597999962, 4.590312268000048 ], [ -74.076622727999961, 4.590309939000065 ], [ -74.076618786999973, 4.590307606000067 ], [ -74.076614915999983, 4.590305347000026 ], [ -74.076611046999972, 4.590303015000075 ], [ -74.076607105999983, 4.590300683000066 ], [ -74.076603234999936, 4.590298424000025 ], [ -74.076599364999936, 4.590296093000063 ], [ -74.076595424999937, 4.590293762000044 ], [ -74.076591552999957, 4.590291431000026 ], [ -74.076587682999957, 4.590289172000041 ], [ -74.076583742999958, 4.590286841000022 ], [ -74.076579871999968, 4.590284509000071 ], [ -74.076576000999978, 4.59028224900004 ], [ -74.076572130999978, 4.590279919000068 ], [ -74.076568189999989, 4.590277588000049 ], [ -74.076564318999942, 4.590275327000029 ], [ -74.076560377999954, 4.590272996000067 ], [ -74.076556508999943, 4.590270735000047 ], [ -74.076552637999953, 4.590268405000074 ], [ -74.076548696999964, 4.590266074000056 ], [ -74.076544826999964, 4.590263814000025 ], [ -74.076540955999974, 4.590261482000074 ], [ -74.076537013999939, 4.590259223000032 ], [ -74.076533144999985, 4.590256891000024 ], [ -74.076529273999938, 4.59025463100005 ], [ -74.07652533299995, 4.590252301000021 ], [ -74.076521462999949, 4.59024996900007 ], [ -74.076517591999959, 4.590247710000028 ], [ -74.076513649999981, 4.590245377000031 ], [ -74.076509779999981, 4.590243119000036 ], [ -74.076505838999935, 4.590240787000027 ], [ -74.076501967999945, 4.590238527000054 ], [ -74.076498098999934, 4.590236267000023 ], [ -74.076494157999946, 4.590233935000072 ], [ -74.076490287999945, 4.59023167600003 ], [ -74.076486345999967, 4.590229344000022 ], [ -74.076482474999978, 4.590227085000038 ], [ -74.076478604999977, 4.590224754000076 ], [ -74.076474664999978, 4.590222492000066 ], [ -74.076470793999988, 4.590220233000025 ], [ -74.076466852999943, 4.590217900000027 ], [ -74.076462982999942, 4.590215642000032 ], [ -74.076459111999952, 4.59021331100007 ], [ -74.076455170999964, 4.59021105000005 ], [ -74.076451300999963, 4.590208790000077 ], [ -74.076447360999964, 4.590206458000068 ], [ -74.076443489999974, 4.590204199000027 ], [ -74.076439548999986, 4.590201937000074 ], [ -74.076435678999985, 4.590199679000023 ], [ -74.07643173799994, 4.590197347000071 ], [ -74.07642786699995, 4.590195087000041 ], [ -74.076423996999949, 4.590192827000067 ], [ -74.07642005699995, 4.590190567000036 ], [ -74.07641618599996, 4.590188235000028 ], [ -74.076412244999972, 4.590185974000065 ], [ -74.076408374999971, 4.590183715000023 ], [ -74.076404433999983, 4.590181455000049 ], [ -74.076400562999936, 4.59017919300004 ], [ -74.076396620999958, 4.590176864000057 ], [ -74.076392750999958, 4.590174603000037 ], [ -74.076388810999958, 4.590172343000063 ], [ -74.076384940999958, 4.590170083000032 ], [ -74.076381, 4.590167822000069 ], [ -74.076377129999969, 4.590165562000038 ], [ -74.07637318899998, 4.590163302000065 ], [ -74.076369316999944, 4.590161041000044 ], [ -74.076365375999956, 4.590158781000071 ], [ -74.076361506999945, 4.59015652100004 ], [ -74.076357565999956, 4.590154260000077 ], [ -74.076353693999977, 4.590151999000057 ], [ -74.076349752999988, 4.590149741000062 ], [ -74.076345811999943, 4.590147481000031 ], [ -74.076341941999942, 4.590145220000068 ], [ -74.076338000999954, 4.590142958000058 ], [ -74.076334130999953, 4.590140699000074 ], [ -74.076330189999965, 4.590138438000054 ], [ -74.076326319999964, 4.590136178000023 ], [ -74.076322378999976, 4.590133918000049 ], [ -74.076318437999987, 4.590131658000075 ], [ -74.07631456699994, 4.590129468000043 ], [ -74.076310625999952, 4.590127207000023 ], [ -74.076306754999962, 4.590124948000039 ], [ -74.076302814999963, 4.590122686000029 ], [ -74.076298874999964, 4.590120427000045 ], [ -74.076295003999974, 4.590118238000059 ], [ -74.076291062999985, 4.590115978000028 ], [ -74.076287191999938, 4.590113716000076 ], [ -74.07628325099995, 4.590111455000056 ], [ -74.076279310999951, 4.590109267000059 ], [ -74.07627544099995, 4.59010700500005 ], [ -74.076271499999962, 4.590104745000076 ], [ -74.076267558999973, 4.590102555000044 ], [ -74.076263687999983, 4.590100297000049 ], [ -74.076259746999938, 4.590098036000029 ], [ -74.076255805999949, 4.590095847000043 ], [ -74.076251936999938, 4.590093585000034 ], [ -74.07624799599995, 4.590091396000048 ], [ -74.076244054999961, 4.590089136000074 ], [ -74.076240183999971, 4.590086945000053 ], [ -74.076236242999983, 4.590084687000058 ], [ -74.076232301999937, 4.590082495000047 ], [ -74.076228360999949, 4.590080238000041 ], [ -74.076224489999959, 4.590078046000031 ], [ -74.07622054999996, 4.590075787000046 ], [ -74.076216608999971, 4.590073596000025 ], [ -74.076212668999972, 4.590071336000051 ], [ -74.076208797999982, 4.590069147000065 ], [ -74.076204856999937, 4.590066957000033 ], [ -74.076200915999948, 4.590064697000059 ], [ -74.076196974999959, 4.590062505000049 ], [ -74.076193105999948, 4.590060317000052 ], [ -74.07618916499996, 4.590058056000032 ], [ -74.076185223999971, 4.590055868000036 ], [ -74.076181281999936, 4.590053677000071 ], [ -74.076177410999946, 4.590051488000029 ], [ -74.076173470999947, 4.590049298000054 ], [ -74.076169529999959, 4.590047038000023 ], [ -74.07616558899997, 4.590044849000037 ], [ -74.076161648999971, 4.590042658000073 ], [ -74.076157706999936, 4.59004046900003 ], [ -74.076153835999946, 4.590038277000076 ], [ -74.076149895999947, 4.590036090000069 ], [ -74.076145954999959, 4.590033900000037 ], [ -74.07614201399997, 4.590031710000062 ], [ -74.076138072999981, 4.59002952000003 ], [ -74.076134130999947, 4.590027331000044 ], [ -74.076130260999946, 4.590025141000069 ], [ -74.076126320999947, 4.590022952000027 ], [ -74.076122379999958, 4.590020762000051 ], [ -74.07611843899997, 4.590018572000076 ], [ -74.076114496999935, 4.590016382000044 ], [ -74.076110555999946, 4.590014193000059 ], [ -74.076106614999958, 4.590012004000073 ], [ -74.076102674999959, 4.590009812000062 ], [ -74.07609873399997, 4.590007624000066 ], [ -74.076094793999971, 4.590005503000043 ], [ -74.076090852999982, 4.590003315000047 ], [ -74.076086910999948, 4.590001125000072 ], [ -74.076083039999958, 4.589998936000029 ], [ -74.076079098999969, 4.589996816000053 ], [ -74.076075157999981, 4.589994627000067 ], [ -74.076071218999971, 4.589992436000045 ], [ -74.076067278999972, 4.589990318000048 ], [ -74.076063336999937, 4.589988128000073 ], [ -74.076059395999948, 4.58998593900003 ], [ -74.07605545499996, 4.589983820000043 ], [ -74.076051512999982, 4.589981630000068 ], [ -74.076047571999936, 4.589979511000024 ], [ -74.076043630999948, 4.589977322000038 ], [ -74.07603962099995, 4.589975202000062 ], [ -74.076035679999961, 4.589973014000066 ], [ -74.076031738999973, 4.589970893000043 ], [ -74.076027798999974, 4.589968704000057 ], [ -74.076023857999985, 4.58996658500007 ], [ -74.07601991699994, 4.589964467000073 ], [ -74.07601597699994, 4.589962276000051 ], [ -74.076012035999952, 4.589960157000064 ], [ -74.076008093999974, 4.58995803800002 ], [ -74.076004152999985, 4.589955919000033 ], [ -74.07600021199994, 4.589953729000058 ], [ -74.075996270999951, 4.589951610000071 ], [ -74.075992259999964, 4.589949492000073 ], [ -74.075988318999975, 4.589947371000051 ], [ -74.075984378999976, 4.589945253000053 ], [ -74.075980436999942, 4.589943062000032 ], [ -74.075976496999942, 4.589940944000034 ], [ -74.075972555999954, 4.589938825000047 ], [ -74.075968544999967, 4.589936707000049 ], [ -74.075964603999978, 4.589934586000027 ], [ -74.075960662999989, 4.589932469000075 ], [ -74.075956721999944, 4.589930348000053 ], [ -74.075952781999945, 4.589928231000044 ], [ -74.075948770999958, 4.589926110000022 ], [ -74.075944829999969, 4.58992399300007 ], [ -74.07594088899998, 4.589921943000036 ], [ -74.075936945999956, 4.589919826000028 ], [ -74.075932934999969, 4.589917704000072 ], [ -74.07592899399998, 4.589915586000075 ], [ -74.075925054999971, 4.589913467000031 ], [ -74.075921113999982, 4.589911419000032 ], [ -74.075917101999948, 4.589909300000045 ], [ -74.07591316099996, 4.589907181000058 ], [ -74.075909219999971, 4.589905132000069 ], [ -74.075905207999938, 4.589903013000026 ], [ -74.075901267999939, 4.589900894000039 ], [ -74.07589732699995, 4.58989884600004 ], [ -74.075805983999942, 4.589851309000039 ], [ -74.075801971999965, 4.589849258000072 ], [ -74.075797960999978, 4.589847282000051 ], [ -74.075794018999943, 4.589845233000062 ], [ -74.075790009999935, 4.589843185000063 ], [ -74.075786068999946, 4.589841136000075 ], [ -74.075782057999959, 4.589839088000076 ], [ -74.075778046999972, 4.589837110000076 ], [ -74.075774104999937, 4.58983506200002 ], [ -74.075770093999949, 4.589833013000032 ], [ -74.075766152999961, 4.589831036000021 ], [ -74.075762141999974, 4.589828987000033 ], [ -74.075758130999986, 4.589827010000022 ], [ -74.075754118999953, 4.589825031000032 ], [ -74.075750107999966, 4.589823125000066 ], [ -74.07574602699998, 4.589821287000063 ], [ -74.075741944999947, 4.589819451000039 ], [ -74.075737862999972, 4.589817684000025 ], [ -74.075733710999941, 4.589816061000022 ], [ -74.075729558999967, 4.589814365000052 ], [ -74.075725406999936, 4.589812811000058 ], [ -74.075721182999985, 4.589811257000065 ], [ -74.075716960999955, 4.58980977300007 ], [ -74.075712738999982, 4.589808360000063 ], [ -74.075708445999965, 4.589806947000056 ], [ -74.075704222999946, 4.589805605000038 ], [ -74.075699930999974, 4.589804334000064 ], [ -74.075695567999958, 4.589803062000044 ], [ -74.075691273999951, 4.589801861000069 ], [ -74.075686911999981, 4.589800660000037 ], [ -74.075682548999964, 4.589799528000071 ], [ -74.075678185999948, 4.589798469000073 ], [ -74.075673823999978, 4.589797481000062 ], [ -74.075669389999973, 4.589796421000074 ], [ -74.075664955999969, 4.589795502000072 ], [ -74.075660520999975, 4.589794583000071 ], [ -74.07565608799996, 4.589793735000057 ], [ -74.075651582999967, 4.589792887000044 ], [ -74.075647149999952, 4.589792111000065 ], [ -74.075642644999959, 4.589791332000061 ], [ -74.075638140999956, 4.58979062700007 ], [ -74.075633636999953, 4.589789921000033 ], [ -74.075629063999941, 4.589789282000027 ], [ -74.075624559999937, 4.589788647000034 ], [ -74.075619984999946, 4.589788082000041 ], [ -74.075615480999943, 4.589787516000058 ], [ -74.075610906999941, 4.589787021000063 ], [ -74.07560633199995, 4.589786527000058 ], [ -74.075601757999948, 4.589786032000063 ], [ -74.075597182999957, 4.589785608000057 ], [ -74.075592608999955, 4.589785253000059 ], [ -74.075587961999986, 4.589784830000042 ], [ -74.075583389999963, 4.589784476000034 ], [ -74.075578743999984, 4.58978419400006 ], [ -74.075574169999982, 4.58978391100004 ], [ -74.075569524999935, 4.589783628000021 ], [ -74.075564878999955, 4.589783415000056 ], [ -74.075560304999954, 4.589783202000035 ], [ -74.075555660999953, 4.58978299100005 ], [ -74.075551015999963, 4.589782849000073 ], [ -74.075546370999973, 4.589782635000063 ], [ -74.075541725999983, 4.589782565000064 ], [ -74.075537151999981, 4.58978242400002 ], [ -74.075532507999981, 4.589782352000043 ], [ -74.075527861999944, 4.589782282000044 ], [ -74.075523218999933, 4.58978220900002 ], [ -74.075518572999954, 4.58978220900002 ], [ -74.075513926999975, 4.589782138000032 ], [ -74.075509282999974, 4.589782138000032 ], [ -74.075504707999983, 4.589782207000042 ], [ -74.075500061999946, 4.589782208000031 ], [ -74.075495418999935, 4.58978227700004 ], [ -74.075490842999955, 4.58978227800003 ], [ -74.075486198999954, 4.589782347000039 ], [ -74.075481623999963, 4.589782489000072 ], [ -74.075476979999962, 4.589782557000035 ], [ -74.075472404999971, 4.589782629000069 ], [ -74.075467830999969, 4.589782770000056 ], [ -74.075463186999968, 4.589782840000055 ], [ -74.075458611999977, 4.589782981000042 ], [ -74.075454036999986, 4.58978312000005 ], [ -74.075449532999983, 4.589783262000026 ], [ -74.075444958999981, 4.589783400000044 ], [ -74.075440384, 4.589783544000056 ], [ -74.075435879999986, 4.589783684000054 ], [ -74.075431375999983, 4.58978389400005 ], [ -74.07542687199998, 4.589784035000037 ], [ -74.075422368999966, 4.58978417700007 ], [ -74.075417863999974, 4.589784388000055 ], [ -74.07541335999997, 4.589784528000052 ], [ -74.075408925999966, 4.589784671000075 ], [ -74.075404492999951, 4.589784810000026 ], [ -74.075399988999948, 4.589785021000068 ], [ -74.075395623999952, 4.589785162000055 ], [ -74.075391189999948, 4.589785372000051 ], [ -74.075386755999943, 4.589785726000059 ], [ -74.075382392999984, 4.589786079000021 ], [ -74.075377957999933, 4.589786573000026 ], [ -74.075373595999963, 4.589787067000032 ], [ -74.075369161999959, 4.589787631000036 ], [ -74.075364797999953, 4.589788337000073 ], [ -74.075360435999983, 4.589789042000064 ], [ -74.075356072999966, 4.589789818000042 ], [ -74.075351707999971, 4.589790666000056 ], [ -74.075347343999965, 4.589791512000033 ], [ -74.075342979999959, 4.589792500000044 ], [ -74.075338617999989, 4.589793489000044 ], [ -74.075334253999984, 4.589794549000032 ], [ -74.075329891999957, 4.589795608000031 ], [ -74.075325597999949, 4.589796737000029 ], [ -74.075321233999944, 4.589797937000071 ], [ -74.075316870999984, 4.589799137000057 ], [ -74.075312577999966, 4.589800407000041 ], [ -74.07530821499995, 4.589801679000061 ], [ -74.075303920999943, 4.589803021000023 ], [ -74.075299556999937, 4.589804361000063 ], [ -74.075295263999976, 4.589805771000044 ], [ -74.07529090099996, 4.589807183000062 ], [ -74.075286607999942, 4.589808597000058 ], [ -74.075282243999936, 4.589810009000075 ], [ -74.075277950999975, 4.589811491000034 ], [ -74.075273657999958, 4.589812973000051 ], [ -74.075269294999941, 4.589814456000056 ], [ -74.075265001999981, 4.58981600900006 ], [ -74.075260707999973, 4.58981749000003 ], [ -74.075256344999957, 4.58981904500007 ], [ -74.075252051999939, 4.589820598000074 ], [ -74.075247757999989, 4.589822081000023 ], [ -74.075243394999973, 4.589823633000037 ], [ -74.075239101999955, 4.589825187000031 ], [ -74.075234738999939, 4.589826740000035 ], [ -74.075230445999978, 4.58982822300004 ], [ -74.075226150999981, 4.589829706000046 ], [ -74.075221787999965, 4.589831258000061 ], [ -74.075217494999947, 4.589832741000066 ], [ -74.075213131999988, 4.589834224000072 ], [ -74.07520883799998, 4.589835635000043 ], [ -74.075204473999975, 4.589837117000059 ], [ -74.075200111999948, 4.589838530000065 ], [ -74.075195817999941, 4.589839873000074 ], [ -74.075191454999981, 4.589841214000046 ], [ -74.075187090999975, 4.58984255300004 ], [ -74.075182797999958, 4.589843895000058 ], [ -74.075178434999941, 4.589845096000033 ], [ -74.075174070999935, 4.589846366000074 ], [ -74.075169706999986, 4.589847495000072 ], [ -74.07516534399997, 4.589848695000057 ], [ -74.075160979999964, 4.589849753000067 ], [ -74.075156616999948, 4.589850885000033 ], [ -74.075152253999988, 4.58985201400003 ], [ -74.075147890999972, 4.589853073000029 ], [ -74.075143456999967, 4.589854202000026 ], [ -74.075139091999972, 4.589855331000024 ], [ -74.075134728999956, 4.589856461000068 ], [ -74.075130365999939, 4.589857591000055 ], [ -74.075126001999934, 4.589858790000051 ], [ -74.075121638999974, 4.589859920000038 ], [ -74.075117274999968, 4.589861050000025 ], [ -74.075112911999952, 4.589862250000067 ], [ -74.075108547999946, 4.589863379000064 ], [ -74.075104184999987, 4.589864578000061 ], [ -74.07509982199997, 4.589865708000048 ], [ -74.075095458999954, 4.589866909000023 ], [ -74.075091094999948, 4.589868109000065 ], [ -74.075086729999953, 4.589869309000051 ], [ -74.075082366999936, 4.589870438000048 ], [ -74.075078003999977, 4.589871637000044 ], [ -74.07507364099996, 4.589872838000076 ], [ -74.075069276999955, 4.589874038000062 ], [ -74.075064913999938, 4.589875238000047 ], [ -74.075060549999989, 4.589876437000044 ], [ -74.075056185999983, 4.589877638000075 ], [ -74.075051822999967, 4.589878837000072 ], [ -74.075047459999951, 4.589880109000035 ], [ -74.075043096999934, 4.589881308000031 ], [ -74.075038732999985, 4.589882509000063 ], [ -74.07503436899998, 4.589883709000048 ], [ -74.075030004999974, 4.589884909000034 ], [ -74.075025641999957, 4.589886180000065 ], [ -74.075021278999941, 4.58988738000005 ], [ -74.075016914999935, 4.589888581000025 ], [ -74.075012550999986, 4.589889851000066 ], [ -74.07500818799997, 4.589891052000041 ], [ -74.075003824999953, 4.589892251000038 ], [ -74.074999460999948, 4.589893522000068 ], [ -74.074995097999988, 4.589894722000054 ], [ -74.074990662999937, 4.589895922000039 ], [ -74.074986299999978, 4.589897122000025 ], [ -74.074981935999972, 4.589898394000045 ], [ -74.074977572999956, 4.58989959400003 ], [ -74.074973210999985, 4.589900793000027 ], [ -74.074968845999933, 4.589902064000057 ], [ -74.074964482999974, 4.589903263000053 ], [ -74.074960117999979, 4.589904464000028 ], [ -74.074955756999941, 4.589905664000071 ], [ -74.074951392999935, 4.589906864000056 ], [ -74.074947029999976, 4.589908064000042 ], [ -74.07494266599997, 4.589909336000062 ], [ -74.074938301999964, 4.589910535000058 ], [ -74.074933937999958, 4.589911735000044 ], [ -74.074929574999942, 4.589912935000029 ], [ -74.074925212999972, 4.589914065000073 ], [ -74.074920847999977, 4.589915264000069 ], [ -74.074916412999983, 4.589916464000055 ], [ -74.074912049999966, 4.589917664000041 ], [ -74.07490768699995, 4.589918863000037 ], [ -74.074903323999933, 4.58991999400007 ], [ -74.074898960999974, 4.589921194000055 ], [ -74.074894596999968, 4.589922394000041 ], [ -74.074890231999973, 4.589923523000039 ], [ -74.074885869999946, 4.589924722000035 ], [ -74.074881506999986, 4.589925853000068 ], [ -74.074877072999982, 4.589926982000065 ], [ -74.074872709999966, 4.589928112000052 ], [ -74.074868343999981, 4.58992924100005 ], [ -74.074863981999954, 4.589930441000035 ], [ -74.074859617999948, 4.589931571000022 ], [ -74.074855254999989, 4.589932629000032 ], [ -74.074850820999984, 4.589933758000029 ], [ -74.074846457999968, 4.589934887000027 ], [ -74.074842093999962, 4.58993601800006 ], [ -74.074837729999956, 4.589937076000069 ], [ -74.07483336599995, 4.589938135000068 ], [ -74.074828933999981, 4.589939264000066 ], [ -74.074824570999965, 4.589940323000064 ], [ -74.074820206999959, 4.589941383000053 ], [ -74.074815841999964, 4.589942442000051 ], [ -74.07481140799996, 4.58994350100005 ], [ -74.074807044999943, 4.589944560000049 ], [ -74.074802681999984, 4.58994554800006 ], [ -74.074798248999969, 4.589946606000069 ], [ -74.074793884999963, 4.589947596000059 ], [ -74.074789520999957, 4.589948654000068 ], [ -74.074785086999952, 4.589949642000022 ], [ -74.074780723999936, 4.589950629000043 ], [ -74.074776359999987, 4.589951618000043 ], [ -74.074771926999972, 4.589952606000054 ], [ -74.074767563999956, 4.589953524000066 ], [ -74.074763200999939, 4.58995451100003 ], [ -74.074758764999956, 4.589955429000042 ], [ -74.07475440199994, 4.589956346000065 ], [ -74.074749967999935, 4.589957265000066 ], [ -74.074745604999976, 4.589958183000022 ], [ -74.074741170999971, 4.589959100000044 ], [ -74.074736808999944, 4.589959947000068 ], [ -74.074732444999938, 4.589960864000034 ], [ -74.074728009999944, 4.589961712000047 ], [ -74.074723646999985, 4.589962558000025 ], [ -74.07471921299998, 4.589963404000059 ], [ -74.074714849999964, 4.589964253000062 ], [ -74.074710415999959, 4.58996509900004 ], [ -74.074705981999955, 4.589965876000065 ], [ -74.074701619999985, 4.589966653000033 ], [ -74.074697184999934, 4.589967429000069 ], [ -74.074692821999975, 4.589968204000058 ], [ -74.074688386999981, 4.589968979000048 ], [ -74.074683952999976, 4.589969687000064 ], [ -74.074679590999949, 4.589970463000043 ], [ -74.074675155999955, 4.589971170000069 ], [ -74.07467072299994, 4.58997187500006 ], [ -74.074666359999981, 4.589972509000063 ], [ -74.074661925999976, 4.589973215000043 ], [ -74.074657491999972, 4.589973851000025 ], [ -74.074653127999966, 4.589974486000074 ], [ -74.074648694999951, 4.589975120000076 ], [ -74.074644259999957, 4.589975754000022 ], [ -74.074639827999988, 4.58997639200004 ], [ -74.074635462999936, 4.589976956000044 ], [ -74.074631028999988, 4.589977520000048 ], [ -74.074626595999973, 4.589978083000062 ], [ -74.074622161999969, 4.589978579000046 ], [ -74.074617728999954, 4.589979072000062 ], [ -74.074613294999949, 4.589979565000021 ], [ -74.074608790999946, 4.589979989000028 ], [ -74.074604356999942, 4.589980412000045 ], [ -74.074599852999938, 4.589980835000063 ], [ -74.074595418999934, 4.589981187000035 ], [ -74.074590914999987, 4.589981541000043 ], [ -74.074586410999984, 4.589981893000072 ], [ -74.074581905999935, 4.589982176000035 ], [ -74.074577402999978, 4.589982458000065 ], [ -74.074572896999939, 4.58998273900005 ], [ -74.074568394999972, 4.589982951000025 ], [ -74.074563818999934, 4.589983161000021 ], [ -74.074559315999977, 4.589983373000052 ], [ -74.074554809999938, 4.589983514000039 ], [ -74.074550235999936, 4.589983654000036 ], [ -74.074545731999933, 4.589983725000025 ], [ -74.074541157999988, 4.589983794000034 ], [ -74.074536652999939, 4.589983866000068 ], [ -74.074532078999937, 4.589983936000067 ], [ -74.074527504999935, 4.589983935000021 ], [ -74.074523, 4.589983865000022 ], [ -74.074518425999941, 4.589983864000033 ], [ -74.074513851999939, 4.589983792000055 ], [ -74.074509275999958, 4.589983721000067 ], [ -74.074504771999955, 4.589983579000034 ], [ -74.074500197999953, 4.589983438000047 ], [ -74.074495622999962, 4.589983296000071 ], [ -74.07449104899996, 4.589983154000038 ], [ -74.074486473999968, 4.589982940000027 ], [ -74.074481900999956, 4.589982659000043 ], [ -74.074477396999953, 4.589982446000022 ], [ -74.074472821999962, 4.589982162000069 ], [ -74.074468248999949, 4.589981880000039 ], [ -74.074463673999958, 4.58998152700002 ], [ -74.074459168999965, 4.589981173000069 ], [ -74.074454594999963, 4.589980820000051 ], [ -74.074450020999961, 4.589980394000065 ], [ -74.074445515999969, 4.589979970000059 ], [ -74.074440940999978, 4.589979547000041 ], [ -74.074436366999976, 4.589979124000024 ], [ -74.074431862999973, 4.58997862700005 ], [ -74.07442735799998, 4.589978134000035 ], [ -74.074422783999978, 4.589977568000052 ], [ -74.074418279999975, 4.589977001000022 ], [ -74.074413775999972, 4.589976436000029 ], [ -74.074409273999947, 4.589975871000036 ], [ -74.074404697999967, 4.589975236000043 ], [ -74.074400193999963, 4.589974599000072 ], [ -74.074395759999959, 4.589973891000056 ], [ -74.074391256999945, 4.589973185000076 ], [ -74.074386750999963, 4.589972479000039 ], [ -74.074382248999939, 4.589971772000069 ], [ -74.074377814999934, 4.589970996000034 ], [ -74.074373310999988, 4.58997021700003 ], [ -74.074368875999937, 4.589969440000061 ], [ -74.074364441999933, 4.589968593000037 ], [ -74.074360008999975, 4.589967745000024 ], [ -74.07435557499997, 4.589966895000032 ], [ -74.074351141999955, 4.58996597700002 ], [ -74.074346779999985, 4.589965059000065 ], [ -74.07434234699997, 4.589964141000053 ], [ -74.074337981999975, 4.589963151000063 ], [ -74.074333548999959, 4.589962233000051 ], [ -74.074329185999943, 4.589961173000063 ], [ -74.074324821999937, 4.589960183000073 ], [ -74.074320528999976, 4.589959123000028 ], [ -74.07431616599996, 4.589958064000029 ], [ -74.074311872999942, 4.589957004000041 ], [ -74.074307509999983, 4.589955873000065 ], [ -74.074303216999965, 4.589954743000021 ], [ -74.074298922999958, 4.589953613000034 ], [ -74.074294561999977, 4.589952481000068 ], [ -74.074290197999971, 4.589951352000071 ], [ -74.074285904999954, 4.589950221000038 ], [ -74.074281541999937, 4.58994909200004 ], [ -74.074277178999978, 4.589947890000076 ], [ -74.074272813999983, 4.589946760000032 ], [ -74.074268521999954, 4.589945560000046 ], [ -74.074264156999959, 4.589944359000071 ], [ -74.074259794999989, 4.589943228000038 ], [ -74.074255361999974, 4.589942027000063 ], [ -74.074250997999968, 4.589940825000042 ], [ -74.074246635999941, 4.589939624000067 ], [ -74.074242272999982, 4.589938424000024 ], [ -74.074237908999976, 4.589937153000051 ], [ -74.074233475999961, 4.589935951000029 ], [ -74.074229112999944, 4.589934680000056 ], [ -74.074224748999939, 4.589933407000046 ], [ -74.074220314999934, 4.589932206000071 ], [ -74.074215950999985, 4.589930934000051 ], [ -74.074211587999969, 4.589929591000043 ], [ -74.074207154999954, 4.58992832000007 ], [ -74.074202791999937, 4.589927049000039 ], [ -74.074198428999978, 4.58992570700002 ], [ -74.074193996999952, 4.589924435000057 ], [ -74.074189631999957, 4.589923093000039 ], [ -74.074185197999952, 4.58992175000003 ], [ -74.074180834999936, 4.589920408000069 ], [ -74.074176470999987, 4.58991906600005 ], [ -74.074172038999961, 4.589917651000064 ], [ -74.074167673999966, 4.589916311000025 ], [ -74.074163311999939, 4.589914898000075 ], [ -74.07415894899998, 4.589913485000068 ], [ -74.074154515999965, 4.589912072000061 ], [ -74.074150153999938, 4.589910660000044 ], [ -74.074145788999942, 4.589909246000047 ], [ -74.074141425999983, 4.58990783400003 ], [ -74.074137061999977, 4.589906349000046 ], [ -74.074132698999961, 4.58990486600004 ], [ -74.074128335999944, 4.589903384000024 ], [ -74.074124043999973, 4.589901900000029 ], [ -74.074119679999967, 4.589900417000024 ], [ -74.07411531799994, 4.589898862000041 ], [ -74.074110954999981, 4.589897377000057 ], [ -74.074106660999973, 4.589895824000052 ], [ -74.074102296999968, 4.589894270000059 ], [ -74.074098004999939, 4.589892646000067 ], [ -74.074093711999978, 4.589891091000027 ], [ -74.074089418999961, 4.589889465000056 ], [ -74.074085126999989, 4.589887912000052 ], [ -74.074080832999982, 4.58988628700007 ], [ -74.074076540999954, 4.589884591000043 ], [ -74.074072247999936, 4.589882966000062 ], [ -74.074067954999975, 4.589881272000071 ], [ -74.074063731999956, 4.589879648000021 ], [ -74.074059439999985, 4.589877951000062 ], [ -74.074055217999955, 4.589876186000026 ], [ -74.074050994999936, 4.589874491000046 ], [ -74.074046771999974, 4.589872724000031 ], [ -74.074042550999934, 4.589870958000063 ], [ -74.074038328999961, 4.589869193000027 ], [ -74.074034176999987, 4.589867427000058 ], [ -74.074029954999958, 4.589865659000054 ], [ -74.074025801999937, 4.589863825000066 ], [ -74.074021648999974, 4.589861987000063 ], [ -74.074017497999989, 4.58986015000005 ], [ -74.074013344999969, 4.589858244000027 ], [ -74.074009191999949, 4.589856406000024 ], [ -74.074005110999963, 4.589854500000058 ], [ -74.074000958999989, 4.589852592000057 ], [ -74.073996878999935, 4.589850613000067 ], [ -74.07399279599997, 4.589848708000034 ], [ -74.073988713999938, 4.589846730000033 ], [ -74.073984702999951, 4.589844752000033 ], [ -74.073980620999976, 4.589842703000045 ], [ -74.073976609999988, 4.589840726000034 ], [ -74.073972598999944, 4.589838677000046 ], [ -74.073968586999968, 4.589836628000057 ], [ -74.073964645999979, 4.589834581000048 ], [ -74.073960634999935, 4.589832460000025 ], [ -74.073956694999936, 4.589830342000027 ], [ -74.073952753999947, 4.58982822300004 ], [ -74.073948882999957, 4.589826103000064 ], [ -74.073944941999969, 4.589823914000021 ], [ -74.073941071999968, 4.589821724000046 ], [ -74.073937200999978, 4.58981953600005 ], [ -74.073933330999978, 4.58981727400004 ], [ -74.073929460999977, 4.589815085000055 ], [ -74.073925660999976, 4.589812824000035 ], [ -74.073921860999974, 4.589810495000052 ], [ -74.073918060999972, 4.589808233000042 ], [ -74.073914330999969, 4.589805901000034 ], [ -74.073910529999978, 4.589803572000051 ], [ -74.073906801999954, 4.589801168000065 ], [ -74.07390314099996, 4.589798840000071 ], [ -74.073899411999946, 4.589796438000064 ], [ -74.073895752999988, 4.589793965000069 ], [ -74.073892093999973, 4.589791564000052 ], [ -74.073888433999969, 4.589789091000057 ], [ -74.073884844999952, 4.589786620000041 ], [ -74.073881255999936, 4.589784078000037 ], [ -74.073877666999977, 4.589781535000043 ], [ -74.073874148999948, 4.589778921000061 ], [ -74.073870629999988, 4.589776307000022 ], [ -74.073867182999948, 4.589773625000021 ], [ -74.073863734999975, 4.589770868000073 ], [ -74.073860356999944, 4.589768114000037 ], [ -74.07385697899997, 4.589765360000058 ], [ -74.07385359899996, 4.589762535000034 ], [ -74.073850292999964, 4.589759638000032 ], [ -74.073846987999957, 4.589756743000066 ], [ -74.07384374999998, 4.589753776000066 ], [ -74.073840510999958, 4.589750809000066 ], [ -74.07383727399997, 4.589747773000056 ], [ -74.07383410999995, 4.589744735000068 ], [ -74.073830942999962, 4.589741627000024 ], [ -74.073827773999938, 4.589738520000026 ], [ -74.073824678999983, 4.58973534200004 ], [ -74.073821581999937, 4.589732164000054 ], [ -74.073818486999983, 4.589728915000023 ], [ -74.073815460999981, 4.589725736000048 ], [ -74.073812433999933, 4.589722418000065 ], [ -74.073809410999957, 4.589719169000034 ], [ -74.073806383999965, 4.589715778000027 ], [ -74.073803426999973, 4.589712458000065 ], [ -74.07380047099997, 4.589709069000037 ], [ -74.073797516999946, 4.589705679000076 ], [ -74.073794631999988, 4.589702288000069 ], [ -74.073791676999974, 4.589698828000053 ], [ -74.073788791999959, 4.589695366000058 ], [ -74.073785904999966, 4.589691835000053 ], [ -74.073783091999985, 4.589688374000048 ], [ -74.073780205999981, 4.589684844000033 ], [ -74.073777391999954, 4.589681311000049 ], [ -74.073774576999938, 4.589677710000046 ], [ -74.073771761999978, 4.589674178000053 ], [ -74.073768947999952, 4.589670577000049 ], [ -74.073766131999946, 4.589666973000021 ], [ -74.073763388999964, 4.589663303000066 ], [ -74.073760573999948, 4.589659701000073 ], [ -74.073757828999987, 4.589656027000046 ], [ -74.073755085999949, 4.589652354000066 ], [ -74.073752339999942, 4.589648682000075 ], [ -74.073749597999949, 4.589645008000048 ], [ -74.073746853999978, 4.589641338000035 ], [ -74.073744106999982, 4.589637595000056 ], [ -74.073741434999988, 4.589633921000029 ], [ -74.073738689999971, 4.58963017800005 ], [ -74.073735945999942, 4.589626435000071 ], [ -74.07373327199997, 4.589622761000044 ], [ -74.073730526999952, 4.589619018000064 ], [ -74.07372785299998, 4.589615275000028 ], [ -74.073725109999941, 4.589611532000049 ], [ -74.073722434999979, 4.589607790000059 ], [ -74.073719691999941, 4.589604046000034 ], [ -74.073717016999979, 4.589600303000054 ], [ -74.073714342999949, 4.589596561000064 ], [ -74.073711600999957, 4.589592816000049 ], [ -74.07370885399996, 4.58958907300007 ], [ -74.073706181999967, 4.589585330000034 ], [ -74.073703436999949, 4.589581587000055 ], [ -74.073700691999989, 4.589577914000074 ], [ -74.073698018999949, 4.589574171000038 ], [ -74.073695274999977, 4.589570428000059 ], [ -74.07369252899997, 4.589566756000067 ], [ -74.073689785999989, 4.589563012000042 ], [ -74.073686970999972, 4.589559340000051 ], [ -74.073684226999944, 4.58955566800006 ], [ -74.073681481999984, 4.589551995000022 ], [ -74.073678667999957, 4.589548322000041 ], [ -74.073675852999941, 4.58954465000005 ], [ -74.07367310799998, 4.589541047000068 ], [ -74.073670293999953, 4.589537445000076 ], [ -74.073667407999949, 4.589533772000038 ], [ -74.073664595999958, 4.58953024300007 ], [ -74.073661709999953, 4.589526639000042 ], [ -74.073658894999937, 4.589523037000049 ], [ -74.073656008999933, 4.589519507000034 ], [ -74.073653124999964, 4.589515974000051 ], [ -74.073650168999961, 4.589512513000045 ], [ -74.073647212999958, 4.589508981000051 ], [ -74.073644328999933, 4.589505522000024 ], [ -74.073641301999942, 4.589502132000064 ], [ -74.073638345999939, 4.589498671000058 ], [ -74.073635321999973, 4.589495280000051 ], [ -74.073632296999961, 4.589491890000033 ], [ -74.07362926899998, 4.589488571000061 ], [ -74.073626242999978, 4.589485252000031 ], [ -74.073623148999957, 4.589481932000069 ], [ -74.073620050999978, 4.589478683000038 ], [ -74.073616884999979, 4.589475435000054 ], [ -74.073613718999979, 4.589472186000023 ], [ -74.07361055299998, 4.589469007000048 ], [ -74.073607383999956, 4.589465899000061 ], [ -74.073604147999959, 4.589462791000074 ], [ -74.073600910999971, 4.58945968300003 ], [ -74.073597673999984, 4.589456574000053 ], [ -74.073594366999941, 4.589453468000045 ], [ -74.073591059999956, 4.589450430000056 ], [ -74.07358775199998, 4.589447394000047 ], [ -74.073584445999984, 4.589444356000058 ], [ -74.073581137999952, 4.589441319000059 ], [ -74.073577759999978, 4.589438354000038 ], [ -74.073574452999935, 4.589435317000039 ], [ -74.073571075999951, 4.589432351000028 ], [ -74.073567696999987, 4.589429384000027 ], [ -74.073564248999958, 4.589426488000072 ], [ -74.073560870999984, 4.589423522000061 ], [ -74.073559533999969, 4.589422390000038 ], [ -74.073557420999975, 4.589420555000061 ], [ -74.073553974999982, 4.589417660000038 ], [ -74.073550526999952, 4.589414764000026 ], [ -74.073547077999933, 4.58941186800007 ], [ -74.07354363099995, 4.589408972000058 ], [ -74.073540111999989, 4.589406145000055 ], [ -74.073536592999972, 4.589403322000067 ], [ -74.073533073999954, 4.589400425000065 ], [ -74.073529556999972, 4.589397600000041 ], [ -74.073526037999954, 4.589394776000063 ], [ -74.073522519999983, 4.589392021000037 ], [ -74.073519000999966, 4.589389195000024 ], [ -74.073515412999939, 4.589386440000055 ], [ -74.073511823999979, 4.589383616000021 ], [ -74.073508234999963, 4.589380861000052 ], [ -74.073504643999968, 4.589378105000037 ], [ -74.073501054999952, 4.589375351000058 ], [ -74.073497466999981, 4.589372667000021 ], [ -74.073493807999967, 4.589369912000052 ], [ -74.073490217999961, 4.589367229000061 ], [ -74.073486558999946, 4.589364545000024 ], [ -74.073482899999988, 4.589361791000044 ], [ -74.073479309999982, 4.589359106000074 ], [ -74.073475652999946, 4.589356493000025 ], [ -74.073471922999943, 4.589353809000045 ], [ -74.073468263999985, 4.589351125000064 ], [ -74.07346460499997, 4.589348513000061 ], [ -74.073460943999976, 4.589345898000033 ], [ -74.073457214999962, 4.589343214000053 ], [ -74.073453485999948, 4.58934060100006 ], [ -74.073449825999944, 4.589337988000068 ], [ -74.073446095999941, 4.589335444000028 ], [ -74.073442365999938, 4.589332831000036 ], [ -74.073438636999981, 4.589330218000043 ], [ -74.073434906999978, 4.58932767400006 ], [ -74.073431176999975, 4.589325133000045 ], [ -74.073427447999961, 4.589322518000074 ], [ -74.073423717999958, 4.58931997600007 ], [ -74.073419988999945, 4.589317433000076 ], [ -74.073416188999943, 4.589314890000026 ], [ -74.07341245799995, 4.589312419000066 ], [ -74.073408657999948, 4.589309875000026 ], [ -74.073404928999935, 4.589307334000068 ], [ -74.073401127999944, 4.589304860000027 ], [ -74.073397398999987, 4.589302318000023 ], [ -74.073393598999985, 4.589299845000028 ], [ -74.073389869999971, 4.589297374000068 ], [ -74.073386070999959, 4.589294902000063 ], [ -74.073382268999978, 4.589292429000068 ], [ -74.073378469999966, 4.589289957000062 ], [ -74.073374670999954, 4.589287485000057 ], [ -74.073370940999951, 4.589285012000062 ], [ -74.073367139999959, 4.589282542000035 ], [ -74.073363339999958, 4.589280139000039 ], [ -74.073359539999956, 4.589277666000044 ], [ -74.073355739999954, 4.589275267000062 ], [ -74.073351938999963, 4.589272793000021 ], [ -74.07334814099994, 4.589270391000071 ], [ -74.073344409999947, 4.589267990000053 ], [ -74.073340608999956, 4.589265517000058 ], [ -74.073336807999965, 4.589263046000042 ], [ -74.073333007999963, 4.589260574000036 ], [ -74.073329207999961, 4.589258102000031 ], [ -74.073325408999949, 4.589255628000046 ], [ -74.073321608999947, 4.589253159000066 ], [ -74.073317878999944, 4.589250614000036 ], [ -74.073314078999942, 4.589248142000031 ], [ -74.073310277999951, 4.589245600000027 ], [ -74.073306478999939, 4.589243057000033 ], [ -74.073302678999937, 4.589240583000048 ], [ -74.073298877999946, 4.589238042000034 ], [ -74.073295077999944, 4.589235429000041 ], [ -74.073291348999987, 4.589232887000037 ], [ -74.073287548999986, 4.589230342000064 ], [ -74.073283748999984, 4.58922780000006 ], [ -74.073279948999982, 4.589225187000068 ], [ -74.07327614999997, 4.589222642000038 ], [ -74.073272348999978, 4.589220030000035 ], [ -74.073268548999977, 4.589217489000021 ], [ -74.073264748999975, 4.589214875000039 ], [ -74.073260949999963, 4.589212260000068 ], [ -74.073257147999982, 4.589209718000063 ], [ -74.07325334799998, 4.589207104000025 ], [ -74.073249547999978, 4.589204492000022 ], [ -74.073245746999987, 4.58920187800004 ], [ -74.073241946999985, 4.589199264000058 ], [ -74.073238147999973, 4.589196723000043 ], [ -74.073234347999971, 4.589194108000072 ], [ -74.07323054799997, 4.589191494000033 ], [ -74.073226747999968, 4.58918888200003 ], [ -74.073222947999966, 4.589186268000049 ], [ -74.073219146999975, 4.589183655000056 ], [ -74.073215347999962, 4.589181112000063 ], [ -74.07321154899995, 4.589178498000024 ], [ -74.073207676999971, 4.589175886000021 ], [ -74.073203876999969, 4.58917327100005 ], [ -74.073200075999978, 4.589170730000035 ], [ -74.073196276999965, 4.589168116000053 ], [ -74.073192406999965, 4.589165574000049 ], [ -74.073188607999953, 4.589162958000031 ], [ -74.073184736999963, 4.589160416000027 ], [ -74.073180935999972, 4.58915780500007 ], [ -74.07317713599997, 4.589155260000041 ], [ -74.07317326499998, 4.589152718000037 ], [ -74.073169394999979, 4.589150176000032 ], [ -74.073165594999978, 4.589147632000049 ], [ -74.073161724999977, 4.589145090000045 ], [ -74.073157924999975, 4.589142547000051 ], [ -74.073154053999986, 4.589140075000046 ], [ -74.073150183999985, 4.589137532000052 ], [ -74.073146314999974, 4.589135059000057 ], [ -74.073142443999984, 4.589132517000053 ], [ -74.073138643999982, 4.589130045000047 ], [ -74.073134772999936, 4.589127572000052 ], [ -74.073130901999946, 4.589125101000036 ], [ -74.073127030999956, 4.589122628000041 ], [ -74.073123161999945, 4.589120226000034 ], [ -74.073119221999946, 4.589117755000075 ], [ -74.073115350999956, 4.589115352000022 ], [ -74.073111479999966, 4.589112951000061 ], [ -74.073107609999965, 4.589110550000044 ], [ -74.073103667999987, 4.589108219000025 ], [ -74.073099797999987, 4.589105817000075 ], [ -74.073095925999951, 4.589103486000056 ], [ -74.073091984999962, 4.589101156000027 ], [ -74.073088044999963, 4.589098824000075 ], [ -74.073084175999952, 4.589096494000046 ], [ -74.073080233999974, 4.589094162000038 ], [ -74.073076292999986, 4.589091902000064 ], [ -74.073072421999939, 4.589089642000033 ], [ -74.07306848099995, 4.58908738100007 ], [ -74.073064540999951, 4.589085193000074 ], [ -74.073060600999952, 4.589082931000064 ], [ -74.073056659999963, 4.589080743000068 ], [ -74.073052648999976, 4.589078622000045 ], [ -74.073048706999941, 4.589076434000049 ], [ -74.073044765999953, 4.589074314000072 ], [ -74.073040824999964, 4.589072196000075 ], [ -74.073036813999977, 4.589070076000041 ], [ -74.073032872999988, 4.589067958000044 ], [ -74.073028862999934, 4.589065908000066 ], [ -74.073024850999957, 4.589063860000067 ], [ -74.073020909999968, 4.589061881000021 ], [ -74.073016898999981, 4.589059905000056 ], [ -74.073012887999937, 4.58905792500002 ], [ -74.07300887599996, 4.589055949000056 ], [ -74.073004863999984, 4.589054041000054 ], [ -74.07300085299994, 4.589052135000031 ], [ -74.072996843999988, 4.58905022700003 ], [ -74.072992761999956, 4.589048390000073 ], [ -74.072988750999968, 4.589046554000049 ], [ -74.072984738999935, 4.589044718000025 ], [ -74.072980657999949, 4.589042949000032 ], [ -74.072976575999974, 4.589041186000031 ], [ -74.072972564999986, 4.589039490000062 ], [ -74.072968482999954, 4.589037793000045 ], [ -74.072964400999979, 4.589036100000044 ], [ -74.072960319999936, 4.589034474000073 ], [ -74.07295623899995, 4.589032850000024 ], [ -74.072952156999975, 4.589031224000053 ], [ -74.072948004999944, 4.589029671000048 ], [ -74.072943923999958, 4.589028118000044 ], [ -74.072939770999938, 4.58902663300006 ], [ -74.072935689999952, 4.589025149000065 ], [ -74.072931536999988, 4.589023667000049 ], [ -74.072927384999957, 4.589022254000042 ], [ -74.072923232999983, 4.589020841000035 ], [ -74.072919150999951, 4.589019498000027 ], [ -74.072914928999978, 4.589018156000066 ], [ -74.072910775999958, 4.589016885000035 ], [ -74.072906624999973, 4.589015613000072 ], [ -74.072902471999953, 4.589014411000051 ], [ -74.07289825099997, 4.589013211000065 ], [ -74.072894027999951, 4.589012010000033 ], [ -74.072889804999988, 4.589010878000067 ], [ -74.072885582999959, 4.58900974900007 ], [ -74.072881289999941, 4.589008618000037 ], [ -74.07287699799997, 4.58900748800005 ], [ -74.072872632999974, 4.589006358000063 ], [ -74.072868339999957, 4.589005298000075 ], [ -74.072863975999951, 4.589004239000076 ], [ -74.072859612999935, 4.58900324800004 ], [ -74.072855249999975, 4.589002189000041 ], [ -74.072850815999971, 4.589001199000052 ], [ -74.072846382999955, 4.589000210000052 ], [ -74.07284194999994, 4.58899929100005 ], [ -74.072837516999982, 4.588998374000028 ], [ -74.072833012999979, 4.588997455000026 ], [ -74.072828508999976, 4.588996537000071 ], [ -74.072824003999983, 4.588995688000068 ], [ -74.07281949999998, 4.588994841000044 ], [ -74.072814995999977, 4.588993993000031 ], [ -74.072810420999986, 4.588993143000039 ], [ -74.072805916999982, 4.58899236600007 ], [ -74.07280134399997, 4.588991590000035 ], [ -74.072796768999979, 4.588990883000065 ], [ -74.072792195999966, 4.588990107000029 ], [ -74.072787548999941, 4.58898939900007 ], [ -74.072782975999985, 4.588988762000042 ], [ -74.072778329999949, 4.588988056000062 ], [ -74.072773755999947, 4.588987491000069 ], [ -74.072769111999946, 4.588986856000076 ], [ -74.072764466999956, 4.588986288000058 ], [ -74.072759822999956, 4.588985724000054 ], [ -74.072755105999988, 4.588985158000071 ], [ -74.072750460999941, 4.588984663000076 ], [ -74.072745815999951, 4.588984169000071 ], [ -74.072741100999963, 4.588983674000076 ], [ -74.072736456999962, 4.588983249000023 ], [ -74.072731741999974, 4.588982824000027 ], [ -74.072727096999984, 4.588982401000067 ], [ -74.072722381999938, 4.588982048000048 ], [ -74.07271766599996, 4.588981693000051 ], [ -74.072712950999971, 4.588981410000031 ], [ -74.072708305999981, 4.588981127000068 ], [ -74.072703590999936, 4.588980845000037 ], [ -74.072698876999937, 4.588980631000027 ], [ -74.072694160999959, 4.588980418000062 ], [ -74.07268944599997, 4.58898020700002 ], [ -74.072684730999981, 4.588980066000033 ], [ -74.072680014999946, 4.588979923000068 ], [ -74.072675369999956, 4.588979853000069 ], [ -74.072670653999978, 4.588979711000036 ], [ -74.072665939999979, 4.588979711000036 ], [ -74.072661224999933, 4.588979710000046 ], [ -74.072656509999945, 4.588979710000046 ], [ -74.072651864999955, 4.588979709000057 ], [ -74.072647148999977, 4.588979779000056 ], [ -74.072642503999987, 4.588979849000054 ], [ -74.072637788999941, 4.588979991000031 ], [ -74.072633143999951, 4.588980130000039 ], [ -74.072628427999973, 4.58898034200007 ], [ -74.072623782999983, 4.588980553000056 ], [ -74.072619139999972, 4.588980764000041 ], [ -74.072614494999982, 4.588981047000061 ], [ -74.072609849999935, 4.588981399000033 ], [ -74.072605203999956, 4.588981680000074 ], [ -74.072600630999943, 4.588982034000026 ], [ -74.072595983999975, 4.588982457000043 ], [ -74.072591409999973, 4.588982879000071 ], [ -74.072586835999971, 4.588983374000065 ], [ -74.07258219199997, 4.588983798000072 ], [ -74.072577616999979, 4.58898436100003 ], [ -74.072573111999986, 4.588984924000044 ], [ -74.072568536999938, 4.588985490000027 ], [ -74.072564032999935, 4.588986125000076 ], [ -74.072559528999989, 4.588986760000068 ], [ -74.072555024999986, 4.58898746400007 ], [ -74.072550520999982, 4.588988172000029 ], [ -74.072546015999933, 4.588988878000066 ], [ -74.072541582999975, 4.588989654000045 ], [ -74.07253714899997, 4.588990500000023 ], [ -74.072532715999955, 4.588991347000047 ], [ -74.072528281999951, 4.58899219400007 ], [ -74.072523848999936, 4.588993112000026 ], [ -74.07251948399994, 4.588994100000036 ], [ -74.072515119999935, 4.588995088000047 ], [ -74.072510827999963, 4.588996076000058 ], [ -74.072506463999957, 4.588997136000046 ], [ -74.072502171999986, 4.588998265000043 ], [ -74.072497877999979, 4.588999394000041 ], [ -74.07249365499996, 4.589000524000028 ], [ -74.072489361999942, 4.58900172400007 ], [ -74.072485139999969, 4.589002994000055 ], [ -74.072480986999949, 4.589004264000039 ], [ -74.072476763999987, 4.589005536000059 ], [ -74.072472611999956, 4.589006877000031 ], [ -74.07246853099997, 4.589008288000059 ], [ -74.072464375999971, 4.589009701000066 ], [ -74.072460294999985, 4.589011185000061 ], [ -74.072456284999987, 4.58901266700002 ], [ -74.072452201999965, 4.589014220000024 ], [ -74.072448190999978, 4.589015772000039 ], [ -74.072444178999945, 4.589017325000043 ], [ -74.072440166999968, 4.589018949000035 ], [ -74.072436155999981, 4.589020574000074 ], [ -74.072432213999946, 4.589022269000054 ], [ -74.072428201999969, 4.589023962000056 ], [ -74.072424260999981, 4.589025657000036 ], [ -74.072420248999947, 4.589027350000038 ], [ -74.072416308999948, 4.589029116000063 ], [ -74.072412295999982, 4.589030882000031 ], [ -74.072408355999983, 4.589032718000055 ], [ -74.072404413999948, 4.589034551000054 ], [ -74.072400472999959, 4.589036388000068 ], [ -74.072396531999971, 4.589038224000035 ], [ -74.072392589999936, 4.589040131000047 ], [ -74.072388719999935, 4.589042036000023 ], [ -74.072384777999957, 4.589043943000036 ], [ -74.072380836999969, 4.589045921000036 ], [ -74.072376964999989, 4.589047897000057 ], [ -74.072373024999933, 4.589049874000068 ], [ -74.072369151999965, 4.589051922000067 ], [ -74.072365281999964, 4.58905396800003 ], [ -74.072361411999964, 4.589056017000075 ], [ -74.072357541999963, 4.589058064000028 ], [ -74.072353668999938, 4.589060183000072 ], [ -74.072349798999937, 4.589062300000023 ], [ -74.072345926999958, 4.589064419000067 ], [ -74.072342056999958, 4.589066608000053 ], [ -74.072338184999978, 4.589068725000061 ], [ -74.072334385999966, 4.589070914000047 ], [ -74.072330513999987, 4.589073103000032 ], [ -74.072326713999985, 4.589075363000063 ], [ -74.072322842999938, 4.589077623000037 ], [ -74.072319041999947, 4.589079882000021 ], [ -74.072315239999966, 4.589082141000063 ], [ -74.072311370999955, 4.589084472000025 ], [ -74.072307569999964, 4.589086731000066 ], [ -74.072303767999983, 4.589089060000049 ], [ -74.072299968999971, 4.589091461000066 ], [ -74.072296166999934, 4.589093792000028 ], [ -74.072292367999978, 4.589096192000056 ], [ -74.072288636999986, 4.589098523000075 ], [ -74.072284835999938, 4.589100992000056 ], [ -74.072281036999982, 4.589103395000052 ], [ -74.072277305999989, 4.589105793000044 ], [ -74.072273505999988, 4.589108267000029 ], [ -74.072269773999949, 4.589110737000055 ], [ -74.072265973999947, 4.58911321000005 ], [ -74.072262243999944, 4.589115751000065 ], [ -74.072258513999941, 4.589118222000025 ], [ -74.072254713999939, 4.589120763000039 ], [ -74.072250981999957, 4.589123306000033 ], [ -74.072247252999944, 4.589125848000037 ], [ -74.072243522999941, 4.589128389000052 ], [ -74.072239790999959, 4.589131004000023 ], [ -74.072236061999945, 4.589133543000059 ], [ -74.072232331999942, 4.589136158000031 ], [ -74.07222859899997, 4.589138769000044 ], [ -74.072224941999934, 4.589141382000037 ], [ -74.072221209999952, 4.589144064000038 ], [ -74.072217479999949, 4.58914667800002 ], [ -74.072213820999934, 4.589149360000022 ], [ -74.072210089999942, 4.589152045000048 ], [ -74.072206431999973, 4.589154726000061 ], [ -74.07220270199997, 4.589157410000041 ], [ -74.072199039999987, 4.589160094000022 ], [ -74.072195311999963, 4.589162776000023 ], [ -74.072191649999979, 4.589165532000038 ], [ -74.072187989999975, 4.589168283000049 ], [ -74.072184331999949, 4.58917096700003 ], [ -74.072180599999967, 4.589173721000066 ], [ -74.072176939999963, 4.589176474000055 ], [ -74.072173281999937, 4.589179300000069 ], [ -74.072169620999944, 4.589182053000059 ], [ -74.07216595999995, 4.589184806000048 ], [ -74.071960935999982, 4.589349612000035 ], [ -74.071957344999987, 4.58935243600007 ], [ -74.07195382499998, 4.589355332000025 ], [ -74.071950236999953, 4.58935815600006 ], [ -74.071946647999937, 4.589361052000072 ], [ -74.071943127999987, 4.58936387600005 ], [ -74.071939537999981, 4.589366701000074 ], [ -74.071935949999954, 4.589369524000062 ], [ -74.071932429999947, 4.589372350000076 ], [ -74.071928838999952, 4.589375173000064 ], [ -74.071925319999934, 4.589377998000032 ], [ -74.071921731999964, 4.589380822000066 ], [ -74.071918141999959, 4.589383577000035 ], [ -74.071914621999952, 4.589386400000024 ], [ -74.071911032999935, 4.58938915400006 ], [ -74.071907443999976, 4.589391980000073 ], [ -74.071903922999979, 4.589394732000073 ], [ -74.071900334999953, 4.589397487000042 ], [ -74.071896745999936, 4.589400241000021 ], [ -74.071893225999986, 4.589402993000022 ], [ -74.07188963599998, 4.589405749000036 ], [ -74.071886116999963, 4.589408501000037 ], [ -74.071882527999946, 4.589411257000052 ], [ -74.071879007999939, 4.589414081000029 ], [ -74.071875489999968, 4.58941683300003 ], [ -74.071871900999952, 4.589419660000033 ], [ -74.071868380999945, 4.589422482000032 ], [ -74.071864859999948, 4.589425236000068 ], [ -74.071861340999988, 4.589428061000035 ], [ -74.071857894999937, 4.589430886000059 ], [ -74.071854374999987, 4.589433711000027 ], [ -74.071850853999933, 4.589436534000072 ], [ -74.071847335999962, 4.589439429000038 ], [ -74.071843887999989, 4.589442253000072 ], [ -74.071840367999982, 4.589445079000029 ], [ -74.071836919999953, 4.589447973000063 ], [ -74.071833400999935, 4.58945079700004 ], [ -74.071829951999973, 4.589453693000053 ], [ -74.071826432999956, 4.589456589000065 ], [ -74.071822983999937, 4.589459482000052 ], [ -74.071819534999975, 4.589462307000076 ], [ -74.071816085999956, 4.589465203000032 ], [ -74.071812636999937, 4.589468097000065 ], [ -74.071809187999975, 4.589471064000065 ], [ -74.071805739999945, 4.589473958000042 ], [ -74.071802291999973, 4.589476853000065 ], [ -74.071798842999954, 4.589479748000031 ], [ -74.071795393999935, 4.589482714000042 ], [ -74.071792013999982, 4.589485609000064 ], [ -74.071788565999952, 4.589488574000029 ], [ -74.071785187999978, 4.58949154000004 ], [ -74.071781739999949, 4.589494436000052 ], [ -74.071778289999941, 4.589497400000027 ], [ -74.071774910999977, 4.589500368000074 ], [ -74.071771532999946, 4.589503332000049 ], [ -74.071768084999974, 4.589506297000071 ], [ -74.071764706999943, 4.589509265000061 ], [ -74.07176132799998, 4.589512229000036 ], [ -74.071757948999959, 4.589515195000047 ], [ -74.07175449999994, 4.589518162000047 ], [ -74.071751120999977, 4.589521197000067 ], [ -74.071747742999946, 4.589524164000068 ], [ -74.071744365999962, 4.589527128000043 ], [ -74.071740986999941, 4.589530165000042 ], [ -74.071737606999989, 4.589533131000053 ], [ -74.071734228999958, 4.589536167000063 ], [ -74.071730921999972, 4.589539133000073 ], [ -74.071727541999962, 4.589542170000072 ], [ -74.071724165999967, 4.589545205000036 ], [ -74.071720786999947, 4.589548242000035 ], [ -74.071717478999972, 4.589551208000046 ], [ -74.071714099999951, 4.589554243000066 ], [ -74.071710721999978, 4.589557281000054 ], [ -74.071707412999956, 4.589560316000075 ], [ -74.071704035999971, 4.589563352000027 ], [ -74.071700727999939, 4.589566389000026 ], [ -74.071697348999976, 4.589569425000036 ], [ -74.071694039999954, 4.589572461000046 ], [ -74.07169066199998, 4.589575498000045 ], [ -74.071687354999938, 4.589578535000044 ], [ -74.071684046999962, 4.589581640000063 ], [ -74.071680667999942, 4.589584678000051 ], [ -74.071677358999978, 4.589587713000071 ], [ -74.071674050999945, 4.58959075000007 ], [ -74.071670672999971, 4.589593856000022 ], [ -74.071667364999939, 4.589596892000031 ], [ -74.071664056999964, 4.5896 ], [ -74.071660749999978, 4.589603037000074 ], [ -74.071657439999967, 4.589606073000027 ], [ -74.071654132999981, 4.589609179000036 ], [ -74.071650824999949, 4.589612216000035 ], [ -74.071647514999938, 4.589615323000032 ], [ -74.071644206999963, 4.589618429000041 ], [ -74.071640901999956, 4.589621467000029 ], [ -74.071637592999934, 4.589624573000037 ], [ -74.071634284999959, 4.589627610000036 ], [ -74.071630976999984, 4.589630716000045 ], [ -74.071627668999952, 4.589633825000021 ], [ -74.071624359999987, 4.589636860000041 ], [ -74.071621051999955, 4.589639967000039 ], [ -74.07161774399998, 4.589643073000047 ], [ -74.071614434999958, 4.589646110000047 ], [ -74.071611127999972, 4.589649217000044 ], [ -74.071607820999986, 4.589652323000053 ], [ -74.071604582999953, 4.589655429000061 ], [ -74.071601273999988, 4.589658467000049 ], [ -74.071597965999956, 4.589661575000036 ], [ -74.07159465899997, 4.589664681000045 ], [ -74.071591349999949, 4.589667788000042 ], [ -74.071588111999972, 4.589670824000052 ], [ -74.07158480399994, 4.58967393100005 ], [ -74.071581496999954, 4.589677039000037 ], [ -74.071578188999979, 4.589680144000056 ], [ -74.071574950999945, 4.589683182000044 ], [ -74.071571641999981, 4.589686288000053 ], [ -74.071568333999949, 4.58968939500005 ], [ -74.071565026999963, 4.589692501000059 ], [ -74.071561788999986, 4.589695610000035 ], [ -74.071558479999965, 4.589698645000055 ], [ -74.071555172999979, 4.589701752000053 ], [ -74.071551864999947, 4.589704859000051 ], [ -74.07154862699997, 4.589707966000049 ], [ -74.071545317999949, 4.589711003000048 ], [ -74.071542009999973, 4.589714110000045 ], [ -74.07153877199994, 4.589717215000064 ], [ -74.071535464999954, 4.589720254000042 ], [ -74.071532157999968, 4.58972336100004 ], [ -74.071528849999936, 4.589726465000069 ], [ -74.071525541999961, 4.589729502000068 ], [ -74.07152223199995, 4.589732611000045 ], [ -74.071518923999975, 4.589735716000064 ], [ -74.071515615999942, 4.589738752000073 ], [ -74.071512236999979, 4.589741859000071 ], [ -74.071508930999983, 4.58974489700006 ], [ -74.071505552999952, 4.589748004000057 ], [ -74.071502242999941, 4.589751039000021 ], [ -74.071498864999967, 4.589754147000065 ], [ -74.071495485999947, 4.589757254000062 ], [ -74.071492177999971, 4.589760291000061 ], [ -74.071488801999976, 4.589763395000034 ], [ -74.071485421999967, 4.589766434000069 ], [ -74.071482043999936, 4.589769541000067 ], [ -74.071478663999983, 4.58977257600003 ], [ -74.071475285999952, 4.589775683000028 ], [ -74.071471907999978, 4.589778789000036 ], [ -74.071468530999937, 4.589781827000024 ], [ -74.071465151999973, 4.589784933000033 ], [ -74.071461772999953, 4.589787969000042 ], [ -74.071458392999943, 4.58979107600004 ], [ -74.07145501499997, 4.589794184000027 ], [ -74.071451636999939, 4.589797221000026 ], [ -74.071448259999954, 4.589800328000024 ], [ -74.071444879999945, 4.589803433000043 ], [ -74.07144150299996, 4.589806540000041 ], [ -74.07143812299995, 4.589809648000028 ], [ -74.071434744999976, 4.589812684000037 ], [ -74.071431365999956, 4.589815790000046 ], [ -74.071431014999973, 4.58981611400003 ], [ -74.071206679999989, 4.589819567000063 ], [ -74.071082407999938, 4.589821480000069 ], [ -74.070974039999953, 4.58982314800005 ], [ -74.070030299999985, 4.589738840000052 ], [ -74.069114109999987, 4.589625006000063 ], [ -74.068904243999953, 4.589577102000021 ], [ -74.06876385399994, 4.58954505600002 ], [ -74.068693420999978, 4.589529828000025 ], [ -74.068628975999957, 4.589467159000037 ], [ -74.068521243999953, 4.589276591000043 ], [ -74.068509080999945, 4.589232996000021 ], [ -74.068485548999945, 4.589148650000027 ], [ -74.068465703999948, 4.589023653000027 ], [ -74.068464436999989, 4.58890210900006 ], [ -74.06845081299997, 4.588734075000048 ], [ -74.068409755999937, 4.588678525000034 ], [ -74.068344749999937, 4.588643558000058 ], [ -74.068305840999983, 4.588595911000027 ], [ -74.068288244999962, 4.588562350000075 ], [ -74.068233937999935, 4.588476140000068 ], [ -74.06822140099996, 4.588450015000035 ], [ -74.068207770999948, 4.588430462000076 ], [ -74.068149304999963, 4.588368057000025 ], [ -74.068130553999936, 4.588343475000045 ], [ -74.068074947999946, 4.588300949000029 ], [ -74.068042717999958, 4.588289008000061 ], [ -74.068027790999963, 4.588276944000029 ], [ -74.067945565999935, 4.58822916400004 ], [ -74.067935340999952, 4.588223223000057 ], [ -74.067916149999974, 4.588205343000027 ], [ -74.067799355999966, 4.588140511000063 ], [ -74.067779157999951, 4.588128919000042 ], [ -74.06775909199996, 4.588117290000071 ], [ -74.06770344399996, 4.588069726000072 ], [ -74.067692242999954, 4.588046319000057 ], [ -74.067619623999974, 4.58795927400007 ], [ -74.067607428999963, 4.58794209000007 ], [ -74.067603374999976, 4.587936377000062 ], [ -74.067567046999955, 4.587907757000039 ], [ -74.067529742999966, 4.587862557000051 ], [ -74.067345925999973, 4.587507450000032 ], [ -74.067341079999949, 4.587489619000053 ], [ -74.067260153999939, 4.587308476000032 ], [ -74.067239815999983, 4.587257051000051 ], [ -74.067218710999953, 4.587214273000029 ], [ -74.067076957999973, 4.58712854700002 ], [ -74.067029548999983, 4.58711626500002 ], [ -74.066710822999937, 4.587033693000024 ], [ -74.066644525999948, 4.587053595000043 ], [ -74.066636803999984, 4.587064027000054 ], [ -74.066567524999982, 4.587198303000037 ], [ -74.066430765999939, 4.587200262000067 ], [ -74.066412105999973, 4.587195184000052 ], [ -74.066343149999966, 4.587222824000037 ], [ -74.066154058999984, 4.587238820000039 ], [ -74.066125546999956, 4.587253814000064 ], [ -74.06609939599997, 4.587256444000047 ], [ -74.065966630999981, 4.587309448000042 ], [ -74.065473527999984, 4.588071882000065 ], [ -74.065168674999939, 4.588122766000026 ], [ -74.065151472999958, 4.588125636000029 ], [ -74.065076886999975, 4.588138085000026 ], [ -74.065032934999977, 4.588143023000043 ], [ -74.06499968299994, 4.58817026600002 ], [ -74.064629627999977, 4.588142109000046 ], [ -74.064533792999953, 4.588113699000075 ], [ -74.06443870399994, 4.588085511000031 ], [ -74.064396303999956, 4.588076569000066 ], [ -74.06435253099994, 4.588088567000057 ], [ -74.064307850999967, 4.588115652000056 ], [ -74.063827265999976, 4.588121510000065 ], [ -74.063763251999944, 4.588125636000029 ], [ -74.063699301999975, 4.588129755000068 ], [ -74.063657779999971, 4.588122139000063 ], [ -74.063377048999939, 4.588082095000061 ], [ -74.063346035999984, 4.588077718000022 ], [ -74.06311777999997, 4.587851127000022 ], [ -74.063032448999934, 4.587779840000053 ], [ -74.063065622999943, 4.587738793000028 ], [ -74.063087726999981, 4.58770417900007 ], [ -74.063149687999953, 4.587607152000032 ], [ -74.063198829999976, 4.587530197000035 ], [ -74.063374566999983, 4.587194475000047 ], [ -74.063467504999949, 4.586989311000025 ], [ -74.063477647999946, 4.58673893100007 ], [ -74.063548620999939, 4.586534331000053 ], [ -74.063586362999956, 4.58636025200002 ], [ -74.063664091999954, 4.586174304000053 ], [ -74.063691155999948, 4.586152903000027 ], [ -74.063944569999933, 4.58616382200006 ], [ -74.064095598999984, 4.586161074000074 ], [ -74.064119751999954, 4.586170356000025 ], [ -74.064238030999945, 4.586228008000035 ], [ -74.064363066999988, 4.586289052000041 ], [ -74.064449805999971, 4.586325792000025 ], [ -74.064471286999947, 4.586335156000075 ], [ -74.064480737999986, 4.586430162000056 ], [ -74.064483671999938, 4.58645966000006 ], [ -74.064632100999972, 4.586663699000042 ], [ -74.064949537999951, 4.586760101000039 ], [ -74.065278511999963, 4.586799101000054 ], [ -74.065598301999955, 4.586808450000035 ], [ -74.06580396399994, 4.586771776000035 ], [ -74.06590810199998, 4.58674996000002 ], [ -74.06591866499997, 4.586724055000047 ], [ -74.065928669999948, 4.586699510000074 ], [ -74.065932757999974, 4.586685713000065 ], [ -74.065932845999953, 4.586685418000059 ], [ -74.065955805999977, 4.586607936000064 ], [ -74.065956836999987, 4.586604472000033 ], [ -74.065956992999986, 4.586603945000036 ], [ -74.065983478999954, 4.586514894000061 ], [ -74.065983609999989, 4.586514464000061 ], [ -74.06598841999994, 4.586498295000069 ], [ -74.065991563999944, 4.586487722000072 ], [ -74.066004937999935, 4.586443418000044 ], [ -74.066010105999965, 4.586426079000034 ], [ -74.066010348999953, 4.586425262000034 ], [ -74.066035487999955, 4.586340940000071 ], [ -74.066036964999967, 4.586335822000024 ], [ -74.066037041999948, 4.586335561000055 ], [ -74.066046511999957, 4.586302789000058 ], [ -74.06601395399997, 4.58624747600004 ], [ -74.066013758999986, 4.586247142000047 ], [ -74.065994686999943, 4.586214738000024 ], [ -74.065962600999967, 4.586159567000038 ], [ -74.065962379999974, 4.586159190000046 ], [ -74.065910862999942, 4.586070598000049 ], [ -74.065906892999976, 4.586063512000067 ], [ -74.065878001999977, 4.586014827000042 ], [ -74.065877972999942, 4.586014774000034 ], [ -74.065871157999936, 4.58600328700004 ], [ -74.065826159999972, 4.585926456000038 ], [ -74.065825609999933, 4.585926413000038 ], [ -74.065824550999935, 4.585926330000063 ], [ -74.065779702999976, 4.585922830000072 ], [ -74.065779148999979, 4.585922788000062 ], [ -74.065732275999949, 4.585919129000047 ], [ -74.065732060999949, 4.585919113000045 ], [ -74.065712628999961, 4.585917595000069 ], [ -74.06571241599994, 4.585917579000068 ], [ -74.065692904999935, 4.58591605600003 ], [ -74.065692708999961, 4.585916040000029 ], [ -74.065675762999945, 4.585914718000026 ], [ -74.06566799899997, 4.585914111000022 ], [ -74.06565706899994, 4.585913258000062 ], [ -74.065641490999951, 4.585912042000075 ], [ -74.065632025999946, 4.58591139300006 ], [ -74.065570225999977, 4.585907163000059 ], [ -74.065569954999944, 4.585906775000069 ], [ -74.065485077999938, 4.585785385000065 ], [ -74.065448480999976, 4.585733997000034 ], [ -74.065444711999987, 4.585728703000029 ], [ -74.065329561999988, 4.58555976100007 ], [ -74.065208675999941, 4.585382849000041 ], [ -74.06516301399995, 4.585311110000021 ], [ -74.065139413999987, 4.585245130000033 ], [ -74.065135206999969, 4.585197193000056 ], [ -74.065130822999947, 4.585147272000029 ], [ -74.065144368999938, 4.585099950000028 ], [ -74.065145875999974, 4.585094690000062 ], [ -74.065147137999986, 4.585090279000042 ], [ -74.065156427999966, 4.585057831000029 ], [ -74.065168778999976, 4.585015686000077 ], [ -74.065185562999943, 4.584958426000071 ], [ -74.065191962999961, 4.584936952000021 ], [ -74.065196606999962, 4.584852820000037 ], [ -74.065193522999948, 4.584816512000032 ], [ -74.065191098999946, 4.584791272000075 ], [ -74.065187844999969, 4.584772346000022 ], [ -74.065187799999933, 4.584772088000022 ], [ -74.065186909999966, 4.584766917000024 ], [ -74.065171471999975, 4.584710679000068 ], [ -74.065161990999968, 4.584679461000064 ], [ -74.065143906999936, 4.584608833000061 ], [ -74.065139496999961, 4.584590236000054 ], [ -74.06514214799995, 4.584541308000041 ], [ -74.065144804999989, 4.584489721000068 ], [ -74.065147481999986, 4.58448147200005 ], [ -74.065147756999977, 4.584480619000033 ], [ -74.065163564999978, 4.584431940000059 ], [ -74.065182987999947, 4.584371278000049 ], [ -74.065199097999937, 4.584321464000027 ], [ -74.065232589999937, 4.584251534000032 ], [ -74.065237678999949, 4.584240903000023 ], [ -74.06525316699998, 4.584208559000047 ], [ -74.065262397999959, 4.58418940200005 ], [ -74.065292695999972, 4.584122032000039 ], [ -74.06530304599994, 4.584097867000025 ], [ -74.065319594999949, 4.584062224000036 ], [ -74.06533432699996, 4.584028854000053 ], [ -74.065382051999961, 4.583920758000033 ], [ -74.065395424999963, 4.583891446000052 ], [ -74.065395914999954, 4.583890372000042 ], [ -74.065414270999952, 4.583850135000034 ], [ -74.065464145999954, 4.583753834000049 ], [ -74.065472752999938, 4.583737230000054 ], [ -74.065502769999966, 4.583662180000033 ], [ -74.06552682399996, 4.583603512000025 ], [ -74.065534545999981, 4.583596207000028 ], [ -74.065542282999957, 4.583584130000077 ], [ -74.065556317999949, 4.583562221000022 ], [ -74.065575813999942, 4.583531787000027 ], [ -74.065575814999988, 4.583524702000034 ], [ -74.065601629999946, 4.58350411400005 ], [ -74.065619273999971, 4.583485907000068 ], [ -74.065621230999966, 4.583483887000057 ], [ -74.065632521999987, 4.583472236000034 ], [ -74.065665838999962, 4.583445672000039 ], [ -74.065740196999968, 4.58341335700004 ], [ -74.065808149999953, 4.583421557000065 ], [ -74.065842347999933, 4.583426433000056 ], [ -74.065857129999983, 4.583428427000058 ], [ -74.066000752999969, 4.583501728000044 ], [ -74.066083828999979, 4.583543773000031 ], [ -74.066086717999951, 4.583545235000031 ], [ -74.066158271999939, 4.583581450000054 ], [ -74.066185994999955, 4.583590139000023 ], [ -74.066198798999949, 4.583594154000025 ], [ -74.06621408999996, 4.583598946000052 ], [ -74.066320659999974, 4.583549368000035 ], [ -74.066375381999933, 4.583524134000072 ], [ -74.066416433999962, 4.583381338000038 ], [ -74.06641786199998, 4.583313350000026 ], [ -74.066418153999962, 4.583299511000064 ], [ -74.066419096999937, 4.583254475000047 ], [ -74.066410736999956, 4.58306695300007 ], [ -74.066412735999961, 4.582953152000073 ], [ -74.066431499999965, 4.582869247000076 ], [ -74.066436797999984, 4.582845557000041 ], [ -74.066475856999944, 4.582770286000027 ], [ -74.066520429999969, 4.582733318000066 ], [ -74.066563898999959, 4.582699007000031 ], [ -74.066587726999956, 4.582694138000022 ], [ -74.066619720999938, 4.582687723000049 ], [ -74.066645534999964, 4.58268285500003 ], [ -74.066652814999941, 4.582680863000064 ], [ -74.066828873999953, 4.582717415000047 ], [ -74.066874320999943, 4.582730927000057 ], [ -74.066972943999986, 4.582737801000064 ], [ -74.067024570999934, 4.582742457000052 ], [ -74.067069799999956, 4.582733607000023 ], [ -74.067086346999986, 4.582729181000047 ], [ -74.067165121999949, 4.582657458000028 ], [ -74.067166765999957, 4.582651106000071 ], [ -74.067175497999983, 4.582617385000049 ], [ -74.067178302999935, 4.582607001000042 ], [ -74.067178310999964, 4.582606975000033 ], [ -74.067188298999952, 4.582570006000026 ], [ -74.067194269999959, 4.582450675000075 ], [ -74.067196482999975, 4.582402189000049 ], [ -74.067149272999984, 4.582317923000062 ], [ -74.067148926999948, 4.582317305000061 ], [ -74.067148205999956, 4.582317283000066 ], [ -74.067119365999986, 4.582316409000043 ], [ -74.067108360999953, 4.582317348000061 ], [ -74.067106322999962, 4.582317523000029 ], [ -74.067049998999948, 4.582322331000057 ], [ -74.067020142999979, 4.582298243000025 ], [ -74.06702077999995, 4.582239562000041 ], [ -74.066999111999962, 4.582241608000061 ], [ -74.066991808999944, 4.582139814000072 ], [ -74.066991207999934, 4.582130720000066 ], [ -74.066991021999968, 4.582127900000046 ], [ -74.066983206999964, 4.582009403000029 ], [ -74.066967369999986, 4.581778179000025 ], [ -74.066967162999958, 4.581775187000062 ], [ -74.06696659499994, 4.581766868000045 ], [ -74.066945258999965, 4.581464732000029 ], [ -74.066940479999971, 4.581402600000047 ], [ -74.066940434999935, 4.581402013000059 ], [ -74.066932470999973, 4.581298454000034 ], [ -74.066932468999937, 4.581298420000053 ], [ -74.066931935999946, 4.581291499000031 ], [ -74.066941327999984, 4.581280646000039 ], [ -74.066941462999978, 4.58128049000004 ], [ -74.066946708999978, 4.581274427000039 ], [ -74.066947078999988, 4.58127399600005 ], [ -74.066953540999975, 4.581266529000061 ], [ -74.066954104999979, 4.581265915000074 ], [ -74.066954237999937, 4.581265770000073 ], [ -74.066982648999954, 4.581234903000052 ], [ -74.066982764999977, 4.581234775000041 ], [ -74.067014317999963, 4.58120049300004 ], [ -74.067014601999972, 4.581200186000046 ], [ -74.067017184999941, 4.581197379000059 ], [ -74.067047943999967, 4.581169342000067 ], [ -74.067048800999942, 4.581168563000062 ], [ -74.067141227999969, 4.581084318000023 ], [ -74.067170375999979, 4.581057575000045 ], [ -74.067171754999947, 4.581056308000029 ], [ -74.067216024999937, 4.58101569300004 ], [ -74.067301018999956, 4.580938906000029 ], [ -74.06735652499998, 4.580884809000054 ], [ -74.067366977999939, 4.580874832000063 ], [ -74.067368312999974, 4.580873557000075 ], [ -74.067427347999967, 4.580817209000031 ], [ -74.067461185999946, 4.580792417000055 ], [ -74.067538350999939, 4.580783793000023 ], [ -74.067578744999935, 4.580778604000045 ], [ -74.067591745999948, 4.580781485000045 ], [ -74.067600829999947, 4.580782451000061 ], [ -74.067603487999975, 4.580782734000024 ], [ -74.067654624999989, 4.580788172000041 ], [ -74.067690360999961, 4.580792464000069 ], [ -74.06776509499997, 4.580804424000064 ], [ -74.067923827999948, 4.58082958500006 ], [ -74.067952821999938, 4.58083412700006 ], [ -74.067956164999941, 4.580834652000021 ], [ -74.068075286999942, 4.580853312000045 ], [ -74.068149783999957, 4.580865841000048 ], [ -74.068156237999972, 4.580871571000046 ], [ -74.068156742999975, 4.580872018000036 ], [ -74.068157146999965, 4.580872096000064 ], [ -74.068194615999971, 4.580879364000054 ], [ -74.068195320999962, 4.580879501000027 ], [ -74.068223856999964, 4.580885036000041 ], [ -74.068287540999961, 4.580896714000062 ], [ -74.068295360999969, 4.580880836000063 ], [ -74.068304487999967, 4.580862026000034 ], [ -74.068304576999935, 4.580861841000058 ], [ -74.068323396999972, 4.580823055000053 ], [ -74.068334280999977, 4.580809066000029 ], [ -74.068336988999988, 4.580805587000043 ], [ -74.068340368999941, 4.580801244000043 ], [ -74.068347845999938, 4.580793455000048 ], [ -74.068347974999938, 4.580793319000065 ], [ -74.06835029399997, 4.580790904000025 ], [ -74.068350585999951, 4.580790600000057 ], [ -74.06835496399998, 4.580786040000021 ], [ -74.068355143999952, 4.580785852000076 ], [ -74.068355242999985, 4.580785748000039 ], [ -74.068372379999971, 4.580767736000041 ], [ -74.068372576999934, 4.58076752900007 ], [ -74.06837926999998, 4.58076049400006 ], [ -74.068378640999981, 4.580759546000024 ], [ -74.068375838999941, 4.58075532700002 ], [ -74.068385986999942, 4.58074909100003 ], [ -74.068386058999977, 4.58074904800003 ], [ -74.068386088999944, 4.580749028000071 ], [ -74.068386144999977, 4.580748993000043 ], [ -74.068402917999947, 4.580738685000028 ], [ -74.068401582999968, 4.580729693000023 ], [ -74.068420269999933, 4.580705969000064 ], [ -74.068428088999951, 4.580702717000065 ], [ -74.068458109999938, 4.580654809000066 ], [ -74.068458781999936, 4.580653738000024 ], [ -74.068460700999935, 4.580650677000051 ], [ -74.068464216999985, 4.580645914000058 ], [ -74.068464326999958, 4.580645764000053 ], [ -74.068472142999951, 4.580635182000037 ], [ -74.068475533999958, 4.580631138000058 ], [ -74.068475697999986, 4.580630941000038 ], [ -74.068480870999963, 4.580624772000021 ], [ -74.068483610999976, 4.580621506000057 ], [ -74.068483629999946, 4.580621483000073 ], [ -74.068484281999986, 4.580620707000037 ], [ -74.068488959999968, 4.580615128000034 ], [ -74.06850551499997, 4.580595388000063 ], [ -74.06855643199998, 4.580534932000035 ], [ -74.068600575999938, 4.580479291000074 ], [ -74.068602243999976, 4.580477231000032 ], [ -74.068630232999965, 4.580444629000056 ], [ -74.068684846999986, 4.580381564000049 ], [ -74.068686616999969, 4.580379593000032 ], [ -74.068687058999956, 4.580379008000023 ], [ -74.068738358999951, 4.580311472000062 ], [ -74.068773245999978, 4.580266542000061 ], [ -74.068774505999954, 4.580264919000058 ], [ -74.068787704999977, 4.580247921000023 ], [ -74.06879181499994, 4.580242629000054 ], [ -74.068792135999956, 4.580242215000055 ], [ -74.068841053999961, 4.580236974000059 ], [ -74.068842091999954, 4.580236864000028 ], [ -74.068847392999942, 4.580220798000028 ], [ -74.06884759999997, 4.580220174000033 ], [ -74.068868222999981, 4.580157654000061 ], [ -74.068868553999948, 4.580156947000035 ], [ -74.068870101999948, 4.580153644000063 ], [ -74.068872343999942, 4.580148855000061 ], [ -74.068880049999962, 4.580132399000036 ], [ -74.068895818999977, 4.580111767000062 ], [ -74.068898026999989, 4.580108881000058 ], [ -74.068916339999987, 4.580084925000051 ], [ -74.068923859999984, 4.580075085000033 ], [ -74.068942789999937, 4.580050322000034 ], [ -74.068949394999947, 4.580041530000074 ], [ -74.068950195999946, 4.580040466000071 ], [ -74.068957233999981, 4.580031098000063 ], [ -74.06896844299996, 4.580015065000055 ], [ -74.068988794999939, 4.579985950000037 ], [ -74.069000983999956, 4.579970588000037 ], [ -74.069005889999971, 4.579963095000039 ], [ -74.069006516999934, 4.579962140000021 ], [ -74.069016400999942, 4.579947046000029 ], [ -74.069016482999984, 4.579946925000058 ], [ -74.069047270999988, 4.579902014000027 ], [ -74.069053575999988, 4.579893817000027 ], [ -74.069084480999948, 4.579853634000074 ], [ -74.069092943999976, 4.579842663000022 ], [ -74.06909300999996, 4.579842576000033 ], [ -74.069093176999957, 4.579842359000054 ], [ -74.069093256999963, 4.579842256000063 ], [ -74.069093941999938, 4.579841368000075 ], [ -74.069115852999971, 4.579812956000069 ], [ -74.069103340999959, 4.579802910000069 ], [ -74.069137547999958, 4.579751849000047 ], [ -74.069141804999958, 4.579753015000051 ], [ -74.069143053999937, 4.579753356000026 ], [ -74.069160217999979, 4.579729311000051 ], [ -74.069161409999936, 4.579727641000034 ], [ -74.069171252999979, 4.579713851000065 ], [ -74.069216473999973, 4.579650904000061 ], [ -74.069264363999935, 4.579583609000053 ], [ -74.069313253999951, 4.57952234000004 ], [ -74.069365023999978, 4.579457950000062 ], [ -74.069365600999959, 4.579457232000038 ], [ -74.069370320999951, 4.579451360000064 ], [ -74.069399020999981, 4.579415809000068 ], [ -74.069418756999937, 4.579391360000045 ], [ -74.069427889999986, 4.579380047000029 ], [ -74.069483453999965, 4.579310910000061 ], [ -74.069471094999983, 4.579265915000065 ], [ -74.069460456999934, 4.579257541000061 ], [ -74.069409919999941, 4.579246425000065 ], [ -74.069409744999973, 4.57921387500005 ], [ -74.069407980999983, 4.578887081000062 ], [ -74.069362420999937, 4.578699141000072 ], [ -74.069220757999972, 4.578405705000023 ], [ -74.069434265999973, 4.578006365000022 ], [ -74.069482244999961, 4.577916625000057 ], [ -74.069498001999989, 4.577887154000052 ], [ -74.069513413999971, 4.577876770000046 ], [ -74.069637325999963, 4.577741126000035 ], [ -74.069676005999952, 4.577633289000062 ], [ -74.069702963999987, 4.577598899000066 ], [ -74.069733453999959, 4.577540387000056 ], [ -74.069773764999979, 4.577463022000074 ], [ -74.069835501999989, 4.577344545000074 ], [ -74.06987894599996, 4.577129051000043 ], [ -74.069879868999976, 4.577110183000059 ], [ -74.069903742999941, 4.57704876400004 ], [ -74.069949905999977, 4.577033244000063 ], [ -74.07001470199998, 4.57701146200003 ], [ -74.070108708999953, 4.577028311000049 ], [ -74.070109321999951, 4.577028420000033 ], [ -74.070109950999949, 4.577028977000055 ], [ -74.070178600999952, 4.577090028000043 ], [ -74.07024449499994, 4.577304236000032 ], [ -74.070305884999982, 4.57752692400004 ], [ -74.070358827999939, 4.577683481000065 ], [ -74.070421346999979, 4.577745090000064 ], [ -74.070461914999953, 4.577756023000063 ], [ -74.070463586999949, 4.577759530000037 ], [ -74.070468079999955, 4.577757682000026 ], [ -74.070482174999938, 4.577761480000049 ], [ -74.07055257899998, 4.577757526000028 ], [ -74.07060157899997, 4.577716267000028 ], [ -74.070662409999954, 4.577625835000049 ], [ -74.070752855999956, 4.577455310000062 ], [ -74.070759635999934, 4.577442523000059 ], [ -74.070806600999958, 4.577353979000065 ], [ -74.071007676999955, 4.577052731000038 ], [ -74.071147358999951, 4.576834568000038 ], [ -74.071290984999962, 4.57663675200007 ], [ -74.07142272599998, 4.576507813000035 ], [ -74.071578654999939, 4.576544842000033 ], [ -74.071680589999971, 4.57672122300005 ], [ -74.071714532999977, 4.576962306000041 ], [ -74.071820416999969, 4.577448375000074 ], [ -74.071874099999945, 4.577627952000057 ], [ -74.071881546999975, 4.577652858000022 ], [ -74.071898139999973, 4.577708366000024 ], [ -74.071984876999977, 4.577868882000075 ], [ -74.072066545999974, 4.577893751000033 ], [ -74.072180881999941, 4.577868883000065 ], [ -74.072283952999953, 4.577703847000066 ], [ -74.072497421999969, 4.577329123000027 ], [ -74.072732253999959, 4.576902242000074 ], [ -74.072875855999939, 4.576685404000045 ], [ -74.072967763999941, 4.576592908000066 ], [ -74.072980092999956, 4.576580500000034 ], [ -74.073059530999956, 4.576500553000074 ], [ -74.073408735999976, 4.576224740000043 ], [ -74.07365092699996, 4.576055747000055 ], [ -74.073861393999948, 4.575780205000058 ], [ -74.074228587999983, 4.57544051900004 ], [ -74.074265017999949, 4.575372673000061 ], [ -74.074272434999955, 4.575358860000051 ], [ -74.074452573999963, 4.575023372000032 ], [ -74.074479509999946, 4.574934684000027 ], [ -74.074512673999948, 4.574868842000058 ], [ -74.074549183999977, 4.574715981000054 ], [ -74.074658282999962, 4.574512303000063 ], [ -74.074731438999947, 4.574418300000048 ], [ -74.074893578999934, 4.574455018000037 ], [ -74.074989408999954, 4.574594868000077 ], [ -74.075030828999957, 4.574768797000047 ], [ -74.075029718999986, 4.574790846000042 ], [ -74.074992544999986, 4.574947405000046 ], [ -74.074992545999976, 4.574957015000052 ], [ -74.07500155699995, 4.575058750000039 ], [ -74.075092798999947, 4.575164441000027 ], [ -74.075160386999983, 4.575179701000025 ], [ -74.075250503999939, 4.575141835000068 ], [ -74.075301757999966, 4.57507514100007 ], [ -74.075510058999953, 4.574754701000074 ], [ -74.075579232999985, 4.574677171000076 ], [ -74.075579513999969, 4.574676856000053 ], [ -74.075595950999968, 4.574658430000056 ], [ -74.075716296999985, 4.574595292000026 ], [ -74.075848656999938, 4.574536512000066 ], [ -74.075927508999939, 4.574474341000041 ], [ -74.075964117999945, 4.57441951800007 ], [ -74.076015370999983, 4.574321172000055 ], [ -74.076086446999966, 4.574153378000062 ], [ -74.076097002999973, 4.574128463000022 ], [ -74.076055933999953, 4.574117649000073 ], [ -74.076072757999953, 4.57409001000002 ], [ -74.076079144999937, 4.574079515000051 ], [ -74.076087497999936, 4.57406579000002 ], [ -74.07601441199995, 4.57404471500007 ], [ -74.075994228999946, 4.574036845000023 ], [ -74.075874486999965, 4.573978634000071 ], [ -74.075666143999968, 4.573876227000028 ], [ -74.075578010999948, 4.573831547000054 ], [ -74.075559824999971, 4.573822329000052 ], [ -74.075553917999969, 4.573817527000074 ], [ -74.075548886999968, 4.573811812000031 ], [ -74.075544870999977, 4.573805337000067 ], [ -74.075541981999947, 4.573798282000041 ], [ -74.075540295999986, 4.573790846000065 ], [ -74.075539864999939, 4.57378323100005 ], [ -74.075540700999966, 4.573775649000027 ], [ -74.075561050999966, 4.573554911000031 ], [ -74.075561845999971, 4.573546304000047 ], [ -74.075565620999953, 4.573505367000053 ], [ -74.075566520999985, 4.573495578000063 ], [ -74.075363227999958, 4.573400114000037 ], [ -74.075325228999986, 4.573382270000025 ], [ -74.075401617999944, 4.573271521000038 ], [ -74.075433936999957, 4.573223939000059 ], [ -74.075553558999957, 4.573049185000059 ], [ -74.07564526799996, 4.572915637000051 ], [ -74.075649725999938, 4.572909151000033 ], [ -74.075768319999952, 4.57273645500004 ], [ -74.075715091999939, 4.572691952000071 ], [ -74.075671733999968, 4.572652316000074 ], [ -74.075666299999966, 4.572647964000055 ], [ -74.075661520999972, 4.572642895000058 ], [ -74.075760600999956, 4.572583287000043 ], [ -74.075661474999947, 4.572314192000022 ], [ -74.075599890999968, 4.572043635000057 ], [ -74.075650188999987, 4.571741089000056 ], [ -74.075520078999944, 4.57120928300003 ], [ -74.075324464999937, 4.570825286000058 ], [ -74.075273301999971, 4.570821281000065 ], [ -74.075228532999972, 4.570817752000039 ], [ -74.074870193999971, 4.570815903000039 ], [ -74.074817048999989, 4.570807583000033 ], [ -74.074477998999953, 4.570700698000053 ], [ -74.07447025099998, 4.570698166000057 ], [ -74.074441878999949, 4.570684785000026 ], [ -74.074416117999988, 4.570666703000029 ], [ -74.074393961999988, 4.570644464000054 ], [ -74.074383243999989, 4.570630359000063 ], [ -74.074180506999937, 4.570333030000029 ], [ -74.074173209999969, 4.570321278000051 ], [ -74.074159880999957, 4.570292711000036 ], [ -74.074151867999944, 4.57026233800002 ], [ -74.074149077999948, 4.570230880000054 ], [ -74.074150342999985, 4.570209728000066 ], [ -74.074191817999974, 4.569856831000038 ], [ -74.074197857999934, 4.569826911000064 ], [ -74.074303017999966, 4.569468508000057 ], [ -74.074306532999969, 4.569457752000062 ], [ -74.074319866999986, 4.569429187000026 ], [ -74.074333023999941, 4.569409484000062 ], [ -74.074359594999976, 4.56937476500002 ], [ -74.074333215999957, 4.569362059000071 ], [ -74.074267001999942, 4.569384563000028 ], [ -74.074266412999975, 4.569384765000052 ], [ -74.074174564999964, 4.569415983000056 ], [ -74.074173214999973, 4.569416440000055 ], [ -74.074129205999952, 4.569431400000042 ], [ -74.073988504999988, 4.569479406000028 ], [ -74.073986506999972, 4.569480087000045 ], [ -74.073934068999961, 4.569497978000072 ], [ -74.073787617999983, 4.569485664000069 ], [ -74.073784437999961, 4.569485395000072 ], [ -74.073718449999944, 4.569479846000036 ], [ -74.073612347999983, 4.569470423000041 ], [ -74.073611898999957, 4.569470384000056 ], [ -74.073607731999971, 4.569470012000068 ], [ -74.07355806299995, 4.569442134000042 ], [ -74.073557448999964, 4.569441791000031 ], [ -74.073538477999989, 4.569431143000031 ], [ -74.073537040999952, 4.569430336000039 ], [ -74.073530356999981, 4.569451937000053 ], [ -74.073530138999956, 4.569452639000076 ], [ -74.073527894999984, 4.569459893000044 ], [ -74.073525436999944, 4.56946784400003 ], [ -74.073512421999965, 4.569505228000025 ], [ -74.073512205999975, 4.569505850000041 ], [ -74.073500416999934, 4.569539715000076 ], [ -74.073476534999941, 4.569608734000042 ], [ -74.073473468999964, 4.569607783000038 ], [ -74.073455904999946, 4.569602331000056 ], [ -74.073392904999935, 4.569582784000033 ], [ -74.073391297999933, 4.569582285000024 ], [ -74.073382746999982, 4.569579631000067 ], [ -74.073376165999946, 4.569568454000034 ], [ -74.073375359999943, 4.569567082000049 ], [ -74.073356031999936, 4.569561374000045 ], [ -74.073327603999985, 4.569620126000075 ], [ -74.073328365999942, 4.569621537000046 ], [ -74.073345586999949, 4.569653360000075 ], [ -74.073346113999946, 4.569654334000063 ], [ -74.073365018999937, 4.569689270000026 ], [ -74.073388412999975, 4.569732506000037 ], [ -74.073430478999967, 4.569742208000036 ], [ -74.07343702999998, 4.569723431000057 ], [ -74.073442418999946, 4.569707984000047 ], [ -74.073470567999948, 4.569713123000042 ], [ -74.073473245999935, 4.569713612000044 ], [ -74.073523704999957, 4.569722823000063 ], [ -74.073541141999954, 4.569726656000057 ], [ -74.073568906999981, 4.569732765000026 ], [ -74.073583387999975, 4.569735950000052 ], [ -74.07360612399998, 4.569741657000066 ], [ -74.073585649999984, 4.569835204000071 ], [ -74.073585148999939, 4.569837610000036 ], [ -74.073584743999959, 4.569839557000023 ], [ -74.073561763999976, 4.56994985700004 ], [ -74.07355152599996, 4.570004615000073 ], [ -74.073539585999981, 4.570010889000059 ], [ -74.073523103999946, 4.570008606000044 ], [ -74.073506618999943, 4.569994344000065 ], [ -74.07348615799998, 4.569982362000076 ], [ -74.073444093999967, 4.569978936000041 ], [ -74.07341908099994, 4.569989769000074 ], [ -74.073397925999984, 4.570003318000033 ], [ -74.073396266999964, 4.570004378000021 ], [ -74.073392362999982, 4.570006879000061 ], [ -74.073380991999954, 4.570025702000066 ], [ -74.07335427299995, 4.570039390000034 ], [ -74.07334631599997, 4.570051368000065 ], [ -74.073321869999972, 4.570066195000038 ], [ -74.073253647999934, 4.570158596000056 ], [ -74.073235858999965, 4.570188220000034 ], [ -74.073235374999967, 4.570189025000047 ], [ -74.0731985, 4.570250429000055 ], [ -74.073156997999945, 4.570308036000029 ], [ -74.073138236999966, 4.570325718000049 ], [ -74.073091618999968, 4.570377621000034 ], [ -74.073071721999952, 4.570395872000063 ], [ -74.073016011999982, 4.570425528000044 ], [ -74.072961437999936, 4.570451761000072 ], [ -74.072925056999964, 4.570460314000059 ], [ -74.072872760999985, 4.570475710000039 ], [ -74.07285798099997, 4.570466011000065 ], [ -74.07283808699998, 4.57046372700006 ], [ -74.072799435999968, 4.570442618000072 ], [ -74.072768627999949, 4.570433544000025 ], [ -74.072759681999969, 4.570430909000038 ], [ -74.072756803999937, 4.57043006300006 ], [ -74.072707919999971, 4.570419788000038 ], [ -74.072689160999971, 4.57042492100004 ], [ -74.072670402999961, 4.57042720000004 ], [ -74.07262833599998, 4.570433470000069 ], [ -74.072615263999978, 4.570430618000046 ], [ -74.072587408999937, 4.570428333000052 ], [ -74.072532271999989, 4.570428326000069 ], [ -74.072487123999963, 4.570429538000042 ], [ -74.072447575999945, 4.570430599000076 ], [ -74.072390729999938, 4.570449986000028 ], [ -74.072358950999956, 4.570462909000071 ], [ -74.072327627999982, 4.570475647000023 ], [ -74.072301269999969, 4.570487516000071 ], [ -74.072296715999983, 4.570489567000038 ], [ -74.072255434999988, 4.570508154000038 ], [ -74.072191765999946, 4.570545795000044 ], [ -74.072029751999935, 4.570625064000069 ], [ -74.071968925999954, 4.570653009000068 ], [ -74.071882519999974, 4.570690076000062 ], [ -74.071855233999941, 4.570708897000031 ], [ -74.071854043999963, 4.570709597000075 ], [ -74.071849380999936, 4.570712336000042 ], [ -74.07178928899998, 4.570747679000021 ], [ -74.071769392999954, 4.570756803000052 ], [ -74.071713116999945, 4.570765924000057 ], [ -74.071690378999961, 4.570767062000073 ], [ -74.071644335999963, 4.570767057000069 ], [ -74.071611938, 4.570752222000067 ], [ -74.071592609999982, 4.57074366300003 ], [ -74.071534066999959, 4.570698023000034 ], [ -74.071449379999933, 4.570626710000056 ], [ -74.071379222999951, 4.570559541000023 ], [ -74.071370901999956, 4.570551918000035 ], [ -74.071295347999978, 4.570485227000063 ], [ -74.071231687999955, 4.570445861000053 ], [ -74.071157795999966, 4.570415618000027 ], [ -74.071116866999944, 4.57041390400002 ], [ -74.07104297099994, 4.570405910000034 ], [ -74.071007729999963, 4.570397919000072 ], [ -74.070902571999966, 4.570361401000071 ], [ -74.07084004799998, 4.570339717000024 ], [ -74.07076217499997, 4.570317462000048 ], [ -74.070746692999933, 4.570309159000033 ], [ -74.070738717999973, 4.570304883000063 ], [ -74.070720682999934, 4.57029521000004 ], [ -74.070647923999957, 4.570266110000034 ], [ -74.070601293999971, 4.570249057000069 ], [ -74.07057459899994, 4.570239293000043 ], [ -74.070528557999978, 4.570219893000058 ], [ -74.070470579999949, 4.570193646000064 ], [ -74.070442728999978, 4.570178242000054 ], [ -74.070392138999978, 4.570167397000034 ], [ -74.07039182699998, 4.570167384000058 ], [ -74.070351781999989, 4.570165681000049 ], [ -74.070262535999973, 4.570156544000042 ], [ -74.070176136999976, 4.570151401000032 ], [ -74.070109061999972, 4.570149111000035 ], [ -74.070110519999957, 4.570143581000025 ], [ -74.070114178999972, 4.570129718000032 ], [ -74.070135216999972, 4.57008180400004 ], [ -74.070145453999942, 4.570042446000059 ], [ -74.070182411999951, 4.569950612000071 ], [ -74.07026826799995, 4.569757820000063 ], [ -74.070272411999952, 4.569747299000028 ], [ -74.070272489999979, 4.569747103000054 ], [ -74.070273154999938, 4.569745408000074 ], [ -74.070260092999945, 4.569739506000076 ], [ -74.070258929999966, 4.569738980000068 ], [ -74.070238523999933, 4.569729763000055 ], [ -74.070235320999984, 4.569726822000064 ], [ -74.070227918999933, 4.569720024000048 ], [ -74.070196101999954, 4.569693978000032 ], [ -74.070189784999968, 4.569685597000046 ], [ -74.070163005999973, 4.56966446000007 ], [ -74.070161918999986, 4.569663603000038 ], [ -74.070143298999938, 4.569648906000054 ], [ -74.070051079999985, 4.569573867000031 ], [ -74.070050588999948, 4.569573467000055 ], [ -74.070050329999958, 4.569573257000059 ], [ -74.070062249999978, 4.569552332000058 ], [ -74.070073805999982, 4.569532044000027 ], [ -74.070073867999952, 4.569531642000072 ], [ -74.07007389499995, 4.569531457000039 ], [ -74.070076021999967, 4.569517333000022 ], [ -74.07007674099998, 4.569512566000071 ], [ -74.070076752999967, 4.569512486000065 ], [ -74.070080961999963, 4.569484555000031 ], [ -74.070081484999946, 4.569481091000057 ], [ -74.070082114999934, 4.569476985000051 ], [ -74.070082963999937, 4.569471458000066 ], [ -74.070100905999936, 4.569354728000064 ], [ -74.070105874999967, 4.569322797000041 ], [ -74.070134489999987, 4.569280975000027 ], [ -74.070150339999941, 4.569257808000032 ], [ -74.070155579999948, 4.569249632000037 ], [ -74.070157118999987, 4.569247228000052 ], [ -74.070168622999972, 4.569229276000044 ], [ -74.070168988999967, 4.569229531000076 ], [ -74.070186147999948, 4.569241454000064 ], [ -74.070208653999941, 4.569257094000022 ], [ -74.070215558999962, 4.569261893000032 ], [ -74.070215307999945, 4.569262508000065 ], [ -74.070213526999964, 4.56926687400005 ], [ -74.070215558999962, 4.569268460000046 ], [ -74.070235408999963, 4.569327341000076 ], [ -74.070248268999933, 4.569364482000026 ], [ -74.070330183999943, 4.569399821000047 ], [ -74.070332213999961, 4.569401633000041 ], [ -74.070395641999937, 4.569380088000059 ], [ -74.070403528999975, 4.569377409000026 ], [ -74.070403658999965, 4.56937748200005 ], [ -74.070444050999981, 4.569400004000045 ], [ -74.070453297999961, 4.569405162000066 ], [ -74.070496951999985, 4.569429507000052 ], [ -74.070595337999976, 4.56948658500005 ], [ -74.07065468899998, 4.569490216000077 ], [ -74.070743833999984, 4.569538143000045 ], [ -74.070762269999989, 4.569494341000052 ], [ -74.070777235999969, 4.569460847000073 ], [ -74.070791835999955, 4.569428175000041 ], [ -74.070873141999982, 4.569264474000022 ], [ -74.070901870999933, 4.569201640000074 ], [ -74.07089861299994, 4.569199720000029 ], [ -74.07087551799998, 4.569186106000075 ], [ -74.070874957999933, 4.569185775000051 ], [ -74.070816116999936, 4.569151417000057 ], [ -74.070815228999948, 4.569150898000032 ], [ -74.070802242999946, 4.569051449000028 ], [ -74.070743078999953, 4.569021551000048 ], [ -74.070659560999957, 4.56897751300005 ], [ -74.070610688999977, 4.568953071000067 ], [ -74.070566380999935, 4.568977114000063 ], [ -74.070500613999968, 4.569012642000075 ], [ -74.070464457999947, 4.568994400000065 ], [ -74.07040731799998, 4.568966568000064 ], [ -74.070325260999937, 4.568925197000056 ], [ -74.07020367299998, 4.568861446000028 ], [ -74.070118431999958, 4.568816690000062 ], [ -74.070049722999954, 4.568779868000036 ], [ -74.070049302999962, 4.568779644000074 ], [ -74.069997212999965, 4.56882325600003 ], [ -74.06995640599996, 4.568858459000069 ], [ -74.069910270999969, 4.568898263000051 ], [ -74.06988146499998, 4.568921577000026 ], [ -74.069872593999946, 4.568928759000073 ], [ -74.069871483999975, 4.568929655000034 ], [ -74.069815282999969, 4.568889791000061 ], [ -74.069733976999942, 4.568831874000068 ], [ -74.069734703999984, 4.56883074700005 ], [ -74.069736898999963, 4.568827350000049 ], [ -74.069766138999967, 4.568782078000027 ], [ -74.069645922999939, 4.568711218000033 ], [ -74.069637196999963, 4.568705901000044 ], [ -74.069627221999951, 4.568699819000074 ], [ -74.069602482999983, 4.568684736000023 ], [ -74.069573697999942, 4.568719204000047 ], [ -74.069550755999956, 4.568744950000053 ], [ -74.069494709999958, 4.56880785200002 ], [ -74.069461370999989, 4.568784788000073 ], [ -74.069416548999982, 4.568762034000031 ], [ -74.069396214999983, 4.568745721000028 ], [ -74.069360058999962, 4.568716520000066 ], [ -74.069341919999943, 4.56869851600004 ], [ -74.069328721999966, 4.568685416000051 ], [ -74.069300473999988, 4.56865422900006 ], [ -74.06928125099995, 4.56862989800004 ], [ -74.069264682999972, 4.568605497000021 ], [ -74.069254511999986, 4.568588908000038 ], [ -74.069237633999933, 4.568552978000071 ], [ -74.069203620999986, 4.568504640000072 ], [ -74.069191559999979, 4.568489591000059 ], [ -74.069181987999968, 4.568477653000059 ], [ -74.069162921999975, 4.568458104000058 ], [ -74.069159338999953, 4.568454556000063 ], [ -74.069158565999942, 4.568453790000035 ], [ -74.069120935999933, 4.56841653400005 ], [ -74.069116263999945, 4.568412481000053 ], [ -74.069095206999975, 4.568392453000058 ], [ -74.069093030999966, 4.568390384000054 ], [ -74.06909221799998, 4.568389609000064 ], [ -74.069048552999959, 4.568360614000028 ], [ -74.069005494999942, 4.568337811000049 ], [ -74.068965485999968, 4.568313153000076 ], [ -74.068959076999988, 4.568309892000059 ], [ -74.068940894999969, 4.568307359000073 ], [ -74.068931471999974, 4.56829631100004 ], [ -74.068913638999959, 4.568288469000038 ], [ -74.068911666999952, 4.568287603000044 ], [ -74.068877292999957, 4.568272485000023 ], [ -74.068843751999964, 4.568258299000036 ], [ -74.068757550999976, 4.568226008000067 ], [ -74.068730372999937, 4.568218312000056 ], [ -74.068729927999982, 4.568218178000052 ], [ -74.068675994999978, 4.568202027000041 ], [ -74.068627381999988, 4.568186472000036 ], [ -74.068611788999988, 4.568182011000033 ], [ -74.068627534999962, 4.568139381000037 ], [ -74.068656319999945, 4.568061453000041 ], [ -74.068661010999961, 4.568052052000041 ], [ -74.068623110999965, 4.568068559000039 ], [ -74.068556631999968, 4.568097518000059 ], [ -74.068500556999936, 4.568066919000046 ], [ -74.068392077999988, 4.568007718000047 ], [ -74.068380840999964, 4.568002120000074 ], [ -74.068363638999983, 4.568038499000068 ], [ -74.068281948999982, 4.56821239900006 ], [ -74.068172387999937, 4.568144873000051 ], [ -74.067981338999971, 4.568045056000074 ], [ -74.067888375999985, 4.568049204000033 ], [ -74.067773692999936, 4.568155044000036 ], [ -74.067691357999934, 4.568183871000031 ], [ -74.067605694999941, 4.568161081000028 ], [ -74.067413061999957, 4.56770971900005 ], [ -74.067175549999945, 4.567508450000048 ], [ -74.067248806999942, 4.56749806800002 ], [ -74.067165450999937, 4.567440981000061 ], [ -74.06709279599994, 4.567372593000073 ], [ -74.06704379699994, 4.567295726000054 ], [ -74.067004935999989, 4.567205858000023 ], [ -74.066958752999938, 4.567112601000076 ], [ -74.066895110999951, 4.566953780000063 ], [ -74.066882156999952, 4.566907999000023 ], [ -74.066857939999977, 4.566822655000067 ], [ -74.066823584999952, 4.566737310000065 ], [ -74.066806124999971, 4.566703397000026 ], [ -74.066769516999955, 4.566633313000068 ], [ -74.066736287999959, 4.566542881000032 ], [ -74.066717138999934, 4.566486362000035 ], [ -74.066700242999957, 4.566439450000075 ], [ -74.066671519999943, 4.566337150000038 ], [ -74.066664762999949, 4.566306064000059 ], [ -74.066645050999966, 4.566209980000053 ], [ -74.066615763999948, 4.566129157000034 ], [ -74.066611259999945, 4.566116722000061 ], [ -74.066518329999951, 4.565977683000028 ], [ -74.066473837, 4.565887817000032 ], [ -74.066452434999974, 4.565838079000059 ], [ -74.06643891899995, 4.565803602000074 ], [ -74.066394988999946, 4.565705822000041 ], [ -74.06639169999994, 4.565694982000025 ], [ -74.066509272999951, 4.565573841000059 ], [ -74.066492438999944, 4.565586856000039 ], [ -74.066412902999957, 4.565603574000022 ], [ -74.066374418999942, 4.565637999000046 ], [ -74.066371333999939, 4.565627826000025 ], [ -74.066322898999942, 4.565468439000028 ], [ -74.066304313999979, 4.565432832000056 ], [ -74.066275589999975, 4.565378007000049 ], [ -74.066210257999956, 4.565298878000021 ], [ -74.066138166999963, 4.565237272000047 ], [ -74.066067763999968, 4.565195446000075 ], [ -74.066059314999961, 4.565190925000024 ], [ -74.065949487999944, 4.565130446000069 ], [ -74.065884719999985, 4.56505527500002 ], [ -74.065870076999943, 4.564996493000024 ], [ -74.065859375999935, 4.564958627000067 ], [ -74.065875710999933, 4.564874978000034 ], [ -74.065878525999949, 4.564859152000054 ], [ -74.065878527999985, 4.564764199000024 ], [ -74.065875148999964, 4.564746678000063 ], [ -74.065844737999953, 4.564588423000032 ], [ -74.065839668999956, 4.564559034000069 ], [ -74.065816578999943, 4.56446408000005 ], [ -74.065746176999937, 4.56440247300003 ], [ -74.065703372999963, 4.564366300000074 ], [ -74.065914094999982, 4.563527921000059 ], [ -74.066190852999966, 4.562995551000029 ], [ -74.066296168999941, 4.56280722300005 ], [ -74.067428406999966, 4.563237504000028 ], [ -74.067699953999977, 4.563326112000027 ], [ -74.067714946999956, 4.563313725000057 ], [ -74.067378649999966, 4.563014753000061 ], [ -74.067036211999948, 4.562056150000046 ], [ -74.067636986999958, 4.562316839000061 ], [ -74.067716088999987, 4.562052369000071 ], [ -74.067867921999948, 4.561664652000047 ], [ -74.067659538999976, 4.561551405000046 ], [ -74.067612689999976, 4.561648989000048 ], [ -74.067564773999948, 4.561623901000075 ], [ -74.06751776699997, 4.561597133000021 ], [ -74.067470334999939, 4.561571134000076 ], [ -74.067422901999976, 4.561545133000038 ], [ -74.067375468999956, 4.561519132000058 ], [ -74.067328035999935, 4.561493134000045 ], [ -74.067374936999954, 4.561395402000073 ], [ -74.067090253999936, 4.56123935200003 ], [ -74.067116772999952, 4.561133960000063 ], [ -74.067165345999967, 4.560921955000026 ], [ -74.067155777999972, 4.560880432000033 ], [ -74.067209338999987, 4.56067035500007 ], [ -74.067218284999967, 4.560617383000022 ], [ -74.067246170999965, 4.560459828000035 ], [ -74.067270016999942, 4.560353912000039 ], [ -74.067308274999959, 4.560147842000049 ], [ -74.067337860999942, 4.56009416400002 ], [ -74.067390531999934, 4.559871646000033 ], [ -74.067401410999935, 4.55981784100004 ], [ -74.067449799999963, 4.559598877000042 ], [ -74.067486563999978, 4.559560325000064 ], [ -74.067499071999976, 4.559454456000026 ], [ -74.067588608999984, 4.559374711000032 ], [ -74.067613343999938, 4.559327501000041 ], [ -74.067782722999937, 4.559158600000046 ], [ -74.06744963899996, 4.558690299000034 ], [ -74.067470594999975, 4.558660727000074 ], [ -74.067896847999975, 4.558850212000038 ], [ -74.067915881999966, 4.558858674000021 ], [ -74.067960749999941, 4.558759993000024 ], [ -74.068005622999976, 4.558661303000065 ], [ -74.067598425999961, 4.558480350000025 ], [ -74.067626193999956, 4.558448132000024 ], [ -74.067740668999988, 4.558259583000051 ], [ -74.067762150999954, 4.558226250000075 ], [ -74.067835248999984, 4.558198924000067 ], [ -74.067937189999952, 4.558192143000042 ], [ -74.068043074999935, 4.558206839000036 ], [ -74.068136568999989, 4.558192145000021 ], [ -74.068241327999942, 4.558155409000051 ], [ -74.068277274999957, 4.558136633000061 ], [ -74.069323005999934, 4.558572474000073 ], [ -74.069344533999981, 4.558994117000054 ], [ -74.069342378999977, 4.559056631000033 ], [ -74.069337635999943, 4.559059578000074 ], [ -74.069173067999941, 4.559112019000054 ], [ -74.069051920999982, 4.559150361000036 ], [ -74.069044344999952, 4.559245859000043 ], [ -74.06903497199994, 4.55936143200006 ], [ -74.069030280999982, 4.55941892900006 ], [ -74.068998466999972, 4.559443889000022 ], [ -74.06896790199994, 4.55947568800002 ], [ -74.068952352999986, 4.559492913000042 ], [ -74.068928697999979, 4.559527372000048 ], [ -74.068914552999956, 4.559546529000045 ], [ -74.068905459999939, 4.559574231000056 ], [ -74.068895212999962, 4.559601375000057 ], [ -74.068887568999969, 4.559618715000056 ], [ -74.068872845999977, 4.55964534800006 ], [ -74.068853194999974, 4.559686987000021 ], [ -74.068824579999955, 4.559749776000046 ], [ -74.068811123999978, 4.559792014000038 ], [ -74.068796652999936, 4.559835531000033 ], [ -74.068786616999944, 4.559876803000066 ], [ -74.068781967999939, 4.559887668000044 ], [ -74.068751295999959, 4.559912347000022 ], [ -74.06872700699995, 4.559934866000049 ], [ -74.068702445999975, 4.559969912000042 ], [ -74.068682687999967, 4.56000442800007 ], [ -74.068674317999978, 4.560026834000041 ], [ -74.068663126999979, 4.560059851000062 ], [ -74.068662335999988, 4.560068249000039 ], [ -74.068657260999942, 4.560096466000061 ], [ -74.068650541999943, 4.560114484000053 ], [ -74.068641698999954, 4.560135979000052 ], [ -74.06862201399997, 4.560152344000073 ], [ -74.068601813999976, 4.560164926000027 ], [ -74.068583925999974, 4.560171270000069 ], [ -74.068501202999983, 4.560307668000064 ], [ -74.06849103199994, 4.560324586000036 ], [ -74.068487313999981, 4.560344169000075 ], [ -74.068488803999969, 4.560359427000037 ], [ -74.068495636999955, 4.560372194000024 ], [ -74.068502877999947, 4.560381512000049 ], [ -74.068516882999972, 4.560391306000042 ], [ -74.068534934999946, 4.560397674000058 ], [ -74.068553677999944, 4.560393076000025 ], [ -74.068568228999936, 4.56039344200002 ], [ -74.06858071299996, 4.560393378000072 ], [ -74.06859544699995, 4.56039822200006 ], [ -74.068611577999945, 4.560412349000046 ], [ -74.06862244499996, 4.560426784000072 ], [ -74.068645385999957, 4.560459656000035 ], [ -74.068654756999933, 4.560481233000075 ], [ -74.068662972999959, 4.56050213900005 ], [ -74.068671862999963, 4.560545321000063 ], [ -74.06867432699994, 4.560572167000032 ], [ -74.068675977999987, 4.560583057000031 ], [ -74.068682513999988, 4.560598932000062 ], [ -74.068691377999983, 4.560617301000036 ], [ -74.068695342999945, 4.560629651000056 ], [ -74.068699225999978, 4.560644185000058 ], [ -74.068700569999976, 4.560665189000076 ], [ -74.06870269999996, 4.560692728000049 ], [ -74.068701091999969, 4.560715498000036 ], [ -74.068697524999948, 4.560729793000064 ], [ -74.068694194999978, 4.560749204000047 ], [ -74.068713276999972, 4.560913103000075 ], [ -74.068695979999973, 4.561022939000054 ], [ -74.068707625999934, 4.561065163000023 ], [ -74.068729069999961, 4.561145193000073 ], [ -74.068727405999937, 4.561158076000027 ], [ -74.068727168999942, 4.561173807000046 ], [ -74.068728202999978, 4.561190792000048 ], [ -74.068729688999952, 4.561206970000057 ], [ -74.068733270999985, 4.561228415000073 ], [ -74.06873797999998, 4.561247096000045 ], [ -74.068733075999944, 4.561299832000032 ], [ -74.06873154799996, 4.561310865000053 ], [ -74.068731741999954, 4.561322231000076 ], [ -74.068729427999983, 4.561335566000025 ], [ -74.068730565999942, 4.561351173000048 ], [ -74.068728590999967, 4.561363473000029 ], [ -74.068727723999984, 4.561370827000076 ], [ -74.068725986999937, 4.561384618000034 ], [ -74.068733323999936, 4.561402427000075 ], [ -74.06875298999995, 4.561414617000025 ], [ -74.068761008999957, 4.56141524700007 ], [ -74.068768113999965, 4.561415999000076 ], [ -74.068780765999975, 4.561413495000068 ], [ -74.068790820999936, 4.561404352000068 ], [ -74.068801780999934, 4.561399335000033 ], [ -74.068807148999952, 4.561396560000048 ], [ -74.068840759999944, 4.561458045000052 ], [ -74.068923870999981, 4.56144891100007 ], [ -74.068963332999942, 4.561490528000036 ], [ -74.068962843999941, 4.561508810000021 ], [ -74.068962820999957, 4.561512662000041 ], [ -74.068957090999959, 4.561574224000026 ], [ -74.068984985999975, 4.561691807000045 ], [ -74.06895005399997, 4.561728560000063 ], [ -74.068887162999943, 4.561830014000066 ], [ -74.068872619999979, 4.561849758000051 ], [ -74.068917365999937, 4.561873382000044 ], [ -74.069022206999989, 4.561972163000064 ], [ -74.069041547999973, 4.561985268000058 ], [ -74.06904304699998, 4.562008670000068 ], [ -74.069047653999974, 4.56204808800004 ], [ -74.069061145999967, 4.562112808000052 ], [ -74.069094334999988, 4.562286322000034 ], [ -74.069161016999942, 4.562363395000034 ], [ -74.069204270999933, 4.562409635000051 ], [ -74.069182113999943, 4.562459658000023 ], [ -74.069170460999942, 4.562485922000064 ], [ -74.069148778999988, 4.56251809400004 ], [ -74.069130322999968, 4.562548425000045 ], [ -74.069117905999974, 4.562574580000046 ], [ -74.069106816999977, 4.562610598000049 ], [ -74.06910382999996, 4.56263427500005 ], [ -74.069103718999941, 4.56263451500007 ], [ -74.069103661999975, 4.562634377000052 ], [ -74.069099476999952, 4.562675408000075 ], [ -74.069098574999941, 4.562710663000075 ], [ -74.069099051999956, 4.562730178000038 ], [ -74.069104341999946, 4.562749889000031 ], [ -74.069110781999939, 4.562770509000075 ], [ -74.069118500999934, 4.562793874000022 ], [ -74.069124718999944, 4.562815758000056 ], [ -74.06913561999994, 4.562835657000051 ], [ -74.069152561999942, 4.562868027000036 ], [ -74.069176209999966, 4.562892998000052 ], [ -74.06919404599995, 4.562912393000033 ], [ -74.06920441699998, 4.562954273000059 ], [ -74.069201708999969, 4.562987419000024 ], [ -74.069207376999941, 4.563012638000032 ], [ -74.069215492999945, 4.563027046000059 ], [ -74.069219155999974, 4.563033636000057 ], [ -74.069225050999989, 4.563101772000039 ], [ -74.069251238999982, 4.563210229000049 ], [ -74.069224490999943, 4.563312955000072 ], [ -74.069190646999971, 4.563439233000054 ], [ -74.069244724999976, 4.563488631000041 ], [ -74.069257902999937, 4.563542833000042 ], [ -74.069278578999956, 4.563629787000025 ], [ -74.069279679999966, 4.563734534000048 ], [ -74.069278304999955, 4.563734314000044 ], [ -74.069279337999944, 4.563734652000051 ], [ -74.069004524999968, 4.56373654500004 ], [ -74.068913308999981, 4.563878675000069 ], [ -74.068877681999936, 4.563858994000043 ], [ -74.068836871999963, 4.563838581000027 ], [ -74.068796406999979, 4.563820689000067 ], [ -74.068757717999972, 4.56380641100003 ], [ -74.068709343999956, 4.563790275000031 ], [ -74.068658447999951, 4.563775566000061 ], [ -74.068644449999965, 4.563772286000074 ], [ -74.068596627999966, 4.563751928000045 ], [ -74.068451323999966, 4.563770747000035 ], [ -74.06842329899996, 4.563774546000047 ], [ -74.068406772999936, 4.563776610000048 ], [ -74.068403245999946, 4.563778046000039 ], [ -74.068372849999946, 4.563782153000034 ], [ -74.068180957999971, 4.563769548000039 ], [ -74.068131471999948, 4.563733742000068 ], [ -74.068051577999938, 4.563688859000024 ], [ -74.068000308999956, 4.563643652000053 ], [ -74.067976749999957, 4.563655728000072 ], [ -74.067970763999938, 4.563734142000044 ], [ -74.067957366999963, 4.563757378000048 ], [ -74.067959255999938, 4.564095184000053 ], [ -74.06793348399998, 4.564154893000023 ], [ -74.067813748999981, 4.564299386000073 ], [ -74.067804615999989, 4.564336038000022 ], [ -74.067807583999979, 4.564371641000037 ], [ -74.067806173999941, 4.564372364000064 ], [ -74.067826800999967, 4.564387388000057 ], [ -74.067992723999964, 4.56441343900002 ], [ -74.068065044999969, 4.56453349100002 ], [ -74.068110420999972, 4.564762466000047 ], [ -74.068189734999976, 4.565178744000036 ], [ -74.068122237999944, 4.565438442000072 ], [ -74.068238667999935, 4.565608968000049 ], [ -74.068239834999986, 4.565609707000021 ], [ -74.068273097999963, 4.565638503000059 ], [ -74.068344648999982, 4.565709966000043 ], [ -74.068419320999965, 4.565784634000067 ], [ -74.068474837999986, 4.565873939000028 ], [ -74.068563066999957, 4.565936611000041 ], [ -74.068605233999961, 4.565984791000062 ], [ -74.068644752999944, 4.56602994900004 ], [ -74.068684280999946, 4.566075115000046 ], [ -74.068705361999946, 4.566099202000032 ], [ -74.068727103999947, 4.566124045000038 ], [ -74.068821032999949, 4.566208599000049 ], [ -74.06907399499994, 4.566473116000054 ], [ -74.069089912999971, 4.566485731000057 ], [ -74.069216449999942, 4.566595994000068 ], [ -74.069463035999945, 4.566819308000049 ], [ -74.069524333999937, 4.566854226000032 ], [ -74.069614146999982, 4.566905383000062 ], [ -74.069747636999978, 4.567007740000065 ], [ -74.06981716699994, 4.567064499000026 ], [ -74.069863516999987, 4.567111023000052 ], [ -74.069957141999964, 4.567217560000074 ], [ -74.070193998999969, 4.567410174000031 ], [ -74.070263846999978, 4.567467828000076 ], [ -74.070323171999974, 4.567400100000043 ], [ -74.070438797999941, 4.567266604000054 ], [ -74.070562681999945, 4.567123595000055 ], [ -74.070719599999961, 4.566944068000055 ], [ -74.070815351999954, 4.566833308000071 ], [ -74.070853578999959, 4.566789089000054 ], [ -74.070922708999944, 4.566709607000064 ], [ -74.070953603999953, 4.566674007000074 ], [ -74.070977461999973, 4.566647001000035 ], [ -74.071003158999986, 4.566616927000041 ], [ -74.071020287999943, 4.566596365000066 ], [ -74.07102854599998, 4.566582863000065 ], [ -74.071046594999984, 4.566551252000068 ], [ -74.071082081999975, 4.566488952000043 ], [ -74.071119400999976, 4.566425424000045 ], [ -74.071144790999938, 4.566381231000037 ], [ -74.071214232999978, 4.56626123500007 ], [ -74.071326157999977, 4.566376649000063 ], [ -74.071381509999981, 4.566433433000043 ], [ -74.071431357999984, 4.566484694000053 ], [ -74.071505672999933, 4.566521532000024 ], [ -74.071602315999939, 4.566570650000074 ], [ -74.071663164999961, 4.566690662000042 ], [ -74.071745114999942, 4.566850575000046 ], [ -74.071835929999963, 4.567027369000073 ], [ -74.071883630999935, 4.567119757000057 ], [ -74.071920018999947, 4.567191580000042 ], [ -74.071990051999933, 4.567250515000069 ], [ -74.072124304999988, 4.567363170000021 ], [ -74.072225530999958, 4.567447583000046 ], [ -74.072354584999971, 4.567556245000048 ], [ -74.072450612999944, 4.567636977000063 ], [ -74.072541134999938, 4.567712795000034 ], [ -74.072632268999939, 4.567788920000055 ], [ -74.072708417999934, 4.567852766000044 ], [ -74.072838388999969, 4.567961432000061 ], [ -74.072941449999973, 4.568048299000054 ], [ -74.073037782999961, 4.568129645000056 ], [ -74.07314512399995, 4.568220197000073 ], [ -74.073242680999954, 4.568301848000033 ], [ -74.07326653399997, 4.568322414000022 ], [ -74.073367148999978, 4.568407748000027 ], [ -74.073481218999973, 4.568503211000063 ], [ -74.073531844999934, 4.568546136000066 ], [ -74.073571551999976, 4.568518873000073 ], [ -74.073653783999987, 4.568378705000043 ], [ -74.073668992999956, 4.568172410000045 ], [ -74.073653783999987, 4.567989286000056 ], [ -74.073688706999974, 4.567771687000061 ], [ -74.073734890999958, 4.567557478000026 ], [ -74.073823880999953, 4.56746761200003 ], [ -74.073967504999985, 4.567374355000027 ], [ -74.073985771999958, 4.567360731000065 ], [ -74.074134219999962, 4.567250014000024 ], [ -74.074320646999979, 4.567125107000038 ], [ -74.074378095999975, 4.567051067000023 ], [ -74.074410763999936, 4.56680011900005 ], [ -74.07447271999996, 4.566741906000061 ], [ -74.074495247999948, 4.56662717100005 ], [ -74.074486236999974, 4.566549174000045 ], [ -74.074441177999972, 4.566467221000039 ], [ -74.074464834999958, 4.56643613500006 ], [ -74.074532985999952, 4.566383572000063 ], [ -74.074811781999983, 4.566169362000039 ], [ -74.074832619999938, 4.566147885000021 ], [ -74.07486339899998, 4.56611508900005 ], [ -74.074862133999943, 4.566229996000061 ], [ -74.074912883999957, 4.566360833000033 ], [ -74.074944488999961, 4.566413906000037 ], [ -74.074998267999945, 4.566499114000067 ], [ -74.075051663999943, 4.566502674000049 ], [ -74.075098810999975, 4.566559501000029 ], [ -74.075158722999959, 4.566756286000043 ], [ -74.07517039399994, 4.566794612000024 ], [ -74.075171800999954, 4.566827944000067 ], [ -74.075212282999985, 4.566831228000069 ], [ -74.075217624999937, 4.566830459000073 ], [ -74.075376762999952, 4.566807522000033 ], [ -74.07543186099997, 4.566813714000034 ], [ -74.075682484999959, 4.566684499000075 ], [ -74.075698031999934, 4.566662600000029 ], [ -74.07563781999994, 4.566566253000076 ], [ -74.075631566999959, 4.566556247000051 ], [ -74.075572943999987, 4.566410276000056 ], [ -74.075531778999959, 4.56632452100007 ], [ -74.075510101999953, 4.566334051000069 ], [ -74.075283283999966, 4.566486478000058 ], [ -74.075250749999952, 4.566426180000065 ], [ -74.075478553999972, 4.566277948000049 ], [ -74.075468552999951, 4.566264483000054 ], [ -74.075444564999941, 4.566245582000022 ], [ -74.075413723999986, 4.566226335000067 ], [ -74.075335548999988, 4.566185034000057 ], [ -74.075326737999944, 4.566180379000059 ], [ -74.075315040999953, 4.566173021000054 ], [ -74.07530457699994, 4.56616398500006 ], [ -74.075295580999978, 4.566153476000068 ], [ -74.075288260999969, 4.566141731000073 ], [ -74.075282776999984, 4.566129017000037 ], [ -74.075274519999937, 4.56609136000003 ], [ -74.07527407799995, 4.566088212000068 ], [ -74.075274111999988, 4.566085036000061 ], [ -74.075274625999953, 4.566081899000039 ], [ -74.075275605999934, 4.566078878000042 ], [ -74.075277031999974, 4.566076040000041 ], [ -74.075305710999942, 4.566033634000064 ], [ -74.07531286699998, 4.565993374000072 ], [ -74.075302070999953, 4.565658566000025 ], [ -74.075314089999949, 4.565543289000061 ], [ -74.075298649999979, 4.565372119000074 ], [ -74.07502918199998, 4.565371053000035 ], [ -74.074979163999956, 4.565370950000045 ], [ -74.074900725999953, 4.565370790000031 ], [ -74.074903482999957, 4.565179843000067 ], [ -74.074975060999975, 4.565179614000044 ], [ -74.075029194999956, 4.565179441000055 ], [ -74.075240989999941, 4.565178766000031 ], [ -74.07524032799995, 4.565132199000061 ], [ -74.075225945999989, 4.56503391900003 ], [ -74.075225836999948, 4.564989690000061 ], [ -74.07522574099994, 4.564950820000035 ], [ -74.075225646999968, 4.564912010000057 ], [ -74.075429003999943, 4.564907830000038 ], [ -74.075472531999935, 4.564906460000032 ], [ -74.075523908999969, 4.564918247000037 ], [ -74.075517895999951, 4.564932770000041 ], [ -74.075482904999944, 4.565007542000046 ], [ -74.075478269999962, 4.565019833000065 ], [ -74.075475577999953, 4.56503269500007 ], [ -74.075474893999967, 4.565045818000044 ], [ -74.075476232999961, 4.565058890000046 ], [ -74.075479562999988, 4.565071600000067 ], [ -74.075489381999944, 4.565094964000025 ], [ -74.075502125999947, 4.565116863000071 ], [ -74.07551757799996, 4.565136928000072 ], [ -74.075531754999986, 4.565150929000026 ], [ -74.075547759999949, 4.565162783000062 ], [ -74.07556526999997, 4.565172251000035 ], [ -74.075583935999987, 4.565179149000073 ], [ -74.075695475999964, 4.565256312000031 ], [ -74.075892564999947, 4.565388803000076 ], [ -74.075897677999933, 4.565392239000062 ], [ -74.075933623999958, 4.565438266000058 ], [ -74.075948829999959, 4.56546090300003 ], [ -74.075960658999975, 4.565485487000046 ], [ -74.075965091999933, 4.565499570000043 ], [ -74.075967460999948, 4.565514147000044 ], [ -74.075967713999944, 4.565528913000037 ], [ -74.075965844999985, 4.565543564000052 ], [ -74.075957653999978, 4.565572682000038 ], [ -74.075945177999984, 4.565600226000072 ], [ -74.075926623999976, 4.565636626000071 ], [ -74.075921981999954, 4.56564886600006 ], [ -74.075919332999945, 4.565661692000049 ], [ -74.075917617999949, 4.565669701000047 ], [ -74.075914546999968, 4.565677290000053 ], [ -74.075910215999954, 4.565684234000059 ], [ -74.075904917999935, 4.565692527000067 ], [ -74.075900935999982, 4.565701534000027 ], [ -74.075898365999933, 4.565711040000053 ], [ -74.07589199399996, 4.565735912000036 ], [ -74.075882560999958, 4.565759783000033 ], [ -74.075840594999988, 4.565888874000052 ], [ -74.075830866999979, 4.565918798000041 ], [ -74.075818067999933, 4.565947620000031 ], [ -74.075816947999954, 4.565950772000065 ], [ -74.07581632199998, 4.56595406200006 ], [ -74.075816204999967, 4.565957406000052 ], [ -74.07581659899995, 4.565960732000065 ], [ -74.075817495999956, 4.565963958000054 ], [ -74.075818872999946, 4.565967006000051 ], [ -74.075820696999983, 4.565969807000045 ], [ -74.075822928999969, 4.565972296000041 ], [ -74.075828092999984, 4.565978035000057 ], [ -74.07583234699996, 4.565984483000022 ], [ -74.07583653599994, 4.565990949000025 ], [ -74.075841543999957, 4.565996799000061 ], [ -74.075847282999973, 4.566001928000048 ], [ -74.075853651999978, 4.566006246000029 ], [ -74.075881294999988, 4.566046462000031 ], [ -74.075898952999978, 4.566074320000041 ], [ -74.075904492999939, 4.566082281000035 ], [ -74.075911233999989, 4.566089247000036 ], [ -74.075919, 4.566095038000071 ], [ -74.07594482099995, 4.566135557000052 ], [ -74.075950242999966, 4.566145836000032 ], [ -74.075953915999946, 4.566156869000054 ], [ -74.075955741999962, 4.566168353000023 ], [ -74.075955670999974, 4.56617998400003 ], [ -74.075954721999949, 4.566185504000032 ], [ -74.075953702999982, 4.566191444000026 ], [ -74.075952953999945, 4.566195768000057 ], [ -74.075952905999941, 4.566200157000026 ], [ -74.075953559999959, 4.566204497000058 ], [ -74.075954897999964, 4.566208676000031 ], [ -74.075956884999982, 4.566212583000038 ], [ -74.075959473999944, 4.566216122000071 ], [ -74.075975574999973, 4.566234707000035 ], [ -74.076021758999957, 4.566223744000069 ], [ -74.076130735999982, 4.566190027000061 ], [ -74.076212801999986, 4.566164634000074 ], [ -74.076274869999963, 4.56625777000005 ], [ -74.076304639999989, 4.566295547000038 ], [ -74.076276127999961, 4.56631287700003 ], [ -74.076319847999969, 4.566371587000049 ], [ -74.076346327999943, 4.566433758000073 ], [ -74.076312395999935, 4.566462619000049 ], [ -74.076192461999938, 4.566536542000051 ], [ -74.076167666999936, 4.566572763000067 ], [ -74.076104343999987, 4.566610301000026 ], [ -74.076048620999984, 4.566643336000027 ], [ -74.07598302599996, 4.566664390000028 ], [ -74.075931112999967, 4.566696081000032 ], [ -74.075868893999939, 4.566734066000038 ], [ -74.07580504699996, 4.566773041000033 ], [ -74.075849879999964, 4.566902170000048 ], [ -74.075890115999982, 4.567213044000027 ], [ -74.076076558999944, 4.567183875000069 ], [ -74.076119646999985, 4.567303137000067 ], [ -74.076156240999978, 4.567358111000033 ], [ -74.076196892999974, 4.567396643000052 ], [ -74.076042011999959, 4.567533515000036 ], [ -74.07617070699996, 4.567594034000024 ], [ -74.076234087999978, 4.567623840000067 ], [ -74.07623436199998, 4.567632607000064 ], [ -74.076386187999958, 4.567699319000042 ], [ -74.076511775999961, 4.56775450300006 ], [ -74.076557713999989, 4.567783526000028 ], [ -74.07681522699994, 4.568008094000049 ], [ -74.07701951599995, 4.56812418100003 ], [ -74.077216263999958, 4.567986982000036 ], [ -74.07722896599995, 4.567978940000046 ], [ -74.077257432999943, 4.567965564000076 ], [ -74.077287789999957, 4.567957432000071 ], [ -74.077319948999957, 4.567954723000071 ], [ -74.077550822999967, 4.567955922000067 ], [ -74.077609645999985, 4.567956289000051 ], [ -74.077665052999976, 4.567873404000068 ], [ -74.077613926999959, 4.56749925500003 ], [ -74.077612307999971, 4.567469515000028 ], [ -74.077623428999971, 4.567083439000044 ], [ -74.077634423999939, 4.567026041000076 ], [ -74.077740839999933, 4.566736518000027 ], [ -74.07774128899996, 4.566735342000072 ], [ -74.077864821999981, 4.566406137000058 ], [ -74.077943920999985, 4.566116180000051 ], [ -74.077551969999945, 4.565621117000035 ], [ -74.076830361999953, 4.564593974000047 ], [ -74.076508376999982, 4.564153898000029 ], [ -74.076459480999972, 4.564092835000054 ], [ -74.076330225999982, 4.563931418000038 ], [ -74.076213674999963, 4.563783410000042 ], [ -74.076106407999987, 4.563647193000065 ], [ -74.076044768999964, 4.563549476000048 ], [ -74.075759302999984, 4.563096923000046 ], [ -74.075734091999948, 4.563060462000067 ], [ -74.075758003999965, 4.563069273000053 ], [ -74.075974278999979, 4.563232049000021 ], [ -74.076154508999934, 4.563367697000047 ], [ -74.076279544999977, 4.563449084000069 ], [ -74.07633642899998, 4.563506735000033 ], [ -74.076373601999933, 4.563537820000022 ], [ -74.076392763999934, 4.563543200000026 ], [ -74.076467355999966, 4.563638012000069 ], [ -74.076569209999946, 4.563656707000064 ], [ -74.076661366999986, 4.563673618000053 ], [ -74.076679307999939, 4.563676913000052 ], [ -74.076730020999946, 4.563686220000022 ], [ -74.077033861999951, 4.56365190300005 ], [ -74.077244034999978, 4.563470864000067 ], [ -74.077285444999973, 4.563402028000041 ], [ -74.077341086999979, 4.563309540000034 ], [ -74.077342341999952, 4.563308917000029 ], [ -74.07741443499998, 4.563223571000037 ], [ -74.077431329999968, 4.563203790000046 ], [ -74.077507929999967, 4.563122968000073 ], [ -74.077573261999987, 4.563042145000054 ], [ -74.077611560999969, 4.562989582000057 ], [ -74.077643101999968, 4.562904237000055 ], [ -74.077685343999974, 4.562644814000066 ], [ -74.077687595999976, 4.562632379000036 ], [ -74.077682526999979, 4.562531209000042 ], [ -74.077683090999983, 4.562437385000067 ], [ -74.077665067999988, 4.562345825000023 ], [ -74.077595789999975, 4.562288175000049 ], [ -74.077507927999989, 4.562263306000034 ], [ -74.077374444999975, 4.562267263000024 ], [ -74.077351171999965, 4.562262187000044 ], [ -74.077094778999935, 4.561953048000021 ], [ -74.077092272999948, 4.56191571200003 ], [ -74.077062986999977, 4.561775543000067 ], [ -74.077054536999981, 4.561588463000021 ], [ -74.07706974499996, 4.561488423000071 ], [ -74.077053973999966, 4.561392340000054 ], [ -74.077099030999989, 4.561296257000038 ], [ -74.077123812999957, 4.561149306000061 ], [ -74.077158168999972, 4.561004052000044 ], [ -74.077195906999975, 4.560921534000045 ], [ -74.077155352999966, 4.560837320000076 ], [ -74.077134562999959, 4.560769507000032 ], [ -74.077152615999978, 4.560746247000054 ], [ -74.077222940999945, 4.560737845000062 ], [ -74.077299273999984, 4.560622446000025 ], [ -74.077456200999961, 4.560599586000023 ], [ -74.077539253999987, 4.560603122000032 ], [ -74.077561963999983, 4.560525060000032 ], [ -74.077600709999956, 4.56039187500005 ], [ -74.077629390999959, 4.560344862000022 ], [ -74.077692100999968, 4.560293036000076 ], [ -74.077737040999978, 4.560200326000029 ], [ -74.077740352999967, 4.560196275000067 ], [ -74.077809450999951, 4.560116826000069 ], [ -74.077896248999934, 4.559959586000048 ], [ -74.077971456999933, 4.559913225000059 ], [ -74.07803453799994, 4.55984257700004 ], [ -74.07807846999998, 4.559754406000025 ], [ -74.078107755999952, 4.559643627000071 ], [ -74.078112261999934, 4.559543588000054 ], [ -74.07816745599996, 4.559463330000028 ], [ -74.078249684999946, 4.559411333000071 ], [ -74.078303754, 4.559311293000064 ], [ -74.078398837999941, 4.559180462000029 ], [ -74.078413018999981, 4.559160950000035 ], [ -74.078446810999935, 4.559075605000032 ], [ -74.078455260999988, 4.558966523000038 ], [ -74.078487927999959, 4.558878352000022 ], [ -74.078562834999957, 4.558768704000045 ], [ -74.078569592999941, 4.558753444000047 ], [ -74.078609581999956, 4.558695229000023 ], [ -74.078609580999967, 4.558586145000049 ], [ -74.078613246999964, 4.558558559000062 ], [ -74.078760960999944, 4.558294387000046 ], [ -74.078795337999964, 4.558223659000021 ], [ -74.078939623999986, 4.558110251000073 ], [ -74.078998762999959, 4.557948605000036 ], [ -74.079007772999944, 4.557753049000041 ], [ -74.078956091999942, 4.557607454000049 ], [ -74.078950481999982, 4.557449035000047 ], [ -74.079136620999975, 4.557082772000058 ], [ -74.079250657999978, 4.557075735000069 ], [ -74.079381909999938, 4.557020066000064 ], [ -74.079554683999959, 4.556979677000072 ], [ -74.079644218999988, 4.557002917000034 ], [ -74.07971183799998, 4.557043751000037 ], [ -74.079801576999955, 4.557097939000073 ], [ -74.079872376999958, 4.557098758000052 ], [ -74.080013082999983, 4.557054390000076 ], [ -74.080261422999968, 4.55713152200002 ], [ -74.080503092999948, 4.557215524000071 ], [ -74.080553613999939, 4.557335933000047 ], [ -74.080661963999944, 4.557482565000043 ], [ -74.080743567999946, 4.557561036000038 ], [ -74.080885788999979, 4.557693028000074 ], [ -74.081052511999985, 4.557797180000023 ], [ -74.081118451999941, 4.557784259000073 ], [ -74.08109064599995, 4.557575752000048 ], [ -74.081052922999959, 4.557292866000068 ], [ -74.081052257999943, 4.557284812000034 ], [ -74.081079908999982, 4.557247197000038 ], [ -74.082399446999943, 4.555452124000055 ], [ -74.082254615999943, 4.555452125000045 ], [ -74.082018712999968, 4.55545212800007 ], [ -74.081724149999957, 4.555415955000058 ], [ -74.081630656999948, 4.555314786000054 ], [ -74.081493792999936, 4.554766547000042 ], [ -74.081062934999977, 4.555127144000039 ], [ -74.080065729999944, 4.55434944700005 ], [ -74.080148764999933, 4.55416113800004 ], [ -74.080258947999937, 4.55397990900002 ], [ -74.080375170999957, 4.553755017000071 ], [ -74.080444277999959, 4.553574776000062 ], [ -74.080537253999978, 4.55343973600003 ], [ -74.080652836999946, 4.553288247000069 ], [ -74.080788780999967, 4.553133957000057 ], [ -74.080933193999954, 4.552949747000071 ], [ -74.08107526699996, 4.552761017000023 ], [ -74.081125179999958, 4.552640707000023 ], [ -74.081098163999968, 4.552554195000027 ], [ -74.080937929999948, 4.552429344000075 ], [ -74.080744817999971, 4.552270863000047 ], [ -74.080501895999987, 4.552127201000076 ], [ -74.080194117999952, 4.551943669000025 ], [ -74.08002163499998, 4.551784737000048 ], [ -74.079773400999954, 4.551606814000024 ], [ -74.079531202999988, 4.551396712000042 ], [ -74.079252972999939, 4.551205678000031 ], [ -74.078963214999987, 4.55100804500006 ], [ -74.07754504199994, 4.550092741000071 ], [ -74.077423531999955, 4.550050876000057 ], [ -74.077316620999966, 4.549940401000072 ], [ -74.077179079999951, 4.549863730000027 ], [ -74.077011102999961, 4.549724326000046 ], [ -74.07681303399994, 4.549604712000075 ], [ -74.076624154999934, 4.549478591000025 ], [ -74.076429332999965, 4.549320110000053 ], [ -74.076256669999964, 4.549185131000058 ], [ -74.076097517999983, 4.549061995000045 ], [ -74.075982469999985, 4.548959599000057 ], [ -74.075972620999949, 4.548893614000065 ], [ -74.075973184999953, 4.54878622800004 ], [ -74.075964172999988, 4.548689015000036 ], [ -74.07601204599996, 4.548444850000067 ], [ -74.07601767999995, 4.548130035000042 ], [ -74.075986701999966, 4.548037908000026 ], [ -74.075945586999978, 4.547955956000067 ], [ -74.075833509999939, 4.547827091000045 ], [ -74.075861670999984, 4.547729311000069 ], [ -74.075815487999989, 4.547590840000055 ], [ -74.075754097999948, 4.54751284300005 ], [ -74.075692145999938, 4.547437105000029 ], [ -74.075648214999944, 4.547288458000025 ], [ -74.075630756999942, 4.547166943000036 ], [ -74.075613860999965, 4.547071988000027 ], [ -74.075621746999957, 4.546840824000071 ], [ -74.075605412999948, 4.546719307000046 ], [ -74.075605414999984, 4.546521489000042 ], [ -74.075627378999968, 4.546402233000038 ], [ -74.075612736999972, 4.54630445500004 ], [ -74.07566342399997, 4.546218545000045 ], [ -74.075654413999985, 4.546106070000064 ], [ -74.075627942999972, 4.546012248000068 ], [ -74.075647053999944, 4.545939937000071 ], [ -74.075662298999987, 4.545882254000048 ], [ -74.075689333999946, 4.545792387000063 ], [ -74.075702851999949, 4.545679348000021 ], [ -74.075756917999968, 4.545596830000022 ], [ -74.075832951999985, 4.545531831000062 ], [ -74.075881387999971, 4.545444791000023 ], [ -74.075914054999942, 4.54532271000005 ], [ -74.075968683999974, 4.545241323000027 ], [ -74.076064993999978, 4.545124893000036 ], [ -74.076092029999984, 4.545036156000037 ], [ -74.076088648999985, 4.544912378000049 ], [ -74.076108361999957, 4.544818557000042 ], [ -74.076144406999958, 4.544717951000052 ], [ -74.076186083999971, 4.54463486800006 ], [ -74.076260991999959, 4.544536525000069 ], [ -74.076306609999961, 4.54444383200007 ], [ -74.076309425999966, 4.544340402000046 ], [ -74.076248036999971, 4.544267492000074 ], [ -74.076193407999938, 4.544192886000076 ], [ -74.076085833999969, 4.543984328000022 ], [ -74.07606330599998, 4.54385602800005 ], [ -74.076045284999964, 4.543752033000032 ], [ -74.076055985999972, 4.543648602000076 ], [ -74.076112868999985, 4.543530476000058 ], [ -74.076160741999956, 4.543448523000052 ], [ -74.076261556999953, 4.543219054000076 ], [ -74.076276762999953, 4.543119015000059 ], [ -74.076270004999969, 4.542989019000061 ], [ -74.076285211999959, 4.542896894000023 ], [ -74.076325760999964, 4.542792332000033 ], [ -74.076389405999976, 4.542710943000031 ], [ -74.076477265999984, 4.54266007700005 ], [ -74.076639467999939, 4.542575862000035 ], [ -74.076713246999986, 4.542499562000046 ], [ -74.076764498999978, 4.542408565000073 ], [ -74.076823072999957, 4.54226952700003 ], [ -74.076855739999985, 4.54216948800007 ], [ -74.076902485999938, 4.542091489000029 ], [ -74.076937403999978, 4.541999929000042 ], [ -74.076893472999984, 4.541919106000023 ], [ -74.076803923999989, 4.541902149000066 ], [ -74.076713810999934, 4.541889150000031 ], [ -74.076736339999968, 4.541785154000024 ], [ -74.076698605999979, 4.541689072000054 ], [ -74.076656363999973, 4.541597510000031 ], [ -74.07660849399997, 4.541475993000063 ], [ -74.07654090799997, 4.541413256000055 ], [ -74.076535839999963, 4.541409299000065 ], [ -74.076447979999955, 4.541300783000054 ], [ -74.076321821999954, 4.541148744000054 ], [ -74.076124700999969, 4.540974664000032 ], [ -74.07604360199997, 4.540911927000025 ], [ -74.075992912999936, 4.540830539000069 ], [ -74.075934340999936, 4.540741804000049 ], [ -74.075830146999976, 4.540655327000024 ], [ -74.075776642999983, 4.540577896000059 ], [ -74.07574681899996, 4.540500617000021 ], [ -74.075764367999966, 4.540483456000061 ], [ -74.075838032999968, 4.54049311600005 ], [ -74.075927580999974, 4.540518551000048 ], [ -74.076027268999951, 4.540500465000036 ], [ -74.076072324999984, 4.540408337000031 ], [ -74.076076830999966, 4.540225778000035 ], [ -74.076098195999975, 4.540133414000024 ], [ -74.076104145999977, 4.540126741000051 ], [ -74.076271257999963, 4.53992680600004 ], [ -74.07634361099997, 4.539782072000037 ], [ -74.076389409999933, 4.539725017000023 ], [ -74.076437282999962, 4.539640237000071 ], [ -74.076481774999934, 4.539556590000075 ], [ -74.076488187999985, 4.539541438000072 ], [ -74.076550273999942, 4.539447653000025 ], [ -74.076682434999952, 4.539278899000067 ], [ -74.076791619999938, 4.539147660000026 ], [ -74.07686700499994, 4.539089739000076 ], [ -74.076968382999951, 4.539075608000076 ], [ -74.077011184999947, 4.538994218000028 ], [ -74.077024700999971, 4.538903789000074 ], [ -74.07706528999995, 4.538797465000073 ], [ -74.077081282999984, 4.538771147000034 ], [ -74.077124950999973, 4.538708231000044 ], [ -74.077226889999963, 4.538638713000068 ], [ -74.077312498999959, 4.538531323000029 ], [ -74.077335026999947, 4.538437502000022 ], [ -74.077344599999947, 4.538334637000048 ], [ -74.077335590999951, 4.538232337000068 ], [ -74.077326015999972, 4.538136818000055 ], [ -74.07734291099996, 4.538030562000074 ], [ -74.077407678999975, 4.537922610000066 ], [ -74.077454986999953, 4.537816353000039 ], [ -74.077479768999979, 4.537687487000028 ], [ -74.077484273999971, 4.537658663000059 ], [ -74.077507927999989, 4.53763096900002 ], [ -74.077573258999962, 4.53752697300007 ], [ -74.077608741999939, 4.537491932000023 ], [ -74.077692094999975, 4.537447280000038 ], [ -74.077775448999944, 4.537381153000069 ], [ -74.077868938999984, 4.537354588000028 ], [ -74.077961305999963, 4.53739076200003 ], [ -74.078064369999936, 4.537376066000036 ], [ -74.078139277999981, 4.537320677000025 ], [ -74.078146597999989, 4.537222898000039 ], [ -74.078087461999985, 4.537151682000058 ], [ -74.078005796999946, 4.537106468000047 ], [ -74.077922443999967, 4.537062381000055 ], [ -74.077893720999953, 4.537023384000065 ], [ -74.077901604999965, 4.536946517000047 ], [ -74.078295281999942, 4.534833251000066 ], [ -74.07894067899997, 4.53337883100005 ], [ -74.079022365999947, 4.533194748000028 ], [ -74.079031939999936, 4.533183444000031 ], [ -74.079065532999948, 4.533165806000056 ], [ -74.079080375999979, 4.533158010000022 ], [ -74.079172177999965, 4.533156315000042 ], [ -74.079261161999966, 4.53321509500006 ], [ -74.07934845699998, 4.533245615000055 ], [ -74.079475740999953, 4.533256919000053 ], [ -74.079604147999987, 4.533291961000032 ], [ -74.079693696999982, 4.533265397000037 ], [ -74.079733119999958, 4.533173834000024 ], [ -74.079747763999933, 4.533071535000033 ], [ -74.079714534999937, 4.532924584000057 ], [ -74.07971508299994, 4.532913449000034 ], [ -74.079733419999968, 4.532836416000066 ], [ -74.079736346999937, 4.53281253800003 ], [ -74.079784933999974, 4.532755024000039 ], [ -74.079849138999975, 4.532678158000067 ], [ -74.07988968799998, 4.532594507000056 ], [ -74.079893629999958, 4.532489948000034 ], [ -74.079886125999963, 4.532462748000057 ], [ -74.079886585999986, 4.532461023000053 ], [ -74.07988196499997, 4.532447661000049 ], [ -74.079866030999938, 4.532389908000027 ], [ -74.079858605999959, 4.532380122000063 ], [ -74.079853537999952, 4.532365472000038 ], [ -74.079768159999958, 4.53222643700002 ], [ -74.079688543999964, 4.532145707000041 ], [ -74.079681522999977, 4.532085051000024 ], [ -74.079771603999973, 4.532015274000059 ], [ -74.079786741999953, 4.531978214000048 ], [ -74.079799366999964, 4.531820658000072 ], [ -74.07983270699998, 4.531722402000071 ], [ -74.079860273999941, 4.531675760000041 ], [ -74.079920898999944, 4.531622796000022 ], [ -74.079947750999963, 4.531540630000052 ], [ -74.079958567999938, 4.531458913000051 ], [ -74.079946925999934, 4.531429381000066 ], [ -74.079954452999971, 4.531404206000047 ], [ -74.079957827999976, 4.531212604000075 ], [ -74.079943187999959, 4.531113131000041 ], [ -74.079946566999979, 4.531022134000068 ], [ -74.079952197999944, 4.530923790000031 ], [ -74.079931501999965, 4.53084449000005 ], [ -74.079993128999945, 4.530839712000045 ], [ -74.080072302999952, 4.530850386000054 ], [ -74.080122470999981, 4.530891613000051 ], [ -74.080200110999954, 4.530935642000031 ], [ -74.080303065999942, 4.530930951000073 ], [ -74.080376481999963, 4.530890101000068 ], [ -74.080462777999969, 4.530858198000033 ], [ -74.080523404999951, 4.530800535000026 ], [ -74.080550437999989, 4.530677147000063 ], [ -74.080515796999975, 4.530295949000049 ], [ -74.080552008999973, 4.530276700000059 ], [ -74.080628568999941, 4.530323078000038 ], [ -74.080636509999977, 4.530321822000076 ], [ -74.080713070999934, 4.530366505000075 ], [ -74.080818951999959, 4.530381764000026 ], [ -74.080824865999944, 4.530381137000063 ], [ -74.080829158999961, 4.530389269000068 ], [ -74.081028853999953, 4.530410983000024 ], [ -74.081091008999977, 4.530376096000055 ], [ -74.081096251999952, 4.530370317000063 ], [ -74.081111813999939, 4.53037271900007 ], [ -74.081204353999965, 4.530368250000038 ], [ -74.081220980999944, 4.530407387000025 ], [ -74.081269887999952, 4.530446442000027 ], [ -74.081332674999942, 4.530436867000049 ], [ -74.081421564999971, 4.530352606000065 ], [ -74.081458741999938, 4.530352936000043 ], [ -74.081562369999972, 4.530346153000039 ], [ -74.08166486999994, 4.530328067000028 ], [ -74.081680614999982, 4.530283711000038 ], [ -74.081725419999941, 4.530232342000033 ], [ -74.081753530999947, 4.530155961000048 ], [ -74.081771916999969, 4.530054629000063 ], [ -74.08175976299998, 4.529970018000029 ], [ -74.081729299999949, 4.529907752000042 ], [ -74.081732450999937, 4.529883823000034 ], [ -74.081732482999939, 4.52987771200003 ], [ -74.081835270999989, 4.529708876000029 ], [ -74.081875365999963, 4.529604655000071 ], [ -74.081814131999977, 4.529396080000026 ], [ -74.081756857999949, 4.529348693000031 ], [ -74.081725111999958, 4.529322426000022 ], [ -74.081653169999981, 4.529261770000062 ], [ -74.081537253999954, 4.529164655000045 ], [ -74.081431604999977, 4.529076935000035 ], [ -74.081344383999976, 4.529003832000058 ], [ -74.08133313999997, 4.528970936000064 ], [ -74.081332014999987, 4.528967644000033 ], [ -74.081314563999968, 4.528955299000074 ], [ -74.081272878999982, 4.528925817000072 ], [ -74.081200225999964, 4.528881169000044 ], [ -74.08119402899996, 4.528879299000039 ], [ -74.081135951999954, 4.528831250000053 ], [ -74.081110681999974, 4.528810300000032 ], [ -74.081133206999937, 4.528800346000025 ], [ -74.081295969999985, 4.528788475000056 ], [ -74.081295968999939, 4.528639263000059 ], [ -74.081368620999967, 4.528586136000058 ], [ -74.081469995999953, 4.528561830000058 ], [ -74.081636136999975, 4.528521137000041 ], [ -74.081641205999972, 4.528461226000047 ], [ -74.081645710999965, 4.528413185000034 ], [ -74.08172005299997, 4.528335752000032 ], [ -74.081835505999948, 4.528265102000034 ], [ -74.081898584999976, 4.528196713000057 ], [ -74.081946453999933, 4.528115890000038 ], [ -74.081958483999983, 4.528029274000062 ], [ -74.081927551999968, 4.527970243000027 ], [ -74.08191685099996, 4.527949896000052 ], [ -74.081841943999962, 4.527930111000046 ], [ -74.081842590999941, 4.527917913000067 ], [ -74.081838883999978, 4.527916942000047 ], [ -74.081843951999986, 4.527832727000032 ], [ -74.081864788999951, 4.527785815000072 ], [ -74.081905338999945, 4.527721384000074 ], [ -74.081966727999941, 4.527638864000039 ], [ -74.082014598999933, 4.527554651000059 ], [ -74.082094006999966, 4.52746195800006 ], [ -74.082097784999974, 4.527457181000045 ], [ -74.082099949999986, 4.527459534000059 ], [ -74.082117933999939, 4.527466828000058 ], [ -74.082342233999952, 4.527567803000068 ], [ -74.082451067999955, 4.527616644000034 ], [ -74.082645052999965, 4.527703927000061 ], [ -74.08270035399994, 4.527729989000022 ], [ -74.082817392999971, 4.527781934000075 ], [ -74.082859304999943, 4.527800537000076 ], [ -74.082866841999987, 4.527745052000057 ], [ -74.082883356999957, 4.527664983000022 ], [ -74.082901242999981, 4.527638753000076 ], [ -74.082938388999935, 4.527590439000051 ], [ -74.082986544999983, 4.527513131000035 ], [ -74.08304708199995, 4.527417878000051 ], [ -74.083091109999941, 4.52734885700005 ], [ -74.083111745999986, 4.527321246000042 ], [ -74.083124130999977, 4.527288114000044 ], [ -74.083136512999943, 4.527250842000058 ], [ -74.083153022999966, 4.527216328000065 ], [ -74.083213557999954, 4.527158351000026 ], [ -74.083260334999977, 4.527115558000048 ], [ -74.083293351999941, 4.527096234000055 ], [ -74.083330494999984, 4.52708657200003 ], [ -74.083355257999983, 4.527075530000047 ], [ -74.083364889999984, 4.527050682000038 ], [ -74.083370397999943, 4.526988556000049 ], [ -74.083377279999979, 4.526943 ], [ -74.08338553699997, 4.526908487000071 ], [ -74.083396544999971, 4.52687673500003 ], [ -74.083410303999983, 4.526850506000073 ], [ -74.083433692999961, 4.526815995000049 ], [ -74.083451578999984, 4.526780102000032 ], [ -74.083463962999986, 4.526751112000056 ], [ -74.083461213999954, 4.526711075000037 ], [ -74.083436458999984, 4.526657232000048 ], [ -74.083424349999973, 4.526628840000058 ], [ -74.083417913999938, 4.52661374500002 ], [ -74.083408291999945, 4.526585413000021 ], [ -74.083406638999975, 4.526570639000056 ], [ -74.083402522999961, 4.526533900000061 ], [ -74.083403164999936, 4.526521022000054 ], [ -74.083411507999983, 4.526510075000033 ], [ -74.083446154999933, 4.526494625000055 ], [ -74.083478237999941, 4.526477243000045 ], [ -74.08349620499996, 4.526465011000028 ], [ -74.083504546999961, 4.526449557000035 ], [ -74.08351096399997, 4.526421225000036 ], [ -74.083512251999935, 4.526386457000058 ], [ -74.083515459999944, 4.526367140000048 ], [ -74.083512255999949, 4.526335587000062 ], [ -74.083507765999968, 4.526299531000063 ], [ -74.083503276999977, 4.526273773000071 ], [ -74.083501996999985, 4.52625381200005 ], [ -74.083508413999937, 4.526246086000072 ], [ -74.083520603999943, 4.526246732000061 ], [ -74.083553324999968, 4.526259613000036 ], [ -74.083582198999977, 4.526266053000029 ], [ -74.083654061999937, 4.526239017000023 ], [ -74.083697690999941, 4.526219060000074 ], [ -74.083721324999942, 4.526201600000036 ], [ -74.083742813999947, 4.526186672000051 ], [ -74.083765955999979, 4.526172575000032 ], [ -74.08378331199998, 4.526152672000023 ], [ -74.083799016999933, 4.526133596000022 ], [ -74.083818853999958, 4.526107057000047 ], [ -74.083830426999953, 4.526086324000062 ], [ -74.083840346999978, 4.526049003000026 ], [ -74.083844481999961, 4.526023291000058 ], [ -74.083842003999962, 4.525996751000037 ], [ -74.083837047999964, 4.525977673000057 ], [ -74.083835182999962, 4.525960823000048 ], [ -74.083833743999946, 4.525947816000041 ], [ -74.083831264999958, 4.525931226000068 ], [ -74.083837053999957, 4.525912151000057 ], [ -74.083848625999963, 4.525887270000055 ], [ -74.083859371999949, 4.52586487700006 ], [ -74.083863503999964, 4.525855754000077 ], [ -74.083872547999988, 4.525845060000051 ], [ -74.083886646999986, 4.525828386000057 ], [ -74.083894085999987, 4.525810140000033 ], [ -74.083900292999942, 4.525785235000058 ], [ -74.083904833999952, 4.525767011000028 ], [ -74.083916406999947, 4.525740473000042 ], [ -74.083923847999984, 4.525718909000034 ], [ -74.083932114999982, 4.525692367000033 ], [ -74.08394038199998, 4.525667488000067 ], [ -74.083953605999966, 4.525650072000076 ], [ -74.083966830999941, 4.525643437000042 ], [ -74.08397645499997, 4.525639960000035 ], [ -74.083987492999938, 4.525635975000057 ], [ -74.084008979999965, 4.525627682000049 ], [ -74.084032948999948, 4.525616071000059 ], [ -74.084051130999967, 4.525610268000037 ], [ -74.084071791999975, 4.525606952000032 ], [ -74.084089149999954, 4.525607784000044 ], [ -74.084107329999938, 4.525615250000044 ], [ -74.084125510999968, 4.525626032000048 ], [ -74.084140386999934, 4.525628522000034 ], [ -74.084149477999972, 4.525625206000029 ], [ -74.084157742999935, 4.525621890000025 ], [ -74.084181711999975, 4.525621892000061 ], [ -74.084213943999941, 4.525617747000069 ], [ -74.084236256999986, 4.525610284000038 ], [ -74.08425030899997, 4.52559784500005 ], [ -74.084259402999976, 4.525578769000049 ], [ -74.084274278999942, 4.525556375000065 ], [ -74.084289157999933, 4.525536471000066 ], [ -74.084304034999946, 4.525523202000045 ], [ -74.08432552499994, 4.525504958000056 ], [ -74.084352796999951, 4.525492520000057 ], [ -74.084381726999936, 4.525481741000021 ], [ -74.084392471999934, 4.525471789000051 ], [ -74.084393297999952, 4.525460176000024 ], [ -74.084380073999966, 4.525459345000058 ], [ -74.084363545999963, 4.525464322000062 ], [ -74.084345361999965, 4.525467638000066 ], [ -74.084342056999958, 4.525465148000023 ], [ -74.084347842999989, 4.525456026000029 ], [ -74.08435858699994, 4.525441927000031 ], [ -74.084366852999949, 4.525437780000061 ], [ -74.084400737999943, 4.525430318000076 ], [ -74.084429664999959, 4.525425345000031 ], [ -74.084453633999942, 4.525416225000072 ], [ -74.084479253999973, 4.52540461500007 ], [ -74.084501569999986, 4.525383881000039 ], [ -74.084518100999958, 4.525363976000051 ], [ -74.084522233999962, 4.525348219000023 ], [ -74.084518102999937, 4.525334119000036 ], [ -74.084515623999948, 4.525324166000075 ], [ -74.084520587999975, 4.525289332000057 ], [ -74.084523068999943, 4.525248691000058 ], [ -74.084523072999957, 4.525213026000074 ], [ -74.08451976799995, 4.525179850000029 ], [ -74.084516465999968, 4.525154968000038 ], [ -74.084513987999969, 4.525141698000027 ], [ -74.084501590999935, 4.525126767000074 ], [ -74.08449332899994, 4.525111837000054 ], [ -74.084475975999965, 4.525079490000053 ], [ -74.084471019999967, 4.525057095000022 ], [ -74.084466060999944, 4.525033873000041 ], [ -74.084461931999954, 4.525015625000037 ], [ -74.084446230999959, 4.524999036000054 ], [ -74.084443294999971, 4.524996474000034 ], [ -74.084427223999967, 4.524982445000035 ], [ -74.08441234999998, 4.52496005100005 ], [ -74.084409869999945, 4.52493516800007 ], [ -74.084410699999978, 4.524912774000029 ], [ -74.084413784999981, 4.524893826000039 ], [ -74.084417314999939, 4.524872135000066 ], [ -74.084423930999947, 4.524832324000045 ], [ -74.084419801999957, 4.524798318000023 ], [ -74.084402451999949, 4.52473694300005 ], [ -74.084382620999975, 4.524670589000038 ], [ -74.084364446999984, 4.52459179300007 ], [ -74.084363621999955, 4.524577694000072 ], [ -74.084370233999948, 4.524569400000075 ], [ -74.084398334999946, 4.52455281500005 ], [ -74.084425607999947, 4.524537059000068 ], [ -74.08443800699996, 4.524523789000057 ], [ -74.084458668999957, 4.524508033000075 ], [ -74.084466932999987, 4.524505546000057 ], [ -74.08450081899997, 4.524503889000073 ], [ -74.084559498999965, 4.52449974700005 ], [ -74.084595861999958, 4.524496432000035 ], [ -74.084628921999979, 4.524489800000026 ], [ -74.084637185999952, 4.524480678000032 ], [ -74.084640491999949, 4.524468237000065 ], [ -74.084650412999963, 4.524454137000021 ], [ -74.084668593999936, 4.524440039000069 ], [ -74.084671900999979, 4.524430917000075 ], [ -74.084666944999981, 4.524417645000028 ], [ -74.084653722999974, 4.524397739000051 ], [ -74.084644632999982, 4.52438032200007 ], [ -74.084638022999968, 4.52435958500007 ], [ -74.084628933999966, 4.524344656000039 ], [ -74.084619048999969, 4.524330838000026 ], [ -74.084594226999968, 4.524301523000076 ], [ -74.084576044999949, 4.524282446000029 ], [ -74.084562822999942, 4.524268346000042 ], [ -74.08454216399997, 4.524250926000036 ], [ -74.08452398299994, 4.524235996000073 ], [ -74.084509106999974, 4.52421608800006 ], [ -74.08450249699996, 4.524204476000023 ], [ -74.084500845999969, 4.524187888000029 ], [ -74.084515721999935, 4.524192865000032 ], [ -74.084569438999949, 4.524223558000074 ], [ -74.084612412999945, 4.524242639000022 ], [ -74.084647120999989, 4.524256742000034 ], [ -74.084657910999965, 4.524265767000031 ], [ -74.084671913999955, 4.524277478000045 ], [ -74.084689266999987, 4.524308167000072 ], [ -74.084713233999935, 4.524334711000051 ], [ -74.084719842999959, 4.524344664000068 ], [ -74.084737196999981, 4.524372036000045 ], [ -74.084754549999957, 4.524391942000022 ], [ -74.084768599999961, 4.524404385000025 ], [ -74.084792565999976, 4.524413509000055 ], [ -74.084806614999934, 4.524415999000041 ], [ -74.084825622999972, 4.524409365000054 ], [ -74.084841325999946, 4.524402732000055 ], [ -74.084857856999975, 4.524394438000058 ], [ -74.084876038999937, 4.524379512000053 ], [ -74.084895876999951, 4.524364584000068 ], [ -74.084914060999949, 4.524345510000046 ], [ -74.084922327999948, 4.524323117000051 ], [ -74.084929765999959, 4.524304039000071 ], [ -74.084931421999954, 4.524276671000052 ], [ -74.084933901999989, 4.524253447000035 ], [ -74.084941343999958, 4.52422690700007 ], [ -74.084950438999954, 4.524192073000052 ], [ -74.084956223999939, 4.524171338000031 ], [ -74.084971888999974, 4.524149322000028 ], [ -74.084998376999977, 4.524127385000043 ], [ -74.085030612999958, 4.524100846000067 ], [ -74.085052099999984, 4.524080942000069 ], [ -74.08507276399996, 4.52406684500005 ], [ -74.085099210999942, 4.524054406000062 ], [ -74.085123179999982, 4.524041136000051 ], [ -74.085144668999988, 4.524026210000045 ], [ -74.085152931999971, 4.524020405000044 ], [ -74.085176074999936, 4.524018749000049 ], [ -74.085166051999977, 4.524013146000073 ], [ -74.085059098999977, 4.523956838000061 ], [ -74.085077428999966, 4.523913976000074 ], [ -74.085177139999985, 4.523919589000059 ], [ -74.08529667199997, 4.523891488000061 ], [ -74.085335169999951, 4.523850197000058 ], [ -74.085340775999953, 4.523849763000044 ], [ -74.08543257599996, 4.523874632000059 ], [ -74.085477063999974, 4.523785898000028 ], [ -74.085454879999986, 4.523643973000048 ], [ -74.085452102999966, 4.523626202000059 ], [ -74.085445524999955, 4.523584122000045 ], [ -74.085483819999979, 4.523419083000022 ], [ -74.085506347999967, 4.523323564000066 ], [ -74.085477060999949, 4.523263090000057 ], [ -74.085450588999947, 4.523174920000031 ], [ -74.085389763999956, 4.523089576000075 ], [ -74.085357660999989, 4.523002536000035 ], [ -74.085351182999943, 4.522941790000061 ], [ -74.085453034999944, 4.522980232000066 ], [ -74.085542079999982, 4.523038414000041 ], [ -74.085651940999981, 4.523110197000051 ], [ -74.085678295999969, 4.523127416000023 ], [ -74.085810926999955, 4.523130947000027 ], [ -74.085847637999962, 4.523146089000022 ], [ -74.085947320999935, 4.523159088000057 ], [ -74.086035178999964, 4.523129133000054 ], [ -74.086168653999948, 4.523081088000026 ], [ -74.086245248999944, 4.523018350000029 ], [ -74.086283543999969, 4.522917746000076 ], [ -74.086292114999935, 4.522856400000023 ], [ -74.086331816999973, 4.522761740000021 ], [ -74.086400278999974, 4.522695849000058 ], [ -74.086492068999974, 4.522653460000072 ], [ -74.086598629999969, 4.522608455000068 ], [ -74.086704114999975, 4.522511833000067 ], [ -74.086794827999938, 4.52242018000004 ], [ -74.08693120199996, 4.522375538000063 ], [ -74.087098027999957, 4.522306129000071 ], [ -74.087188740999977, 4.522215652000057 ], [ -74.087203363999947, 4.522151070000064 ], [ -74.087217299999963, 4.522148505000075 ], [ -74.087268550999966, 4.522071635000032 ], [ -74.087230250999937, 4.521979509000062 ], [ -74.087224660999937, 4.521971436000058 ], [ -74.087226145999978, 4.521937059000038 ], [ -74.087194362999981, 4.521791069000074 ], [ -74.087116462999973, 4.521632238000052 ], [ -74.087109726999984, 4.521429391000026 ], [ -74.087107662999983, 4.521336555000062 ], [ -74.087195855999937, 4.521231072000035 ], [ -74.087270535999949, 4.521088255000052 ], [ -74.087262177999946, 4.520915239000033 ], [ -74.087357382999983, 4.520840640000074 ], [ -74.087420899999984, 4.520790871000031 ], [ -74.087578529999973, 4.520776783000031 ], [ -74.087627239999961, 4.52075037000003 ], [ -74.087507451999954, 4.52068132100004 ], [ -74.086841134999986, 4.520297222000067 ], [ -74.086789678999935, 4.520273293000059 ], [ -74.086854063999965, 4.520145065000065 ], [ -74.086296342999958, 4.519938556000056 ], [ -74.085866667999937, 4.519782161000023 ], [ -74.085484108999935, 4.519647734000046 ], [ -74.085486657999979, 4.519640209000045 ], [ -74.084784100999968, 4.519417325000063 ], [ -74.084603926999989, 4.519346970000072 ], [ -74.084419688999958, 4.519290745000035 ], [ -74.084250365999935, 4.519242530000042 ], [ -74.084208156999978, 4.519196520000037 ], [ -74.084036383999944, 4.519087438000042 ], [ -74.084104885999977, 4.519065843000021 ], [ -74.084132041999965, 4.519073182000056 ], [ -74.084166525999933, 4.51908295100003 ], [ -74.084174892999954, 4.519067105000033 ], [ -74.084287563999965, 4.519083480000063 ], [ -74.084390626999948, 4.519101566000074 ], [ -74.084485242999961, 4.519070477000071 ], [ -74.084579858999973, 4.519052957000042 ], [ -74.084656451999933, 4.51910947600004 ], [ -74.084746, 4.519078388000025 ], [ -74.08475008399995, 4.519060552000042 ], [ -74.08475294699997, 4.519048049000048 ], [ -74.084766834999982, 4.518987393000032 ], [ -74.084788236999941, 4.518888483000069 ], [ -74.084779786999945, 4.518792965000046 ], [ -74.084740924999949, 4.518702534000056 ], [ -74.084792736999987, 4.518537497000068 ], [ -74.08482216799996, 4.518509602000051 ], [ -74.084840534999955, 4.518492195000022 ], [ -74.084863696999946, 4.51847023800002 ], [ -74.084906693999983, 4.518455395000046 ], [ -74.084930777999944, 4.518460262000076 ], [ -74.085081231999936, 4.518489288000069 ], [ -74.08525844199994, 4.518525818000057 ], [ -74.085284807999983, 4.518531375000066 ], [ -74.085346460999972, 4.518544374000044 ], [ -74.085518906999937, 4.518579921000025 ], [ -74.085694754999963, 4.518616407000025 ], [ -74.085813426999948, 4.518640081000058 ], [ -74.086039986999936, 4.51868792700003 ], [ -74.086116469999979, 4.518703171000027 ], [ -74.086312423999971, 4.518745080000031 ], [ -74.086462777999941, 4.518775738000045 ], [ -74.086700967999946, 4.518825265000032 ], [ -74.086844693999979, 4.518855032000033 ], [ -74.08703335499996, 4.518893556000023 ], [ -74.087256047999972, 4.518937898000047 ], [ -74.087497945999985, 4.518985361000034 ], [ -74.087622566999983, 4.51901037600004 ], [ -74.087795503999985, 4.519044846000043 ], [ -74.087996476999933, 4.519084606000035 ], [ -74.088126862999957, 4.519111277000036 ], [ -74.088292189999947, 4.519146294000052 ], [ -74.088370155999939, 4.519162114000039 ], [ -74.088421704999973, 4.519172563000041 ], [ -74.088622977999989, 4.519215448000068 ], [ -74.088754902999938, 4.519240904000071 ], [ -74.088932444999955, 4.519274670000073 ], [ -74.089149554999949, 4.519317040000033 ], [ -74.089374650999957, 4.519359400000042 ], [ -74.089510039999936, 4.519386862000033 ], [ -74.089675783999951, 4.519415834000029 ], [ -74.08968290599995, 4.51941707800006 ], [ -74.089815826999939, 4.519442266000055 ], [ -74.089945183999987, 4.519467077000058 ], [ -74.090079095999954, 4.519491998000035 ], [ -74.090217648999953, 4.519518342000026 ], [ -74.090346777999969, 4.519544286000041 ], [ -74.090410829999939, 4.519556483000031 ], [ -74.090503854999952, 4.519574199000033 ], [ -74.090615002999982, 4.519595624000033 ], [ -74.09075261299995, 4.519621422000057 ], [ -74.090868035999961, 4.519644901000049 ], [ -74.09088817199995, 4.519648978000021 ], [ -74.090956590999951, 4.519662835000076 ], [ -74.09100977099996, 4.519673605000037 ], [ -74.091029026999934, 4.519677504000072 ], [ -74.091071297999974, 4.519686079000053 ], [ -74.091075014999944, 4.519666681000047 ], [ -74.091071795999937, 4.519661689000031 ], [ -74.090924882999957, 4.519433721000041 ], [ -74.090920108999967, 4.519425947000059 ], [ -74.090906781999934, 4.519397381000033 ], [ -74.090898676999984, 4.519366916000024 ], [ -74.090898496999955, 4.519366284000057 ], [ -74.090778848999946, 4.518669240000065 ], [ -74.090536501999964, 4.518182712000055 ], [ -74.090289550999955, 4.517857269000046 ], [ -74.090046560999951, 4.517536800000073 ], [ -74.089530578999984, 4.517073569000047 ], [ -74.089521505999983, 4.51707191600002 ], [ -74.089418143999978, 4.517053095000051 ], [ -74.089362215999984, 4.517037006000066 ], [ -74.089360556999964, 4.517036527000073 ], [ -74.089273903999981, 4.517011601000036 ], [ -74.089270066999973, 4.517010495000022 ], [ -74.089089096999942, 4.516980670000066 ], [ -74.088730372999976, 4.516921543000024 ], [ -74.088584107999964, 4.516890716000034 ], [ -74.088394468999979, 4.516849235000052 ], [ -74.088235539999971, 4.516821398000047 ], [ -74.087929244999941, 4.51673781900007 ], [ -74.087926808999953, 4.516737153000065 ], [ -74.087874696999961, 4.516722934000029 ], [ -74.087875759999974, 4.516713487000061 ], [ -74.087881147999951, 4.516706954000028 ], [ -74.087882133999983, 4.516705759000047 ], [ -74.087883244999944, 4.51670441300007 ], [ -74.08790987499998, 4.516672134000032 ], [ -74.087976616999981, 4.516637958000047 ], [ -74.087980302999938, 4.51663607200004 ], [ -74.088126130999967, 4.516561403000026 ], [ -74.088175638999985, 4.516521444000034 ], [ -74.088233037999942, 4.516495409000072 ], [ -74.088361379999981, 4.516437197000073 ], [ -74.08836863199997, 4.516433908000067 ], [ -74.088656926999988, 4.516303147000031 ], [ -74.088713317999975, 4.516277570000057 ], [ -74.088759012999958, 4.516256947000045 ], [ -74.088759882999966, 4.516255870000066 ], [ -74.088767751999967, 4.516246136000063 ], [ -74.088779010999986, 4.51623349700003 ], [ -74.088778868999952, 4.516231947000051 ], [ -74.08876012099995, 4.516026921000048 ], [ -74.088740892999965, 4.515816631000064 ], [ -74.088649991999944, 4.515730319000056 ], [ -74.088649888999953, 4.515729524000051 ], [ -74.088648264999961, 4.515717120000033 ], [ -74.088609963999943, 4.515492737000045 ], [ -74.088576734999947, 4.515395525000031 ], [ -74.088533249999955, 4.515344821000042 ], [ -74.088470312999959, 4.515109918000064 ], [ -74.088469502999942, 4.515106935000063 ], [ -74.088321466999957, 4.514514815000041 ], [ -74.088337931999945, 4.514521737000052 ], [ -74.088429732999941, 4.514560732000064 ], [ -74.088513645999967, 4.514508169000067 ], [ -74.088532228999952, 4.514407564000066 ], [ -74.088522089999969, 4.514301873000022 ], [ -74.088469147999945, 4.514147009000055 ], [ -74.088345809999964, 4.51398253900004 ], [ -74.088226410999937, 4.513849720000053 ], [ -74.088190366999982, 4.513759855000046 ], [ -74.088219652999953, 4.51366546600002 ], [ -74.088279347999958, 4.513575599000035 ], [ -74.088335665999978, 4.513498731000027 ], [ -74.088413944999957, 4.513433169000052 ], [ -74.088462939999943, 4.513350649000074 ], [ -74.088500109999984, 4.513262477000069 ], [ -74.088566562999972, 4.513135308000074 ], [ -74.088577825999948, 4.513039224000067 ], [ -74.088554169999952, 4.512904708000065 ], [ -74.088509675999944, 4.512817669000071 ], [ -74.088439843999936, 4.512757759000067 ], [ -74.088366063999956, 4.512671286000057 ], [ -74.088318754999989, 4.51258763800007 ], [ -74.08820611799996, 4.512506816000041 ], [ -74.088112065999951, 4.512461035000058 ], [ -74.088089640999954, 4.512435492000066 ], [ -74.088084247999973, 4.512210286000027 ], [ -74.088084341999945, 4.51219672700006 ], [ -74.088094369999965, 4.511999889000037 ], [ -74.08810811799998, 4.511982315000068 ], [ -74.088162989999944, 4.511917233000077 ], [ -74.088318029999982, 4.511917247000042 ], [ -74.088351037999985, 4.511917250000067 ], [ -74.088434986999971, 4.51191725700005 ], [ -74.088424378999946, 4.511783746000049 ], [ -74.088376191999942, 4.511005473000068 ], [ -74.088273286999936, 4.510739873000034 ], [ -74.088160366999944, 4.510248275000038 ], [ -74.088380402999974, 4.509303184000032 ], [ -74.08852150599995, 4.508697127000062 ], [ -74.088529914999981, 4.508661004000032 ], [ -74.088507099999958, 4.508659348000037 ], [ -74.088428723999982, 4.508653653000067 ], [ -74.08836671499995, 4.508649151000043 ], [ -74.087767983999981, 4.508605657000032 ], [ -74.087718129999985, 4.50860203700006 ], [ -74.087718192999944, 4.508594386000027 ], [ -74.087718864999943, 4.508515239000076 ], [ -74.087719962999984, 4.508385676000046 ], [ -74.087720601999933, 4.508310223000024 ], [ -74.087692215999937, 4.50831198000003 ], [ -74.087631340999963, 4.508315754000023 ], [ -74.087179557999946, 4.508343756000045 ], [ -74.087114901999939, 4.508347762000028 ], [ -74.086354515999972, 4.508394889000044 ], [ -74.086273107999943, 4.508401230000061 ], [ -74.086243537999962, 4.508383756000057 ], [ -74.086240448999945, 4.508381931000031 ], [ -74.086240364999981, 4.508381881000048 ], [ -74.086204906999967, 4.508360926000023 ], [ -74.086054751999939, 4.508273142000064 ], [ -74.085902392999969, 4.508237248000057 ], [ -74.085566592999953, 4.50820795900006 ], [ -74.085540464999951, 4.508204644000045 ], [ -74.085481333999951, 4.508194427000035 ], [ -74.085447229999943, 4.508203255000069 ], [ -74.084789912999952, 4.50835582600007 ], [ -74.084781935999956, 4.508357204000049 ], [ -74.084725001999971, 4.508417646000055 ], [ -74.084700246999944, 4.508425924000051 ], [ -74.084086290999949, 4.508628584000064 ], [ -74.084042371999942, 4.50864308000007 ], [ -74.084018468999943, 4.50864869000003 ], [ -74.083987505999971, 4.508669912000073 ], [ -74.083913102999986, 4.508720903000039 ], [ -74.083857816999966, 4.508786311000051 ], [ -74.083762652999951, 4.508844264000061 ], [ -74.083601209999983, 4.508899449000069 ], [ -74.083524749999981, 4.508928974000071 ], [ -74.08318481799995, 4.508981109000047 ], [ -74.083163923999962, 4.508871255000031 ], [ -74.083089672999961, 4.508647627000073 ], [ -74.083012431999975, 4.508414997000045 ], [ -74.083000287999937, 4.508318570000029 ], [ -74.083025382999949, 4.508274121000056 ], [ -74.083046220999961, 4.508274121000056 ], [ -74.083085641999958, 4.508266208000066 ], [ -74.08309352699996, 4.508158257000048 ], [ -74.083096903999945, 4.508062739000025 ], [ -74.083104225999989, 4.507959873000061 ], [ -74.083051286999989, 4.507880180000029 ], [ -74.08293864999996, 4.507729840000025 ], [ -74.082872756999961, 4.507663711000021 ], [ -74.082721824999965, 4.507476633000067 ], [ -74.082720393999978, 4.507474858000023 ], [ -74.082797372999948, 4.507464866000021 ], [ -74.082884413999977, 4.507453569000063 ], [ -74.08297480799996, 4.507441835000066 ], [ -74.083063201999948, 4.507430360000058 ], [ -74.083154111999988, 4.507418560000076 ], [ -74.083243798999945, 4.507406919000061 ], [ -74.083331041999941, 4.507395594000059 ], [ -74.083414058999949, 4.507384817000059 ], [ -74.083421212999951, 4.50738350000006 ], [ -74.083510488999934, 4.50736706400005 ], [ -74.083687441999984, 4.507334490000062 ], [ -74.083718249999947, 4.507290330000046 ], [ -74.083728940999947, 4.507284569000035 ], [ -74.083756704999985, 4.507269610000037 ], [ -74.083764901999984, 4.507268415000055 ], [ -74.083800328999985, 4.507263249000061 ], [ -74.083833486999936, 4.507257220000042 ], [ -74.083994376999954, 4.507237364000048 ], [ -74.084083956999962, 4.507236989000035 ], [ -74.084122654999987, 4.50723795600004 ], [ -74.084168763999969, 4.507230273000062 ], [ -74.084217535999983, 4.507223282000041 ], [ -74.084272930999987, 4.507223039000053 ], [ -74.084308313999941, 4.507221303000051 ], [ -74.08436372999995, 4.50721838000004 ], [ -74.084379083999977, 4.507217829000069 ], [ -74.084395135999955, 4.507213265000075 ], [ -74.084415852999939, 4.507209406000072 ], [ -74.084434131999956, 4.507208282000022 ], [ -74.084435217999953, 4.507208214000059 ], [ -74.084451936999983, 4.507203655000069 ], [ -74.084488046999979, 4.50718966200003 ], [ -74.084535293999977, 4.507177408000075 ], [ -74.084535474999939, 4.507177361000061 ], [ -74.084569158999955, 4.507168516000036 ], [ -74.084616187999984, 4.507159238000042 ], [ -74.084686292999947, 4.507133003000035 ], [ -74.084740888999988, 4.507110931000057 ], [ -74.084782615999984, 4.507097328000043 ], [ -74.084825400999989, 4.507084805000034 ], [ -74.084846287999937, 4.507074791000036 ], [ -74.084908842999937, 4.507060528000068 ], [ -74.085090910999952, 4.50702356100004 ], [ -74.085194047999948, 4.50699817800006 ], [ -74.085218854999937, 4.506987351000021 ], [ -74.085327438999968, 4.506939953000028 ], [ -74.085487439999952, 4.506933905000039 ], [ -74.085650936999969, 4.50692250000003 ], [ -74.085660392999955, 4.506923522000022 ], [ -74.085662767999963, 4.506921644000045 ], [ -74.085671500999979, 4.506914744000028 ], [ -74.085679097999957, 4.506911319000039 ], [ -74.085691117999943, 4.506907297000055 ], [ -74.085705316999963, 4.506906772000036 ], [ -74.085722411999939, 4.506898989000035 ], [ -74.086046152999984, 4.506702723000046 ], [ -74.086057645999972, 4.506695752000041 ], [ -74.086052245999952, 4.506645208000066 ], [ -74.08599856799998, 4.506142901000032 ], [ -74.085989903999973, 4.506067023000071 ], [ -74.085967389999951, 4.505869926000059 ], [ -74.085955696999974, 4.505795108000029 ], [ -74.085954906999973, 4.50579005700007 ], [ -74.085953633999964, 4.505781926000054 ], [ -74.085953497999981, 4.505781051000042 ], [ -74.086025089999964, 4.505758608000065 ], [ -74.086045228999978, 4.505752292000068 ], [ -74.086085556999933, 4.505739647000041 ], [ -74.08635394199996, 4.50565550400006 ], [ -74.086488706999944, 4.505613839000034 ], [ -74.08673652799996, 4.50549804000002 ], [ -74.086737337999978, 4.505497662000039 ], [ -74.086794647999966, 4.505479188000038 ], [ -74.086805820999984, 4.505475588000024 ], [ -74.086828371999957, 4.505469517000051 ], [ -74.086884203999944, 4.505454894000025 ], [ -74.086907660999941, 4.505444990000058 ], [ -74.087050548999969, 4.505384661000051 ], [ -74.087089984999977, 4.505368012000076 ], [ -74.087193881999951, 4.505324145000031 ], [ -74.087195894999979, 4.505323297000075 ], [ -74.087207332999981, 4.505318465000073 ], [ -74.087551255999983, 4.505189518000066 ], [ -74.08761881099997, 4.505180040000027 ], [ -74.087649190999969, 4.505175977000022 ], [ -74.087704637999934, 4.505153370000073 ], [ -74.087777609999989, 4.505140987000061 ], [ -74.087985940999943, 4.505105631000049 ], [ -74.087995113999966, 4.50510407400003 ], [ -74.088122125999973, 4.505082517000062 ], [ -74.088182380999967, 4.505073123000045 ], [ -74.088186686999961, 4.505078259000072 ], [ -74.088160372999937, 4.505008348000047 ], [ -74.088070410999933, 4.504769405000047 ], [ -74.088083172999973, 4.504480991000037 ], [ -74.088021534999939, 4.504438753000045 ], [ -74.087925589999941, 4.504283523000026 ], [ -74.087666647999981, 4.503864573000044 ], [ -74.087289246999944, 4.503248441000039 ], [ -74.086919024999986, 4.502627929000028 ], [ -74.086888897999984, 4.502563293000037 ], [ -74.086870016999967, 4.502565297000046 ], [ -74.086866996999959, 4.502565408000066 ], [ -74.086783102999959, 4.502568470000028 ], [ -74.086766214999955, 4.502569035000022 ], [ -74.086742796999943, 4.50256981800004 ], [ -74.086688180999943, 4.502571643000067 ], [ -74.086652805999961, 4.502572880000059 ], [ -74.086554557999989, 4.502576318000024 ], [ -74.086572416999957, 4.502481560000035 ], [ -74.086594115999958, 4.502363867000042 ], [ -74.086599834999959, 4.502333867000061 ], [ -74.086619232999965, 4.502232135000042 ], [ -74.086621149999985, 4.502222065000069 ], [ -74.086609531999954, 4.502150408000034 ], [ -74.086609314999976, 4.50214907000003 ], [ -74.086587631999976, 4.502108049000071 ], [ -74.08653475899996, 4.502001566000047 ], [ -74.086525797999968, 4.501984162000042 ], [ -74.086519413999952, 4.501971763000029 ], [ -74.086293439999963, 4.501822497000035 ], [ -74.086276487999953, 4.501830693000045 ], [ -74.086222360999955, 4.501856134000036 ], [ -74.086138998999957, 4.501893943000027 ], [ -74.086134469999934, 4.501896081000041 ], [ -74.086058627999989, 4.50193174900005 ], [ -74.086051795999936, 4.50193482100002 ], [ -74.085997306999957, 4.501959309000028 ], [ -74.085960672999988, 4.502008968000041 ], [ -74.085946338999975, 4.502027369000075 ], [ -74.085915612999941, 4.502066803000048 ], [ -74.08586291599994, 4.502132887000073 ], [ -74.085858880999979, 4.502137943000037 ], [ -74.085852021999983, 4.50214709200003 ], [ -74.085811874999933, 4.502200652000056 ], [ -74.085787025999934, 4.50223266200004 ], [ -74.085668454999961, 4.50219858600002 ], [ -74.085606891999987, 4.502181104000044 ], [ -74.085549546999971, 4.502193344000034 ], [ -74.085496973999966, 4.502253924000058 ], [ -74.08546752899997, 4.502287822000028 ], [ -74.08536315799995, 4.502325083000073 ], [ -74.085376684999972, 4.502371609000022 ], [ -74.085409919999961, 4.50249057000002 ], [ -74.085351952999986, 4.502522857000031 ], [ -74.085290008999948, 4.502558620000059 ], [ -74.085224701999948, 4.502596689000029 ], [ -74.085202950999985, 4.502608212000041 ], [ -74.085150516999988, 4.502663025000061 ], [ -74.085118097999953, 4.502697798000042 ], [ -74.085064304999946, 4.502694907000034 ], [ -74.084986889999982, 4.502731650000044 ], [ -74.084955430999969, 4.502747402000068 ], [ -74.084863713999937, 4.502761011000075 ], [ -74.084803274999956, 4.502770901000076 ], [ -74.084726065999973, 4.502783112000031 ], [ -74.084650588999978, 4.502795491000029 ], [ -74.084577240999977, 4.50280686800005 ], [ -74.08457588899995, 4.502807077000057 ], [ -74.08448859799995, 4.502821494000045 ], [ -74.084408741999937, 4.502833789000022 ], [ -74.084353381999961, 4.502842537000049 ], [ -74.084345470999949, 4.502843789000053 ], [ -74.084239148999984, 4.502860730000066 ], [ -74.084168087999956, 4.502872095000043 ], [ -74.084167761999936, 4.502872144000037 ], [ -74.084101607999969, 4.50288211700007 ], [ -74.084014058999969, 4.502896135000071 ], [ -74.084013804999984, 4.502896177000025 ], [ -74.083937447999972, 4.502908497000021 ], [ -74.083861129999946, 4.502919862000056 ], [ -74.083798878999971, 4.502958460000059 ], [ -74.08373473499995, 4.502998778000062 ], [ -74.083682436999936, 4.503030306000028 ], [ -74.083610688999954, 4.503074446000028 ], [ -74.083559560999959, 4.503106735000074 ], [ -74.083493382999961, 4.503146091000076 ], [ -74.08343752199994, 4.503180477000058 ], [ -74.083412172999942, 4.503195763000065 ], [ -74.083344050999983, 4.503220571000043 ], [ -74.083264823999968, 4.503248474000031 ], [ -74.083241846999954, 4.503257029000054 ], [ -74.083183531999964, 4.50327474300002 ], [ -74.083113388999948, 4.503296287000069 ], [ -74.083049567999979, 4.503316850000033 ], [ -74.082999776999941, 4.503337756000064 ], [ -74.082943144999945, 4.503361339000037 ], [ -74.082890246999966, 4.503384419000042 ], [ -74.082843628999967, 4.503411140000026 ], [ -74.08280416499997, 4.503433878000067 ], [ -74.082800827999961, 4.503435875000037 ], [ -74.08274672899995, 4.503465346000041 ], [ -74.082701033999967, 4.503470735000064 ], [ -74.082611902999986, 4.503480739000054 ], [ -74.082570971999985, 4.503484466000032 ], [ -74.082506127999977, 4.50348595600002 ], [ -74.082433263999974, 4.503488200000049 ], [ -74.082371211999941, 4.503489845000047 ], [ -74.082290325999963, 4.503480559000025 ], [ -74.082251502999952, 4.503475915000024 ], [ -74.082216046999974, 4.503471313000034 ], [ -74.082127277999973, 4.503458402000035 ], [ -74.082014887999946, 4.503442517000053 ], [ -74.081937061999952, 4.503431406000061 ], [ -74.081856733999984, 4.503420092000056 ], [ -74.081807887999958, 4.503413969000064 ], [ -74.081717316999971, 4.503400491000036 ], [ -74.081644070999971, 4.503390156000023 ], [ -74.081550700999969, 4.503410968000026 ], [ -74.081481699999983, 4.503429335000021 ], [ -74.081430565999938, 4.503444044000048 ], [ -74.081354989999966, 4.503466 ], [ -74.081284661999973, 4.503486046000035 ], [ -74.081223595999973, 4.503503020000039 ], [ -74.081159357999979, 4.503521406000061 ], [ -74.081084092999959, 4.503534758000058 ], [ -74.081005472999948, 4.503549152000062 ], [ -74.080925017999959, 4.503552289000027 ], [ -74.08083852599998, 4.503556179000043 ], [ -74.080770289999975, 4.503559082000038 ], [ -74.080686847999971, 4.503563055000029 ], [ -74.080660247999958, 4.503563579000058 ], [ -74.08042855399998, 4.503844535000042 ], [ -74.080394173999935, 4.503784858000074 ], [ -74.080381861999967, 4.503764233000027 ], [ -74.080366961999971, 4.503739280000048 ], [ -74.080330041999957, 4.503676042000052 ], [ -74.080294659999936, 4.503615272000047 ], [ -74.080250735999982, 4.503541344000041 ], [ -74.080240428999957, 4.503523635000022 ], [ -74.080216749999977, 4.503481377000071 ], [ -74.080135168999959, 4.503517683000041 ], [ -74.080069820999938, 4.503543250000064 ], [ -74.080019640999978, 4.503563510000049 ], [ -74.079970562999961, 4.503582345000041 ], [ -74.079913452999961, 4.503604812000049 ], [ -74.079896348999966, 4.503574440000023 ], [ -74.079875641999934, 4.503538117000062 ], [ -74.079860620999966, 4.503511807000052 ], [ -74.079813121999962, 4.503429317000041 ], [ -74.079756873999941, 4.50333163800002 ], [ -74.079701648999958, 4.503237033000062 ], [ -74.079702481999959, 4.503236758000071 ], [ -74.079638311999986, 4.503164130000073 ], [ -74.079526286999965, 4.503198848000068 ], [ -74.079397056999937, 4.503238657000054 ], [ -74.079333737999946, 4.503148379000038 ], [ -74.07928812199998, 4.503063601000065 ], [ -74.079237435999971, 4.50297316800004 ], [ -74.079196321999973, 4.502887824000027 ], [ -74.079140569999936, 4.502791742000056 ], [ -74.079148454999938, 4.502781567000056 ], [ -74.079149580999967, 4.502686049000033 ], [ -74.079110157999935, 4.502602964000062 ], [ -74.07904201499997, 4.502536272000043 ], [ -74.078974432999985, 4.502470144000029 ], [ -74.078894969999965, 4.502405182000075 ], [ -74.078932594999969, 4.502392561000022 ], [ -74.079188014999943, 4.502307458000075 ], [ -74.079407879999962, 4.502233931000035 ], [ -74.079606540999976, 4.502166661000047 ], [ -74.079716693999956, 4.502130229000045 ], [ -74.079769395999961, 4.502111256000035 ], [ -74.079821331999938, 4.502092556000036 ], [ -74.079872525999974, 4.502074123000057 ], [ -74.079920871999946, 4.502056718000063 ], [ -74.079972961999943, 4.502037964000067 ], [ -74.080024032999972, 4.502019578000045 ], [ -74.080081956999948, 4.501998725000021 ], [ -74.080086107999989, 4.50199722800005 ], [ -74.080286486999967, 4.50192503300002 ], [ -74.080351770999982, 4.501901446000034 ], [ -74.08040254399998, 4.501883104000058 ], [ -74.08045477099995, 4.501864234000038 ], [ -74.080490821999945, 4.501851210000041 ], [ -74.080505615999982, 4.501845941000056 ], [ -74.080554533999987, 4.501828523000029 ], [ -74.080605884999954, 4.501810237000029 ], [ -74.08065695099998, 4.501792051000052 ], [ -74.080708057999971, 4.501773851000053 ], [ -74.080759407999949, 4.501755565000053 ], [ -74.080810379999946, 4.501737415000036 ], [ -74.080857274999971, 4.501720714000044 ], [ -74.080860662999953, 4.501719494000042 ], [ -74.080909992999977, 4.501701718000049 ], [ -74.080962172999989, 4.50168291500006 ], [ -74.081012500999975, 4.50166477800002 ], [ -74.081065067999987, 4.501645835000033 ], [ -74.081115611999962, 4.501627622000058 ], [ -74.081166688999986, 4.50160921600002 ], [ -74.08121467899997, 4.501591923000035 ], [ -74.08121805199994, 4.501590727000064 ], [ -74.081270099999983, 4.501572299000031 ], [ -74.081319051999969, 4.501554966000072 ], [ -74.081369481999957, 4.501537107000047 ], [ -74.081454187999952, 4.501507114000049 ], [ -74.081503089999956, 4.501489798000023 ], [ -74.08150689699994, 4.501488430000052 ], [ -74.081557895999936, 4.501470109000024 ], [ -74.081608069999959, 4.50145208400005 ], [ -74.081659096999942, 4.50143375500005 ], [ -74.081709194999974, 4.501415758000064 ], [ -74.081760309999936, 4.501397395000026 ], [ -74.081809659999976, 4.501379667000037 ], [ -74.081861304999961, 4.501361115000066 ], [ -74.081899512999939, 4.501347389000045 ], [ -74.081913085999986, 4.501342484000077 ], [ -74.081965155999967, 4.50132368200002 ], [ -74.082015799999965, 4.501305396000021 ], [ -74.082065803999967, 4.501287338000054 ], [ -74.082150670999965, 4.501256691000037 ], [ -74.082200866999983, 4.50123856600004 ], [ -74.082232598999951, 4.501227106000044 ], [ -74.082250944999942, 4.501220598000032 ], [ -74.082301946999962, 4.50120251200002 ], [ -74.082350898999948, 4.501185153000051 ], [ -74.082402673999979, 4.501166792000049 ], [ -74.08245371299995, 4.501148692000072 ], [ -74.082504974999949, 4.501130512000032 ], [ -74.082555587999934, 4.501112564000039 ], [ -74.082607116999952, 4.501094291000072 ], [ -74.082657479999966, 4.501076430000069 ], [ -74.082672565999985, 4.501071080000031 ], [ -74.082707321999976, 4.501058565000051 ], [ -74.08275817599997, 4.501040250000074 ], [ -74.082810096999935, 4.501021553000044 ], [ -74.082860179999955, 4.501003516000026 ], [ -74.082911409999952, 4.50098507000007 ], [ -74.082961473999944, 4.500967040000035 ], [ -74.083012375999942, 4.500948716000039 ], [ -74.083063258999971, 4.500930658000073 ], [ -74.08311439199997, 4.500912507000066 ], [ -74.083164594999971, 4.500894689000063 ], [ -74.083216304999951, 4.500876336000033 ], [ -74.083266986999945, 4.500858349000055 ], [ -74.083318953999935, 4.500839903000042 ], [ -74.083370792999972, 4.500821504000044 ], [ -74.083417342999951, 4.500804983000023 ], [ -74.083421494999982, 4.500803497000049 ], [ -74.083470678999959, 4.500785887000063 ], [ -74.083521304999977, 4.500767763000056 ], [ -74.083572972999946, 4.500749266000071 ], [ -74.083624003999944, 4.500730995000026 ], [ -74.083675783999979, 4.50071245700002 ], [ -74.083689919999983, 4.500707396000053 ], [ -74.083726288999969, 4.500694530000033 ], [ -74.083777776999966, 4.500676315000021 ], [ -74.083827241999984, 4.500658819000023 ], [ -74.083877685999937, 4.500640972000042 ], [ -74.083915356999967, 4.500627646000055 ], [ -74.083982319999961, 4.500603955000031 ], [ -74.083982521999985, 4.500603885000032 ], [ -74.084032630999957, 4.500585767000075 ], [ -74.084083310999972, 4.500567434000061 ], [ -74.084134585999948, 4.500548885000057 ], [ -74.084185059999982, 4.500530628000035 ], [ -74.084233701999949, 4.500513041000033 ], [ -74.08428626999995, 4.500494571000047 ], [ -74.084338119999984, 4.500476351000032 ], [ -74.084355523999989, 4.500470235000023 ], [ -74.084387737999975, 4.500458881000043 ], [ -74.08443905699994, 4.500440794000042 ], [ -74.084490315999972, 4.500422728000046 ], [ -74.08454121699998, 4.500404789000072 ], [ -74.084591306999982, 4.500387133000061 ], [ -74.08461792199995, 4.500377754000056 ], [ -74.08464235699995, 4.50036903900002 ], [ -74.084693985999934, 4.500350624000021 ], [ -74.084745354999939, 4.500332302000061 ], [ -74.084796234999942, 4.500314154000023 ], [ -74.084847382999953, 4.500295910000034 ], [ -74.084864483999979, 4.500289812000062 ], [ -74.084898764999934, 4.500277738000023 ], [ -74.084950482999943, 4.500259524000057 ], [ -74.085001635999959, 4.500241509000034 ], [ -74.085050745, 4.500224168000045 ], [ -74.085102639999945, 4.500205842000071 ], [ -74.085154111999941, 4.500187666000045 ], [ -74.085174948999963, 4.50018030800004 ], [ -74.085205178999956, 4.500169631000063 ], [ -74.085256394999988, 4.500151540000047 ], [ -74.085285787999965, 4.50014115700003 ], [ -74.085306833999937, 4.500133661000064 ], [ -74.08535749899994, 4.500115609000034 ], [ -74.085418434999951, 4.500093900000024 ], [ -74.085480090999965, 4.500071934000061 ], [ -74.085603460999948, 4.500028628000052 ], [ -74.085672126999953, 4.499947071000065 ], [ -74.085665996999978, 4.499938447000034 ], [ -74.085665339999935, 4.499937522000039 ], [ -74.085645398999986, 4.499909462000062 ], [ -74.085595220999949, 4.499839463000058 ], [ -74.085573696999973, 4.499805565000031 ], [ -74.085563209999975, 4.499788463000073 ], [ -74.085539537999978, 4.499744607000025 ], [ -74.085521165999978, 4.499706395000032 ], [ -74.085508086999937, 4.499671903000035 ], [ -74.085495110999943, 4.499618035000026 ], [ -74.08549422699997, 4.499612440000021 ], [ -74.085491415999968, 4.499594634000061 ], [ -74.085488023999972, 4.499573148000025 ], [ -74.085482859999956, 4.499532036000062 ], [ -74.08548245999998, 4.499523899000053 ], [ -74.085480443999984, 4.499516472000039 ], [ -74.085479645999953, 4.499513807000028 ], [ -74.085477272999981, 4.499505867000039 ], [ -74.085473302999958, 4.499495049000075 ], [ -74.085472866999964, 4.49949392700006 ], [ -74.08547, 4.499486559000047 ], [ -74.085465745999954, 4.499476809000043 ], [ -74.085448822999979, 4.499441875000059 ], [ -74.08544048899995, 4.499426376000031 ], [ -74.085432852999986, 4.499412177000067 ], [ -74.085429398999963, 4.499407318000067 ], [ -74.085426932999951, 4.499403846000064 ], [ -74.085419042999945, 4.499390856000048 ], [ -74.085418496999978, 4.49938996000003 ], [ -74.085418385999958, 4.49938981300005 ], [ -74.085403398999972, 4.499369981000029 ], [ -74.085402163999959, 4.499368519000029 ], [ -74.085400928999945, 4.499367058000075 ], [ -74.085319893999952, 4.499271131000057 ], [ -74.085322394999935, 4.499270358000047 ], [ -74.085331179999969, 4.499267646000021 ], [ -74.085364149999975, 4.49925746200006 ], [ -74.085372518999975, 4.499254664000034 ], [ -74.085379702999944, 4.499252263000074 ], [ -74.08537979099998, 4.499252234000039 ], [ -74.085378032999984, 4.49925038300006 ], [ -74.085353168999973, 4.499224192000042 ], [ -74.085333239999954, 4.49920221800005 ], [ -74.085283972999946, 4.499149854000052 ], [ -74.085246296999969, 4.499109802000021 ], [ -74.085209231999954, 4.49906995300006 ], [ -74.085172571999976, 4.499030510000068 ], [ -74.085135910999952, 4.498991472000057 ], [ -74.085098642999981, 4.498951421000072 ], [ -74.085061575999987, 4.498912183000073 ], [ -74.085023326999988, 4.498871308000048 ], [ -74.084997573999942, 4.498823946000073 ], [ -74.08497144599994, 4.498776372000066 ], [ -74.084945521999941, 4.498729001000072 ], [ -74.084890515999973, 4.498627928000076 ], [ -74.084868602999961, 4.498554040000045 ], [ -74.084794417999944, 4.498493334000045 ], [ -74.084759996999935, 4.498452505000046 ], [ -74.084722727999974, 4.498409400000071 ], [ -74.084665813999948, 4.498341494000044 ], [ -74.084631380999951, 4.49830042800005 ], [ -74.084594720999974, 4.498257733000059 ], [ -74.084549292999952, 4.498202881000054 ], [ -74.084479896999937, 4.498119098000075 ], [ -74.084481629999971, 4.498119007000071 ], [ -74.084556918999965, 4.498115050000024 ], [ -74.08461254599996, 4.498112126000024 ], [ -74.084627267999963, 4.498111351000034 ], [ -74.084863720999977, 4.49810033600005 ], [ -74.08487316999998, 4.49810022500003 ], [ -74.084912519999989, 4.49809829700007 ], [ -74.084921943999973, 4.498097889000064 ], [ -74.08503105799997, 4.498093201000074 ], [ -74.085136715999965, 4.498088307000046 ], [ -74.085140097999954, 4.498088364000068 ], [ -74.085147491999976, 4.498088486000029 ], [ -74.085185408999962, 4.498086883000042 ], [ -74.085195547999945, 4.498086065000052 ], [ -74.085273685999937, 4.498082568000029 ], [ -74.085267003999945, 4.498061350000057 ], [ -74.085249704999967, 4.498010884000053 ], [ -74.085232405999989, 4.497959193000042 ], [ -74.085214904999987, 4.49790811500003 ], [ -74.085197808999965, 4.497857243000055 ], [ -74.085180510999976, 4.497806982000043 ], [ -74.085162598999943, 4.497754473000043 ], [ -74.085146115999976, 4.497704008000028 ], [ -74.085127798999963, 4.497652929000026 ], [ -74.085105467999938, 4.497585031000028 ], [ -74.085017861999972, 4.497592543000053 ], [ -74.08430679099996, 4.497634215000062 ], [ -74.084273020999944, 4.49756775700007 ], [ -74.08424329099995, 4.497180679000053 ], [ -74.084011725999972, 4.497013497000069 ], [ -74.083531267999945, 4.496876376000046 ], [ -74.083098709999945, 4.49622471400005 ], [ -74.083231607999949, 4.49575403800003 ], [ -74.083188, 4.495547680000072 ], [ -74.082984094999972, 4.495331558000032 ], [ -74.082516586999986, 4.495192531000043 ], [ -74.082564949999949, 4.494979049000051 ], [ -74.082476579999934, 4.494855664000056 ], [ -74.082664763999958, 4.494631745000049 ], [ -74.082911019999983, 4.494234172000063 ], [ -74.082573773999968, 4.493944028000044 ], [ -74.082186758999967, 4.493880924000052 ], [ -74.081860118999941, 4.493829764000054 ], [ -74.081919204999963, 4.493357597000056 ], [ -74.082162875999984, 4.49304436500006 ], [ -74.082163549999962, 4.493043497000031 ], [ -74.082365865999975, 4.492945073000044 ], [ -74.082576942999935, 4.493207733000077 ], [ -74.08263625099994, 4.493323627000052 ], [ -74.08310103599996, 4.493245707000028 ], [ -74.083508688999984, 4.493075266000062 ], [ -74.084240652999938, 4.493076961000043 ], [ -74.084742031999951, 4.492960414000038 ], [ -74.085539532999974, 4.493414723000058 ], [ -74.086212811999985, 4.493376579000028 ], [ -74.086413486999959, 4.493513814000039 ], [ -74.087275538999961, 4.493739034000043 ], [ -74.087276102999965, 4.49373917500003 ], [ -74.087341894999952, 4.493753094000056 ], [ -74.087474889999953, 4.493738911000037 ], [ -74.087741450999943, 4.493648116000031 ], [ -74.088144353999951, 4.493882189000033 ], [ -74.088689826999939, 4.494057167000051 ], [ -74.089063846999977, 4.493873161000067 ], [ -74.089503865999973, 4.493749683000033 ], [ -74.09050820799996, 4.49390280800003 ], [ -74.090949566999939, 4.493737310000029 ], [ -74.091757634999965, 4.49327777700006 ], [ -74.092553500999941, 4.493163226000036 ], [ -74.09258196199994, 4.492771493000021 ], [ -74.09268895699995, 4.492339443000049 ], [ -74.092634879999935, 4.491890007000052 ], [ -74.092774326999972, 4.491310995000049 ], [ -74.093628250999984, 4.491090586000041 ], [ -74.093943658999933, 4.489966397000046 ], [ -74.093599267999934, 4.48925330700007 ], [ -74.093836505999946, 4.488879600000075 ], [ -74.094017994999945, 4.488740844000063 ], [ -74.094306929999959, 4.488651744000038 ], [ -74.094683061999945, 4.488393443000064 ], [ -74.094954705999953, 4.488026729000069 ], [ -74.095217774999981, 4.487573010000062 ], [ -74.094934286999944, 4.48730667500007 ], [ -74.094693799999959, 4.486958423000033 ], [ -74.09473976299995, 4.486810688000048 ], [ -74.094963703999952, 4.486369323000076 ], [ -74.095184619999941, 4.485938200000021 ], [ -74.095160662999945, 4.485460024000076 ], [ -74.095372079999947, 4.485020141000064 ], [ -74.095649073999937, 4.484634854000035 ], [ -74.095506402999945, 4.484208857000056 ], [ -74.095630750999987, 4.484073275000071 ], [ -74.095514666999975, 4.48382390200004 ], [ -74.09554677899996, 4.483496081000055 ], [ -74.095461449999959, 4.483150738000063 ], [ -74.095622977999938, 4.482697010000038 ], [ -74.09582207699998, 4.482284952000043 ], [ -74.096044606999953, 4.481891893000068 ], [ -74.09600796899997, 4.481592668000076 ], [ -74.095997285999943, 4.481445634000067 ], [ -74.09612259499994, 4.481292616000076 ], [ -74.096666830999936, 4.481873138000026 ], [ -74.096702366999978, 4.48192786200002 ], [ -74.096767388999979, 4.482027558000027 ], [ -74.096815164999953, 4.482101434000072 ], [ -74.096865141999956, 4.482177338000042 ], [ -74.096914982999976, 4.482253550000053 ], [ -74.096963741999957, 4.482328431000042 ], [ -74.09701264399996, 4.48240331300002 ], [ -74.097059042999945, 4.482474980000063 ], [ -74.097098293999977, 4.482534638000061 ], [ -74.097109050999961, 4.482550985000046 ], [ -74.097157661999972, 4.482625214000052 ], [ -74.097209652999936, 4.482704435000073 ], [ -74.097258101999955, 4.48277822600005 ], [ -74.097308013999964, 4.48285493100002 ], [ -74.097356927999954, 4.482929892000072 ], [ -74.097406426999953, 4.483005457000047 ], [ -74.097455393999951, 4.483080271000063 ], [ -74.097504742999945, 4.483155920000058 ], [ -74.097554569999943, 4.483231999000054 ], [ -74.097604074999936, 4.483307342000046 ], [ -74.097625643999947, 4.483340617000067 ], [ -74.097650837999936, 4.483379484000068 ], [ -74.097699887999966, 4.483454478000056 ], [ -74.097749074999967, 4.48353039400007 ], [ -74.097787726999968, 4.483589797000036 ], [ -74.097846232999984, 4.483679563000067 ], [ -74.097896946999981, 4.483753314000069 ], [ -74.097950244999936, 4.48381919600007 ], [ -74.097955954999975, 4.483825099000057 ], [ -74.098012213999937, 4.483883254000034 ], [ -74.09806681699996, 4.483935219000045 ], [ -74.098099044999969, 4.483963557000038 ], [ -74.098121029999959, 4.48398289000005 ], [ -74.098125324999955, 4.483986665000032 ], [ -74.098127765999948, 4.483988811000074 ], [ -74.098143500999981, 4.484002647000068 ], [ -74.098160225999948, 4.484016692000068 ], [ -74.098162649999949, 4.484018727000034 ], [ -74.098175391999973, 4.484029426000063 ], [ -74.098208627999952, 4.484057335000045 ], [ -74.098209114999975, 4.48405774500003 ], [ -74.098271771999975, 4.484107709000057 ], [ -74.098337081999944, 4.484157182000047 ], [ -74.098338498999965, 4.484158209000043 ], [ -74.098405670999966, 4.484206911000058 ], [ -74.098408072999973, 4.484208653000053 ], [ -74.098455316999946, 4.484241361000045 ], [ -74.098486526999977, 4.484260901000027 ], [ -74.098545826999953, 4.48428946100006 ], [ -74.098550553999985, 4.484291738000024 ], [ -74.098564045999979, 4.48429800100007 ], [ -74.098619489999976, 4.484323735000032 ], [ -74.09862911099998, 4.484328202000029 ], [ -74.098791410999979, 4.484473941000033 ], [ -74.098753233999958, 4.484606724000059 ], [ -74.098715057999982, 4.484739507000029 ], [ -74.098636692999946, 4.484796540000048 ], [ -74.098605525999972, 4.484840292000058 ], [ -74.09856426999994, 4.48489054700002 ], [ -74.098515450999969, 4.48491892800007 ], [ -74.09847680699994, 4.484951739000053 ], [ -74.098429529999976, 4.484986200000037 ], [ -74.098397814999942, 4.484988342000065 ], [ -74.098369170999945, 4.484990328000038 ], [ -74.098288289999971, 4.484972244000062 ], [ -74.097962153999958, 4.48491924700005 ], [ -74.097812278999982, 4.484898354000052 ], [ -74.097612328999958, 4.484878904000027 ], [ -74.097282476999965, 4.485079194000036 ], [ -74.097223840999959, 4.485113991000048 ], [ -74.097013068999956, 4.485245320000047 ], [ -74.096961096999962, 4.48525101000007 ], [ -74.09693628499997, 4.485263672000031 ], [ -74.096897144999957, 4.485315186000037 ], [ -74.096495782999966, 4.485495130000061 ], [ -74.096139726999979, 4.485629338000024 ], [ -74.096182775999978, 4.485686021000049 ], [ -74.096219880999968, 4.485734926000021 ], [ -74.096102241999972, 4.485837878000041 ], [ -74.096091036999951, 4.486292110000022 ], [ -74.09635536199994, 4.486668447000056 ], [ -74.096413704999975, 4.486959795000075 ], [ -74.096138340999971, 4.487237014000073 ], [ -74.096131645999947, 4.48760835500002 ], [ -74.096334173999935, 4.488112955000076 ], [ -74.096413794999989, 4.488096149000057 ], [ -74.096532108999952, 4.488586912000073 ], [ -74.096572619999961, 4.488842282000064 ], [ -74.096594466999989, 4.489389444000039 ], [ -74.096679996999967, 4.489844138000024 ], [ -74.096776601999977, 4.490320889000031 ], [ -74.097050779999961, 4.490300389000026 ], [ -74.097141904999944, 4.490619129000038 ], [ -74.097191420999934, 4.490928194000048 ], [ -74.097908058999963, 4.490407484000059 ], [ -74.09828645999994, 4.490144734000069 ], [ -74.098646845999951, 4.489952039000059 ], [ -74.098798055999964, 4.490150104000065 ], [ -74.098920630999942, 4.490310476000047 ], [ -74.099204051999948, 4.490699106000022 ], [ -74.099278497999933, 4.490636786000039 ], [ -74.099387250999939, 4.490767638000023 ], [ -74.099534679999977, 4.49095982700004 ], [ -74.099616363999985, 4.491105552000022 ], [ -74.099678507999954, 4.491171725000072 ], [ -74.099752450999972, 4.491252092000025 ], [ -74.099845638999966, 4.491360030000067 ], [ -74.099819715999956, 4.491450603000033 ], [ -74.100497308999934, 4.49229099300004 ], [ -74.099754735999966, 4.496925822000037 ], [ -74.099933973999953, 4.496954760000051 ], [ -74.099840442999948, 4.497474708000027 ], [ -74.099585146999971, 4.497948447000056 ], [ -74.098890082999958, 4.497799966000059 ], [ -74.098815938999962, 4.497969 ], [ -74.098749725999937, 4.498120044000075 ], [ -74.098807870999963, 4.498132351000038 ], [ -74.098668145999966, 4.499015219000057 ], [ -74.098646067999937, 4.499147102000052 ], [ -74.098572253999976, 4.49975265300003 ], [ -74.098567749999972, 4.499787276000063 ], [ -74.09860854599998, 4.499834374000045 ], [ -74.098685448999959, 4.500086672000066 ], [ -74.098685155999988, 4.500093990000039 ], [ -74.098546653999961, 4.500006210000038 ], [ -74.098282119999965, 4.499963523000076 ], [ -74.09815998199997, 4.499986656000033 ], [ -74.09799415699996, 4.500020994000067 ], [ -74.097630451999976, 4.50000153000002 ], [ -74.097522546999983, 4.500005318000035 ], [ -74.097361139999975, 4.499993194000069 ], [ -74.097092200999953, 4.499826936000034 ], [ -74.096752371999969, 4.49971120500004 ], [ -74.096487215999957, 4.499534372000028 ], [ -74.096327796999958, 4.499439805000065 ], [ -74.096186386999989, 4.499405084000045 ], [ -74.095902122999973, 4.499398099000075 ], [ -74.095769271999984, 4.499367626000037 ], [ -74.096219043999952, 4.499924767000039 ], [ -74.096346842999935, 4.500054311000042 ], [ -74.096496717999969, 4.500095454000075 ], [ -74.096689355999956, 4.501583278000055 ], [ -74.097102793999966, 4.50158632800003 ], [ -74.097234257999958, 4.50158728100007 ], [ -74.097286470999961, 4.501598725000065 ], [ -74.097276616999977, 4.50162337200004 ], [ -74.097276612999963, 4.501623516000052 ], [ -74.097271468999963, 4.501773583000045 ], [ -74.097372838999945, 4.502141527000049 ], [ -74.097366984999951, 4.502328390000059 ], [ -74.097278589999974, 4.502490812000076 ], [ -74.097348757999953, 4.502527863000068 ], [ -74.09734881199995, 4.502527893000035 ], [ -74.097701713999982, 4.502491127000042 ], [ -74.097894715999985, 4.502458529000023 ], [ -74.098134305999963, 4.502418097000032 ], [ -74.098311614999943, 4.502341595000075 ], [ -74.098421273999975, 4.502294308000046 ], [ -74.098318904999985, 4.502601379000055 ], [ -74.098272810999958, 4.502739630000065 ], [ -74.098295920999988, 4.503246672000046 ], [ -74.098581295999963, 4.503717317000053 ], [ -74.098996881999938, 4.503851387000054 ], [ -74.098788273999958, 4.504241769000032 ], [ -74.098433272999955, 4.504565088000049 ], [ -74.098433247999935, 4.504565110000044 ], [ -74.09839827199994, 4.504592087000049 ], [ -74.098026217999973, 4.504879089000042 ], [ -74.098142282999959, 4.505305313000065 ], [ -74.098142285999984, 4.505305339000074 ], [ -74.098121566999964, 4.505724756000063 ], [ -74.098054945999934, 4.506428702000051 ], [ -74.098124711999958, 4.506886897000072 ], [ -74.098312283999974, 4.50729791200007 ], [ -74.098480782999957, 4.507694751000031 ], [ -74.09826101799996, 4.507868893000023 ], [ -74.098278264999976, 4.508152263000056 ], [ -74.098291122999967, 4.50836311200004 ], [ -74.098192996999956, 4.508893453000042 ], [ -74.098192964999953, 4.508893456000067 ], [ -74.097876723999946, 4.508916596000063 ], [ -74.097462873999973, 4.509047637000037 ], [ -74.097364772999981, 4.50908294200002 ], [ -74.097356158999958, 4.509024887000066 ], [ -74.097336644999984, 4.508893465000028 ], [ -74.096671418999961, 4.508700895000061 ], [ -74.096641778999981, 4.508938871000055 ], [ -74.096621948999939, 4.509098135000045 ], [ -74.09631875499997, 4.509084340000072 ], [ -74.096113574999947, 4.509074994000059 ], [ -74.096113546999959, 4.509075003000021 ], [ -74.09615884699997, 4.509397248000028 ], [ -74.096142552999936, 4.509474638000029 ], [ -74.096110737999936, 4.509625670000048 ], [ -74.094918912999958, 4.510063911000032 ], [ -74.094529799999975, 4.510206985000025 ], [ -74.094451867999965, 4.510235640000076 ], [ -74.09423861199997, 4.510314049000044 ], [ -74.094182670999942, 4.510334581000052 ], [ -74.094245412999953, 4.510558248000052 ], [ -74.094329739999978, 4.511595357000033 ], [ -74.094356133999952, 4.511919971000054 ], [ -74.094522720999976, 4.513364679000063 ], [ -74.094500195999956, 4.513457121000044 ], [ -74.094516145999989, 4.513756130000047 ], [ -74.094520903999978, 4.514084518000061 ], [ -74.094588667999972, 4.514113128000076 ], [ -74.094683589999988, 4.514178317000074 ], [ -74.094778442999939, 4.51424350800005 ], [ -74.094814895999946, 4.514222535000044 ], [ -74.094836756999939, 4.51452260700006 ], [ -74.094851553999945, 4.515144002000056 ], [ -74.095123279999939, 4.515692114000046 ], [ -74.095183093999935, 4.516569021000066 ], [ -74.095166873999972, 4.516999666000061 ], [ -74.094913449999979, 4.517272383000034 ], [ -74.094797611999979, 4.517397019000043 ], [ -74.094367563999981, 4.51764027400003 ], [ -74.094084313999986, 4.517772453000021 ], [ -74.094031722999944, 4.518067857000062 ], [ -74.09401113399997, 4.518579929000055 ], [ -74.093957748999969, 4.519115726000052 ], [ -74.093821684999966, 4.519591912000067 ], [ -74.093953166999938, 4.520078290000072 ], [ -74.093959539999958, 4.520459150000022 ], [ -74.093891176999989, 4.52089275700007 ], [ -74.093809087999944, 4.52134182900005 ], [ -74.093776961999936, 4.521791894000046 ], [ -74.093734420999965, 4.522232213000052 ], [ -74.093772534999971, 4.522565688000043 ], [ -74.093547666999939, 4.522978803000058 ], [ -74.093424837999976, 4.523375823000038 ], [ -74.093451406999975, 4.52378931100003 ], [ -74.093551996999963, 4.524258244000066 ], [ -74.093724950999956, 4.524456843000053 ], [ -74.094118804999937, 4.524560053000073 ], [ -74.094364188999975, 4.525427440000044 ], [ -74.094400252999947, 4.525859432000061 ], [ -74.094377161999944, 4.526855469000054 ], [ -74.094543899999962, 4.527340084000059 ], [ -74.094566655999984, 4.527887116000045 ], [ -74.094358558999943, 4.528038228000071 ], [ -74.094339372999968, 4.528562234000049 ], [ -74.094345678999957, 4.528918304000058 ], [ -74.094513712999969, 4.529934696000055 ], [ -74.094827917999964, 4.530823135000048 ], [ -74.094963336999967, 4.531380555000055 ], [ -74.095073710999941, 4.53186368300004 ], [ -74.095190201999969, 4.532408462000035 ], [ -74.095313730999976, 4.532945758000039 ], [ -74.095243363999941, 4.533755917000065 ], [ -74.095141936999937, 4.534047219000058 ], [ -74.095230372999936, 4.534288751000076 ], [ -74.095225626999934, 4.534682320000059 ], [ -74.095220719999986, 4.535334293000062 ], [ -74.095343276999984, 4.535716786000023 ], [ -74.095685145999937, 4.536547386000052 ], [ -74.095747821999964, 4.536849579000034 ], [ -74.095855340999947, 4.536965335000048 ], [ -74.095660381999949, 4.537319555000067 ], [ -74.095776652999973, 4.537998444000038 ], [ -74.095982180999954, 4.538366114000041 ], [ -74.096320006999974, 4.538744526000073 ], [ -74.09679308799997, 4.539098588000058 ], [ -74.096998510999981, 4.539907849000031 ], [ -74.097496765999949, 4.539615940000033 ], [ -74.097653707999939, 4.539461858000038 ], [ -74.09780935699996, 4.538734615000067 ], [ -74.098306061999949, 4.53937892700003 ], [ -74.098543254999981, 4.539785016000053 ], [ -74.098810549999939, 4.540427335000061 ], [ -74.098451839999939, 4.540745880000031 ], [ -74.098115225999948, 4.541055030000052 ], [ -74.097807180999951, 4.541399991000048 ], [ -74.098359549999941, 4.542094448000057 ], [ -74.098637317999987, 4.542902586000025 ], [ -74.098601347999988, 4.543038247000027 ], [ -74.099107996999976, 4.543454878000034 ], [ -74.099429859999987, 4.543739294000034 ], [ -74.099750345999951, 4.544528648000039 ], [ -74.10029415799994, 4.54487974500006 ], [ -74.100454724999963, 4.545206944000029 ], [ -74.100949990999936, 4.545382189000065 ], [ -74.101385293999954, 4.545720001000063 ], [ -74.102264859999934, 4.546000855000045 ], [ -74.102297442999941, 4.545970347000036 ], [ -74.102326366999989, 4.54599415000007 ], [ -74.102383573999987, 4.546041187000071 ], [ -74.102450143999988, 4.546107999000071 ], [ -74.102499187999967, 4.546160756000063 ], [ -74.102587920999952, 4.546276721000027 ], [ -74.102628802999959, 4.54633767100006 ], [ -74.102632952999954, 4.546349465000048 ], [ -74.102636398999948, 4.546380963000047 ], [ -74.102633793999985, 4.546414155000036 ], [ -74.102634988999966, 4.546417474000066 ], [ -74.102646316999937, 4.54645017200005 ], [ -74.102682484999946, 4.546506458000067 ], [ -74.102725689999943, 4.546558014000027 ], [ -74.102774315999966, 4.546592058000044 ], [ -74.102932505999945, 4.546702874000061 ], [ -74.102957696999965, 4.546717 ], [ -74.102995272999976, 4.546749840000075 ], [ -74.103050934999942, 4.54681884200005 ], [ -74.103179637999972, 4.54692633600007 ], [ -74.103033307999965, 4.547284374000071 ], [ -74.102976053999953, 4.547870808000027 ], [ -74.102885330999982, 4.548078779000036 ], [ -74.102773053999954, 4.548514855000064 ], [ -74.102733685999965, 4.548944581000057 ], [ -74.102785587999961, 4.549436531000026 ], [ -74.102933545999974, 4.549931594000043 ], [ -74.102885671999957, 4.550223678000066 ], [ -74.102856104999944, 4.550404184000058 ], [ -74.102701323999952, 4.55081412800007 ], [ -74.102509168999973, 4.551327317000073 ], [ -74.102513843999986, 4.551893626000037 ], [ -74.102469568999936, 4.552063538000027 ], [ -74.102383690999943, 4.552393330000029 ], [ -74.102266636999957, 4.552735975000076 ], [ -74.102297558999965, 4.553324038000028 ], [ -74.102087747999974, 4.553715264000061 ], [ -74.102028322999956, 4.554162715000075 ], [ -74.101858410999967, 4.554573221000055 ], [ -74.101852877999988, 4.554754482000021 ], [ -74.101844796999956, 4.55501926200003 ], [ -74.101775024999938, 4.555465371000025 ], [ -74.101761550999981, 4.555905408000058 ], [ -74.101817694999966, 4.55611953500005 ], [ -74.101871095999968, 4.556323209000027 ], [ -74.102138625999942, 4.556711785000061 ], [ -74.102378922999947, 4.557119991000036 ], [ -74.102522663999935, 4.55759874000006 ], [ -74.102705181999966, 4.558034202000044 ], [ -74.102925280999955, 4.558471714000063 ], [ -74.103329371999962, 4.559397653000076 ], [ -74.103364412999952, 4.559492570000032 ], [ -74.103499645999989, 4.559858821000034 ], [ -74.103734028999952, 4.56030346700004 ], [ -74.104176202999952, 4.561142333000021 ], [ -74.104425582999966, 4.561530694000055 ], [ -74.104770112999972, 4.561854231000041 ], [ -74.104875384999957, 4.561966031000054 ], [ -74.10509620299996, 4.562200719000032 ], [ -74.105424261999985, 4.562550952000038 ], [ -74.10569912699998, 4.562832747000073 ], [ -74.105766882999944, 4.563044967000053 ], [ -74.10601210699997, 4.563493920000042 ], [ -74.106214200999943, 4.563829242000054 ], [ -74.106271690999961, 4.563896830000033 ], [ -74.106265146999988, 4.563898313000038 ], [ -74.106260712999983, 4.563899373000027 ], [ -74.106256349999967, 4.563900361000037 ], [ -74.106251915999962, 4.563901349000048 ], [ -74.106247552999946, 4.563902337000059 ], [ -74.106243118999942, 4.56390325600006 ], [ -74.106238755999982, 4.563904244000071 ], [ -74.106234321999978, 4.563905233000071 ], [ -74.106229886999984, 4.563906150000037 ], [ -74.106225525999946, 4.563907138000047 ], [ -74.106221092999988, 4.563908057000049 ], [ -74.106216728999982, 4.56390904400007 ], [ -74.106212293999988, 4.563909963000071 ], [ -74.106207860999973, 4.563910880000037 ], [ -74.106203496999967, 4.563911868000048 ], [ -74.106199064999942, 4.56391278500007 ], [ -74.106194629999948, 4.563913703000026 ], [ -74.106190197999979, 4.563914622000027 ], [ -74.106185833999973, 4.563915609000048 ], [ -74.106181399999969, 4.563916529000039 ], [ -74.106176965999964, 4.563917446000062 ], [ -74.106172601999958, 4.563918364000074 ], [ -74.106168169999989, 4.563919352000028 ], [ -74.106163735999985, 4.56392027000004 ], [ -74.106159373999958, 4.563921186000073 ], [ -74.106154938999964, 4.563922175000073 ], [ -74.10615050499996, 4.563923093000028 ], [ -74.106146141999943, 4.563924081000039 ], [ -74.106141707999939, 4.563925 ], [ -74.106137344999979, 4.563925988000051 ], [ -74.106132911999964, 4.563926977000051 ], [ -74.10612847799996, 4.563927965000062 ], [ -74.106124114999943, 4.563928954000062 ], [ -74.106119750999937, 4.563929942000073 ], [ -74.106115317999979, 4.563930930000026 ], [ -74.106110954999963, 4.563931918000037 ], [ -74.106106520999958, 4.563932977000036 ], [ -74.106102157999942, 4.563933966000036 ], [ -74.106097792999947, 4.563935026000024 ], [ -74.106093360999978, 4.563936085000023 ], [ -74.106088996999972, 4.563937142000043 ], [ -74.106084633999956, 4.563938201000042 ], [ -74.106080270999939, 4.56393926100003 ], [ -74.10607590799998, 4.563940391000074 ], [ -74.106071543999974, 4.563941449000026 ], [ -74.106067180999958, 4.56394257900007 ], [ -74.106062815999962, 4.563943709000057 ], [ -74.106058453999935, 4.563944838000054 ], [ -74.106054160999975, 4.56394603800004 ], [ -74.106049796999969, 4.563947238000026 ], [ -74.106045435999988, 4.563948368000069 ], [ -74.106041141999981, 4.563949640000033 ], [ -74.106036777999975, 4.563950840000075 ], [ -74.106032485999947, 4.563952111000049 ], [ -74.106028121999941, 4.563953382000022 ], [ -74.106023830999959, 4.563954654000042 ], [ -74.106019536999952, 4.563955925000073 ], [ -74.106015243999934, 4.563957194000068 ], [ -74.106010880999975, 4.563958537000076 ], [ -74.106006586999968, 4.56395980800005 ], [ -74.106002294999939, 4.563961149000022 ], [ -74.105998001999978, 4.563962419000063 ], [ -74.105993637999973, 4.563963691000026 ], [ -74.105989344999955, 4.563965033000045 ], [ -74.105985052999984, 4.563966303000029 ], [ -74.105980759999966, 4.563967645000048 ], [ -74.10597639599996, 4.56396898600002 ], [ -74.105972102999942, 4.563970255000072 ], [ -74.105967809999981, 4.563971598000023 ], [ -74.105963447999954, 4.563972868000064 ], [ -74.105959153999947, 4.563974209000037 ], [ -74.105954861999976, 4.563975553000034 ], [ -74.105950567999969, 4.563976823000075 ], [ -74.105946275999941, 4.563978165000037 ], [ -74.105941911999935, 4.563979506000067 ], [ -74.105937618999974, 4.563980848000028 ], [ -74.105933324999967, 4.563982189000058 ], [ -74.105929033999985, 4.563983531000076 ], [ -74.105924670999968, 4.563984872000049 ], [ -74.105920376999961, 4.563986214000067 ], [ -74.105376510999974, 4.564200582000069 ], [ -74.105075649999947, 4.564354798000068 ], [ -74.104991408999979, 4.564398508000068 ], [ -74.104875848999939, 4.564458385000023 ], [ -74.104804768999941, 4.564506403000053 ], [ -74.10465408999994, 4.564608158000055 ], [ -74.104585964999956, 4.564668393000034 ], [ -74.104680253999959, 4.564823907000061 ], [ -74.104835769999966, 4.565024410000035 ], [ -74.105002332999959, 4.56518593200002 ], [ -74.105152294999982, 4.56528064400004 ], [ -74.10530401799997, 4.565376698000023 ], [ -74.105926245999967, 4.565690792000055 ], [ -74.106068468999979, 4.565760646000058 ], [ -74.106088032999935, 4.565769898000042 ], [ -74.106107734999966, 4.565778867000063 ], [ -74.106127581999942, 4.565787485000044 ], [ -74.106147566999937, 4.565795748000028 ], [ -74.106167693999964, 4.56580359000003 ], [ -74.106187960999989, 4.565811146000044 ], [ -74.10620837099998, 4.565818351000075 ], [ -74.106228919999978, 4.565825204000021 ], [ -74.106249538999975, 4.565831701000036 ], [ -74.106270298999959, 4.56583777700007 ], [ -74.106309283999963, 4.565848232000064 ], [ -74.10632314999998, 4.56585141000005 ], [ -74.106337082999971, 4.565854305000073 ], [ -74.10635108699995, 4.565856991000032 ], [ -74.106365161999975, 4.565859464000027 ], [ -74.106379234999963, 4.56586165300007 ], [ -74.106393381999965, 4.56586363100007 ], [ -74.106407524999952, 4.56586532700004 ], [ -74.106421672999943, 4.565866812000024 ], [ -74.106435886999975, 4.565868013000056 ], [ -74.106450102999986, 4.565868932000058 ], [ -74.106464316999961, 4.565869639000027 ], [ -74.10647860499995, 4.565870134000022 ], [ -74.106492820999961, 4.565870348000033 ], [ -74.106519491999961, 4.565870067000048 ], [ -74.106541095999944, 4.565869079000038 ], [ -74.106562702999952, 4.565867668000067 ], [ -74.106584237999982, 4.56586590400002 ], [ -74.106605770999977, 4.565863787000069 ], [ -74.106627235999952, 4.565861246000054 ], [ -74.106648699999937, 4.565858352000021 ], [ -74.106670093999981, 4.565855104000036 ], [ -74.106691417999969, 4.565851432000045 ], [ -74.106712670999968, 4.565847409000071 ], [ -74.106733854999959, 4.565843033000021 ], [ -74.106773122999982, 4.56583385600004 ], [ -74.106953636999947, 4.565787821000072 ], [ -74.107135487999983, 4.565739670000028 ], [ -74.107425966999983, 4.566177538000034 ], [ -74.107776890999958, 4.566706441000065 ], [ -74.107811516999959, 4.566664141000047 ], [ -74.109096169999987, 4.568369576000066 ], [ -74.109553142999971, 4.569030969000039 ], [ -74.109690288999957, 4.569275892000064 ], [ -74.110054628999933, 4.570275481000067 ], [ -74.110192687999984, 4.57056687100004 ], [ -74.110285129999966, 4.571089684000071 ], [ -74.110276885999951, 4.57126531800003 ], [ -74.110293617999957, 4.571552676000067 ], [ -74.110359339999945, 4.571695333000036 ], [ -74.11048459899996, 4.571837853000034 ], [ -74.110501627999952, 4.571857277000049 ], [ -74.110914784999977, 4.572105462000025 ], [ -74.112658070999942, 4.574181113000066 ], [ -74.11314327499997, 4.574741728000049 ], [ -74.113522504999935, 4.575175503000025 ], [ -74.113869081999951, 4.575580606000074 ], [ -74.114215666999939, 4.575842486000056 ], [ -74.114486391999947, 4.575995466000052 ], [ -74.114889354999946, 4.576141108000058 ], [ -74.115004180999961, 4.576651139000035 ], [ -74.114603881999983, 4.576709661000052 ], [ -74.112979730999939, 4.577140783000061 ], [ -74.110892843999977, 4.577803087000063 ], [ -74.110616191999952, 4.577883719000056 ], [ -74.109841977999963, 4.578109306000044 ], [ -74.109711779999941, 4.578147221000052 ], [ -74.109695450999936, 4.578151881000053 ], [ -74.109609872999954, 4.578176805000055 ], [ -74.108050950999939, 4.578661169000043 ], [ -74.107713701999955, 4.578801894000037 ], [ -74.10687768799994, 4.579131782000047 ], [ -74.10677211899997, 4.579173440000034 ], [ -74.106714340999986, 4.579201896000029 ], [ -74.105321415999981, 4.579887463000034 ], [ -74.104325071999938, 4.580390922000049 ], [ -74.103882251999948, 4.580595763000076 ], [ -74.103223722999985, 4.58090157700002 ], [ -74.102688917999956, 4.581164107000063 ], [ -74.10249418099994, 4.581260066000027 ], [ -74.102479259999939, 4.581267411000056 ], [ -74.102358703999982, 4.581324604000031 ], [ -74.101989424999942, 4.581527472000062 ], [ -74.101596289999975, 4.581742272000042 ], [ -74.101212724999982, 4.581949940000072 ], [ -74.100838659999965, 4.582165872000076 ], [ -74.100543067999979, 4.582341343000053 ], [ -74.100373594999951, 4.582439211000064 ], [ -74.099929362999944, 4.582694543000059 ], [ -74.099544598999955, 4.582910543000025 ], [ -74.099161032999973, 4.58312774500007 ], [ -74.09905398799998, 4.583188611000026 ], [ -74.098918365999964, 4.583264942000028 ], [ -74.09870370799996, 4.583401012000024 ], [ -74.098585963999938, 4.583473814000058 ], [ -74.098453931999984, 4.583562080000036 ], [ -74.098279671999933, 4.583677884000053 ], [ -74.097946069999978, 4.583896219000053 ], [ -74.097828326999945, 4.583967819000065 ], [ -74.097548544999938, 4.584140744000024 ], [ -74.097372195999981, 4.584242285000073 ], [ -74.097103981999965, 4.584379553000076 ], [ -74.096837525999945, 4.584509615000059 ], [ -74.096656159999952, 4.584599078000053 ], [ -74.096507449999933, 4.584665942000072 ], [ -74.096421868999983, 4.584705272000065 ], [ -74.096293356999979, 4.584759005000024 ], [ -74.096078702999989, 4.584842532000039 ], [ -74.09597046, 4.584890264000023 ], [ -74.095789655999965, 4.58497499300006 ], [ -74.095747568999968, 4.584995540000023 ], [ -74.095460213999957, 4.585135699000034 ], [ -74.095297071999937, 4.585219726000048 ], [ -74.095095716999936, 4.585338493000052 ], [ -74.094817081999963, 4.58551226700007 ], [ -74.094580392999944, 4.585671570000045 ], [ -74.094438153999988, 4.585780173000046 ], [ -74.09415022099995, 4.586048156000061 ], [ -74.094079487999977, 4.58611912300006 ], [ -74.093966874999978, 4.586233520000064 ], [ -74.093907682999941, 4.586294391000024 ], [ -74.093854262999969, 4.58635660300007 ], [ -74.093771282999967, 4.586447909000071 ], [ -74.093470249999939, 4.58682443500004 ], [ -74.093098551999958, 4.587298057000055 ], [ -74.093062444999987, 4.587345864000042 ], [ -74.092793506999953, 4.587680867000074 ], [ -74.092007881999962, 4.588660240000024 ], [ -74.091906175999952, 4.588777744000026 ], [ -74.091818547999935, 4.588888399000041 ], [ -74.09163597099996, 4.58911310000002 ], [ -74.091451776999975, 4.58934380200003 ], [ -74.091356897999958, 4.58945961400002 ], [ -74.091272646999982, 4.589567725000052 ], [ -74.091097811999987, 4.58978472900003 ], [ -74.090927270999941, 4.590000883000073 ], [ -74.090756728999963, 4.590216121000026 ], [ -74.09055796399997, 4.590467445000058 ], [ -74.090405367999949, 4.590658741000027 ], [ -74.090257842999961, 4.59084488700006 ], [ -74.090114679999942, 4.591021567000041 ], [ -74.090051403999951, 4.591100445000052 ], [ -74.089981301999956, 4.591189632000066 ], [ -74.089849612999956, 4.591354944000045 ], [ -74.089747834999969, 4.591477180000027 ], [ -74.089664643999981, 4.591557610000052 ], [ -74.08957441299998, 4.59163337800004 ], [ -74.089483480999945, 4.591682874000071 ], [ -74.089343496999959, 4.591741971000033 ], [ -74.089169520999974, 4.591785175000041 ], [ -74.089004904999967, 4.59181955400004 ], [ -74.088934801999983, 4.591918135000071 ], [ -74.088534101999983, 4.592396976000032 ], [ -74.087408297999957, 4.593742202000044 ], [ -74.086211610999953, 4.595172234000074 ], [ -74.085927745999982, 4.595511398000042 ], [ -74.085319757999969, 4.596237959000064 ], [ -74.084916513999985, 4.596795190000023 ], [ -74.084880403999989, 4.596844832000045 ], [ -74.084782638999968, 4.596962760000054 ], [ -74.08469895099995, 4.597063810000066 ], [ -74.083932213999958, 4.596440507000068 ], [ -74.083800784999937, 4.596333664000042 ], [ -74.083165475999976, 4.595817202000035 ], [ -74.081793363999964, 4.595464808000031 ], [ -74.081139033999989, 4.595067077000067 ], [ -74.081141427999967, 4.59506291100007 ], [ -74.081143679999968, 4.595058957000049 ], [ -74.081145932999959, 4.595055072000036 ], [ -74.081148184999961, 4.595051117000025 ], [ -74.081150436999962, 4.595047233000059 ], [ -74.081152688999964, 4.595043280000027 ], [ -74.081154942999945, 4.595039396000061 ], [ -74.081157194999946, 4.59503544100005 ], [ -74.081159447999937, 4.595031557000027 ], [ -74.081161699999939, 4.595027673000061 ], [ -74.08116395199994, 4.595023717000061 ], [ -74.081166203999942, 4.595019833000038 ], [ -74.081168456999933, 4.595015879000073 ], [ -74.081170708999935, 4.595011997000029 ], [ -74.081172961999982, 4.595008042000075 ], [ -74.081175213999984, 4.595004158000052 ], [ -74.081177467999964, 4.595000274000029 ], [ -74.081179718999977, 4.594996319000074 ], [ -74.081181972999957, 4.594992435000052 ], [ -74.081184223999969, 4.59498848100003 ], [ -74.081186475999971, 4.594984597000064 ], [ -74.081188729999951, 4.594980642000053 ], [ -74.081190981999953, 4.59497675800003 ], [ -74.081193234999944, 4.594972874000064 ], [ -74.081195485999956, 4.594968920000042 ], [ -74.081197739999936, 4.594965036000076 ], [ -74.081199991999938, 4.594961152000053 ], [ -74.08120224399994, 4.594957198000031 ], [ -74.081204496999987, 4.594953314000065 ], [ -74.081206748999989, 4.594949358000065 ], [ -74.081209073999958, 4.594945475000031 ], [ -74.081211325999959, 4.594941591000065 ], [ -74.081213577999961, 4.594937637000044 ], [ -74.081215828999973, 4.594933754000067 ], [ -74.081218081999964, 4.594929799000056 ], [ -74.081220334999955, 4.594925915000033 ], [ -74.081222515999968, 4.594921960000022 ], [ -74.081224769999949, 4.594918076000056 ], [ -74.081226949999973, 4.594914122000034 ], [ -74.081229204999943, 4.594910166000034 ], [ -74.081231384999967, 4.594906213000058 ], [ -74.081233567999959, 4.594902258000047 ], [ -74.081235749999962, 4.594898304000026 ], [ -74.081237931999965, 4.594894349000072 ], [ -74.081240114999957, 4.59489039400006 ], [ -74.081242295999971, 4.594886439000049 ], [ -74.081244406999986, 4.594882484000038 ], [ -74.081246588999988, 4.594878530000074 ], [ -74.08124877299997, 4.594874506000053 ], [ -74.081250882999939, 4.594870551000042 ], [ -74.081253067999967, 4.594866596000031 ], [ -74.081255176999946, 4.59486264100002 ], [ -74.081257360999984, 4.594858616000067 ], [ -74.081259469999964, 4.594854661000056 ], [ -74.081261654999935, 4.594850706000045 ], [ -74.08126376499996, 4.594846682000025 ], [ -74.081265876999964, 4.59484272800006 ], [ -74.081268058999967, 4.594838773000049 ], [ -74.081270170999971, 4.59483474700005 ], [ -74.081272351999985, 4.594830792000039 ], [ -74.081274464999979, 4.594826837000028 ], [ -74.081276645999935, 4.594822812000075 ], [ -74.081278828999984, 4.594818858000053 ], [ -74.081280937999963, 4.594814902000053 ], [ -74.081283122999935, 4.594810948000031 ], [ -74.081285303999948, 4.594806994000066 ], [ -74.081287416999942, 4.594803040000045 ], [ -74.081289597999955, 4.594799086000023 ], [ -74.081291780999948, 4.594795130000023 ], [ -74.081293962999951, 4.594791176000058 ], [ -74.081296213999963, 4.594787221000047 ], [ -74.081298396999955, 4.594783268000072 ], [ -74.081300578999958, 4.59477931300006 ], [ -74.081302831999949, 4.594775358000049 ], [ -74.081305013999952, 4.594771474000027 ], [ -74.081307266999943, 4.594767520000062 ], [ -74.081309518999944, 4.594763635000049 ], [ -74.081311771999935, 4.594759680000038 ], [ -74.081314023999937, 4.594755796000072 ], [ -74.081316345999937, 4.594751914000028 ], [ -74.081318599999975, 4.594748030000062 ], [ -74.081320920999985, 4.594744146000039 ], [ -74.081323244999965, 4.594740262000073 ], [ -74.081325566999965, 4.59473637800005 ], [ -74.081328031999988, 4.594732565000072 ], [ -74.081330636999951, 4.594728752000037 ], [ -74.081333380999979, 4.59472493800007 ], [ -74.081336194999949, 4.594721195000034 ], [ -74.081339079999964, 4.594717453000044 ], [ -74.081342106999955, 4.594713710000065 ], [ -74.081345204999934, 4.594710038000073 ], [ -74.081348371999979, 4.594706296000027 ], [ -74.081351609999956, 4.594702624000035 ], [ -74.081354918999978, 4.594698952000044 ], [ -74.081358295999962, 4.594695350000052 ], [ -74.08136174699996, 4.594691680000039 ], [ -74.081365195999979, 4.594688078000047 ], [ -74.081368644999941, 4.594684405000066 ], [ -74.081372162999969, 4.594680803000074 ], [ -74.08137568099994, 4.594677201000025 ], [ -74.081379200999947, 4.594673601000068 ], [ -74.081382719999965, 4.594669999000075 ], [ -74.081386240999962, 4.594666398000072 ], [ -74.081389759999979, 4.594662797000069 ], [ -74.08139327799995, 4.594659195000077 ], [ -74.08139672599998, 4.594655524000075 ], [ -74.081400104999943, 4.594651922000025 ], [ -74.081403482999974, 4.594648321000022 ], [ -74.081406791999939, 4.594644649000031 ], [ -74.081410028999983, 4.594641049000074 ], [ -74.081413195999971, 4.594637376000037 ], [ -74.081416293999951, 4.594633704000046 ], [ -74.081419320999942, 4.594630032000055 ], [ -74.081422275999955, 4.594626360000063 ], [ -74.081425091999961, 4.594622618000074 ], [ -74.08142776699998, 4.594618946000026 ], [ -74.081430371999943, 4.594615133000048 ], [ -74.081432833999941, 4.594611391000058 ], [ -74.081435226999986, 4.594607577000033 ], [ -74.081437410999968, 4.594603766000034 ], [ -74.081439451999984, 4.594599950000031 ], [ -74.081441351999956, 4.594596066000065 ], [ -74.081443110999942, 4.594592183000032 ], [ -74.081444659999988, 4.594588298000076 ], [ -74.081445997999936, 4.594584344000054 ], [ -74.081447194999953, 4.594580319000045 ], [ -74.081448251999973, 4.594576293000046 ], [ -74.081449024999984, 4.594572268000036 ], [ -74.081449588999988, 4.594568171000049 ], [ -74.081450011999948, 4.594564007000031 ], [ -74.081450152999935, 4.594559839000055 ], [ -74.081450082999936, 4.59455560300006 ], [ -74.081449730999964, 4.59455136400004 ], [ -74.081449168999939, 4.594547057000057 ], [ -74.081448395999985, 4.594542748000038 ], [ -74.081447620999938, 4.594538439000075 ], [ -74.081446846999938, 4.594534062000037 ], [ -74.081446073999984, 4.594529754000064 ], [ -74.081445300999974, 4.594525375000046 ], [ -74.081444526999974, 4.594521068000063 ], [ -74.081443752999974, 4.594516759000044 ], [ -74.081442908999975, 4.594512380000026 ], [ -74.081442134999975, 4.594508072000053 ], [ -74.081441361999964, 4.594503695000071 ], [ -74.081440586999975, 4.594499386000052 ], [ -74.081439812999974, 4.59449500900007 ], [ -74.081438971999944, 4.594490700000051 ], [ -74.081438196999954, 4.594486321000034 ], [ -74.081437421999965, 4.59448201400005 ], [ -74.081436577999966, 4.594477635000032 ], [ -74.081435803999966, 4.59447332700006 ], [ -74.081435030999955, 4.594468948000042 ], [ -74.081434186999957, 4.594464641000059 ], [ -74.081433414999935, 4.594460261000052 ], [ -74.081432568999958, 4.594455953000022 ], [ -74.081431793999968, 4.594451575000051 ], [ -74.081430949999969, 4.594447268000067 ], [ -74.081430176999959, 4.594442889000049 ], [ -74.08142933299996, 4.59443858100002 ], [ -74.081428489999951, 4.594434203000048 ], [ -74.08142771699994, 4.594429823000041 ], [ -74.081426871999952, 4.594425515000069 ], [ -74.081426096999962, 4.59442113700004 ], [ -74.081425252999964, 4.594416829000068 ], [ -74.081424410999944, 4.594412451000039 ], [ -74.081423564999966, 4.594408072000022 ], [ -74.081422792999945, 4.594403765000038 ], [ -74.081421947999957, 4.594399384000042 ], [ -74.081421102999968, 4.594395076000069 ], [ -74.08142025899997, 4.59439069900003 ], [ -74.081419414999971, 4.594386320000069 ], [ -74.081418570999972, 4.59438201200004 ], [ -74.081417726999973, 4.594377635000058 ], [ -74.081416883999964, 4.594373254000061 ], [ -74.081416108999974, 4.594368946000031 ], [ -74.081415266999954, 4.594364569000049 ], [ -74.081414420999977, 4.594360190000032 ], [ -74.081413506999979, 4.59435581200006 ], [ -74.081412661999934, 4.594351504000031 ], [ -74.081411818999982, 4.59434712500007 ], [ -74.081410973999937, 4.594342745000063 ], [ -74.081410131999974, 4.594338437000033 ], [ -74.081409285999939, 4.594334060000051 ], [ -74.081408442999987, 4.594329682000023 ], [ -74.081407596999952, 4.594325303000062 ], [ -74.081406683999944, 4.594320996000022 ], [ -74.081405838999956, 4.594316614000036 ], [ -74.081404994999957, 4.594312236000064 ], [ -74.081404081999949, 4.594307859000025 ], [ -74.081403236999961, 4.594303480000065 ], [ -74.081402393999952, 4.594299173000024 ], [ -74.081401478999965, 4.594294794000064 ], [ -74.081400634999966, 4.594290415000046 ], [ -74.081399788999988, 4.594286036000028 ], [ -74.08139887599998, 4.594281657000067 ], [ -74.081398029999946, 4.594277350000027 ], [ -74.081397115999948, 4.594272972000056 ], [ -74.081396273999985, 4.594268594000027 ], [ -74.081395359999988, 4.59426421400002 ], [ -74.081394514999943, 4.594259835000059 ], [ -74.081393600999945, 4.594255456000042 ], [ -74.081392754999968, 4.594251150000048 ], [ -74.08139184099997, 4.59424677100003 ], [ -74.081390926999973, 4.594242392000069 ], [ -74.081390081999984, 4.59423801500003 ], [ -74.081389168999976, 4.594233635000023 ], [ -74.081388254999979, 4.594229255000073 ], [ -74.081387340999981, 4.594224877000045 ], [ -74.081386495999936, 4.594220499000073 ], [ -74.08138558099995, 4.594216121000045 ], [ -74.081384665999963, 4.594211812000026 ], [ -74.081383751999965, 4.594207433000065 ], [ -74.081382836999978, 4.594203054000047 ], [ -74.081381993999969, 4.594198676000076 ], [ -74.081381078999982, 4.594194297000058 ], [ -74.081380163999938, 4.594189920000076 ], [ -74.081379250999987, 4.594185543000037 ], [ -74.081378335999943, 4.594181162000041 ], [ -74.081377421999946, 4.594176784000069 ], [ -74.08137650599997, 4.594172404000062 ], [ -74.081375592999962, 4.594168025000045 ], [ -74.081374676999985, 4.594163649000052 ], [ -74.081373762999988, 4.594159270000034 ], [ -74.081372847999944, 4.594154890000027 ], [ -74.081371933999947, 4.594150513000045 ], [ -74.081371019999949, 4.594146133000038 ], [ -74.081370035999953, 4.59414175400002 ], [ -74.081369120999966, 4.594137376000049 ], [ -74.081368206999969, 4.594132998000021 ], [ -74.081367291999982, 4.594128620000049 ], [ -74.081366377999984, 4.594124241000031 ], [ -74.081365391999952, 4.59411986200007 ], [ -74.081364477999955, 4.594115484000042 ], [ -74.081363561999979, 4.594111105000025 ], [ -74.081362577999982, 4.594106727000053 ], [ -74.081361662999939, 4.594102348000035 ], [ -74.081360749999988, 4.594097970000064 ], [ -74.081359764999945, 4.594093592000036 ], [ -74.081358851999937, 4.594089212000029 ], [ -74.081357935999961, 4.594084762000023 ], [ -74.081356950999975, 4.594080383000062 ], [ -74.081356034999942, 4.594076007000069 ], [ -74.081355050999946, 4.594071628000052 ], [ -74.081354136999948, 4.594067248000044 ], [ -74.081353151999963, 4.594062872000052 ], [ -74.081352238999955, 4.594058493000034 ], [ -74.081351253999969, 4.594054113000027 ], [ -74.081350268999984, 4.59404973300002 ], [ -74.08134935399994, 4.594045355000048 ], [ -74.081348369999944, 4.594040907000021 ], [ -74.081347454999957, 4.59403652900005 ], [ -74.081346469999971, 4.594032149000043 ], [ -74.081345484999986, 4.594027770000025 ], [ -74.081344569999942, 4.594023391000064 ], [ -74.081343584999956, 4.594019014000025 ], [ -74.08134260099996, 4.594014635000065 ], [ -74.081341615999975, 4.594010185000059 ], [ -74.081340700999988, 4.59400580800002 ], [ -74.081339715999945, 4.59400142800007 ], [ -74.08133873099996, 4.593997050000041 ], [ -74.081337745999974, 4.593992671000024 ], [ -74.081336761999978, 4.593988293000052 ], [ -74.081335776999936, 4.593983845000025 ], [ -74.08133479299994, 4.593979466000064 ], [ -74.081333877999953, 4.593975086000057 ], [ -74.081332893999956, 4.59397070700004 ], [ -74.081331908999971, 4.593966328000022 ], [ -74.081330923999985, 4.593961880000052 ], [ -74.081329937999953, 4.593957501000034 ], [ -74.081328952999968, 4.593953122000073 ], [ -74.081327966999936, 4.593948745000034 ], [ -74.081326983999986, 4.593944296000075 ], [ -74.081325998999944, 4.593939916000068 ], [ -74.081324943999959, 4.59393553600006 ], [ -74.081323957999984, 4.593931159000022 ], [ -74.081322972999942, 4.593926780000061 ], [ -74.081321988999946, 4.593922332000034 ], [ -74.08132100499995, 4.593917953000073 ], [ -74.081320020999954, 4.593913573000066 ], [ -74.081319034999979, 4.593909196000027 ], [ -74.081317980999984, 4.593904746000021 ], [ -74.081316994999952, 4.59390036800005 ], [ -74.081316010999956, 4.593895989000032 ], [ -74.081315024999981, 4.593891610000071 ], [ -74.08131396999994, 4.593887163000034 ], [ -74.081312983999965, 4.593882782000037 ], [ -74.081311998999979, 4.593878403000076 ], [ -74.081310944999984, 4.593873955000049 ], [ -74.081309959999942, 4.593869576000031 ], [ -74.081308905999947, 4.59386519800006 ], [ -74.081307919999972, 4.593860820000032 ], [ -74.081306934999986, 4.593856370000026 ], [ -74.081305879999945, 4.593851992000054 ], [ -74.08130489399997, 4.593847611000058 ], [ -74.081303839999975, 4.59384316400002 ], [ -74.081302855999979, 4.59383878400007 ], [ -74.081301799999949, 4.593834406000042 ], [ -74.081300815999953, 4.593829958000072 ], [ -74.081299760999968, 4.593825577000075 ], [ -74.081298775999983, 4.593821199000047 ], [ -74.081297720999942, 4.59381675100002 ], [ -74.081296665999957, 4.593812372000059 ], [ -74.081295679999982, 4.593807993000041 ], [ -74.081294624999941, 4.593803544000025 ], [ -74.081293639999956, 4.593799165000064 ], [ -74.081292584999971, 4.593794786000046 ], [ -74.081291529999987, 4.59379033700003 ], [ -74.081290542999966, 4.593785960000048 ], [ -74.081289488999971, 4.59378158100003 ], [ -74.081288434999976, 4.593777132000071 ], [ -74.081287378999946, 4.593772752000064 ], [ -74.08128639399996, 4.593768373000046 ], [ -74.081285337999986, 4.593763924000029 ], [ -74.081284283999935, 4.593759549000026 ], [ -74.081283227999961, 4.59375516800003 ], [ -74.081282173999966, 4.59375071900007 ], [ -74.081281117999936, 4.593746340000052 ], [ -74.08128013299995, 4.593741891000036 ], [ -74.081279078999955, 4.593737511000029 ], [ -74.081278023999971, 4.593733133000057 ], [ -74.081276968999987, 4.593728684000041 ], [ -74.081275912999956, 4.593724305000023 ], [ -74.081274857999972, 4.593719928000041 ], [ -74.081273801999941, 4.593715478000036 ], [ -74.081272746999957, 4.593711098000028 ], [ -74.081271691999973, 4.593706649000069 ], [ -74.081270636999989, 4.59370227200003 ], [ -74.081269581999948, 4.593697894000059 ], [ -74.081268525999974, 4.593693443000063 ], [ -74.081267470999933, 4.593689065000035 ], [ -74.081266414999959, 4.593684616000075 ], [ -74.081265359999975, 4.593680237000058 ], [ -74.081264303999944, 4.59367585800004 ], [ -74.081263247999971, 4.593671409000024 ], [ -74.081262124999967, 4.593667031000052 ], [ -74.081261068999936, 4.593662581000046 ], [ -74.081260012999962, 4.593658203000075 ], [ -74.081258958999967, 4.593653753000069 ], [ -74.081257902999937, 4.593649375000041 ], [ -74.081256776999965, 4.593644998000059 ], [ -74.081255720999934, 4.593640548000053 ], [ -74.081254666999939, 4.593636168000046 ], [ -74.081253611999955, 4.593631720000076 ], [ -74.081252484999936, 4.593627341000058 ], [ -74.081251430999941, 4.593622891000052 ], [ -74.081250375999957, 4.593618512000035 ], [ -74.081249250999974, 4.593614135000053 ], [ -74.081248194999944, 4.593609686000036 ], [ -74.08124713899997, 4.593605307000075 ], [ -74.081246013999987, 4.593600857000069 ], [ -74.081244958999946, 4.593596479000041 ], [ -74.081243903999962, 4.593592030000025 ], [ -74.081224206999934, 4.593512649000047 ], [ -74.081223080999962, 4.593508271000076 ], [ -74.081222026999967, 4.593503823000049 ], [ -74.081220900999938, 4.593499444000031 ], [ -74.081219774999965, 4.593494994000025 ], [ -74.081218647999947, 4.593490616000054 ], [ -74.081217593999952, 4.593486167000037 ], [ -74.081216468999969, 4.593481788000076 ], [ -74.081215343999986, 4.59347733900006 ], [ -74.081214218999946, 4.593472960000042 ], [ -74.081213161999983, 4.593468511000026 ], [ -74.081212035999954, 4.593464133000055 ], [ -74.081210909999982, 4.593459684000038 ], [ -74.081209784999942, 4.593455304000031 ], [ -74.081208658999969, 4.59345092600006 ], [ -74.081207603999985, 4.593446476000054 ], [ -74.081206477999956, 4.593442099000072 ], [ -74.081205353999962, 4.593437649000066 ], [ -74.081204226999944, 4.593433271000038 ], [ -74.081203100999971, 4.593428821000032 ], [ -74.081201974999942, 4.593424442000071 ], [ -74.081200849999959, 4.593419994000044 ], [ -74.081199724999976, 4.593415615000026 ], [ -74.081198597999958, 4.593411166000067 ], [ -74.081197472999975, 4.593406787000049 ], [ -74.081196347999935, 4.593402338000033 ], [ -74.081195221999963, 4.593397959000072 ], [ -74.08119409699998, 4.593393508000077 ], [ -74.081192969999961, 4.593389131000038 ], [ -74.081191845999967, 4.593384682000021 ], [ -74.081190719999938, 4.59338030300006 ], [ -74.081189593999966, 4.593375855000033 ], [ -74.081188468999983, 4.593371475000026 ], [ -74.081187342999954, 4.59336702500002 ], [ -74.081186217999971, 4.593362648000038 ], [ -74.081185091999942, 4.593358199000022 ], [ -74.081183965999969, 4.593353821000051 ], [ -74.081182768999952, 4.593349441000043 ], [ -74.081181644999958, 4.593344992000027 ], [ -74.08118051799994, 4.59334061200002 ], [ -74.081179393999946, 4.59333616400005 ], [ -74.081178267999974, 4.593331786000022 ], [ -74.081177142999934, 4.593327336000073 ], [ -74.081175945999973, 4.593322958000044 ], [ -74.081174820999934, 4.593318508000038 ], [ -74.081173694999961, 4.593314129000021 ], [ -74.081172570999968, 4.593309681000051 ], [ -74.08117137399995, 4.593305302000033 ], [ -74.081170247999978, 4.593300854000063 ], [ -74.081169122999938, 4.593296475000045 ], [ -74.081167997999955, 4.593292025000039 ], [ -74.081166802999974, 4.593287646000022 ], [ -74.081165675999955, 4.593283197000062 ], [ -74.081164550999972, 4.593278819000034 ], [ -74.081163355999934, 4.593274370000074 ], [ -74.081162229999961, 4.593269991000057 ], [ -74.081161103999989, 4.593265613000028 ], [ -74.081159907999961, 4.593261161000044 ], [ -74.081158780999942, 4.593256785000051 ], [ -74.081157655999959, 4.593252335000045 ], [ -74.081156460999978, 4.593247957000074 ], [ -74.081155335999938, 4.593243507000068 ], [ -74.081154137999988, 4.59323912800005 ], [ -74.081153013999938, 4.593234679000034 ], [ -74.081151887999965, 4.593230300000073 ], [ -74.081150691999937, 4.593225850000067 ], [ -74.081149564999976, 4.593221472000039 ], [ -74.081148368999948, 4.593217023000022 ], [ -74.081147244999954, 4.59321264600004 ], [ -74.081146048999983, 4.593208265000044 ], [ -74.081144922999954, 4.593203816000027 ], [ -74.081143725999937, 4.593199438000056 ], [ -74.081142600999954, 4.59319498900004 ], [ -74.081141405999972, 4.593190611000068 ], [ -74.081140279999943, 4.593186161000062 ], [ -74.081139082999982, 4.593181781000055 ], [ -74.081137957999943, 4.593177332000039 ], [ -74.081136761999971, 4.593172955000057 ], [ -74.081135565999944, 4.59316850600004 ], [ -74.081134440999961, 4.593164127000023 ], [ -74.081133243999943, 4.593159748000062 ], [ -74.081132117999971, 4.593155298000056 ], [ -74.081130921999943, 4.593150920000028 ], [ -74.081129725999972, 4.593146472000058 ], [ -74.081128600999989, 4.59314209300004 ], [ -74.081127404999961, 4.593137643000034 ], [ -74.081126208999933, 4.593133264000073 ], [ -74.08112508399995, 4.593128885000056 ], [ -74.081123886999933, 4.593124436000039 ], [ -74.081122689999972, 4.593120058000068 ], [ -74.081103836999944, 4.593049505000067 ], [ -74.08110271299995, 4.59304512600005 ], [ -74.081101515999933, 4.593040679000069 ], [ -74.081100319999962, 4.593036300000051 ], [ -74.081099123999934, 4.593031922000023 ], [ -74.081097928999952, 4.593027472000074 ], [ -74.081096731999935, 4.593023092000067 ], [ -74.081095535999964, 4.593018714000038 ], [ -74.08109441199997, 4.593014266000068 ], [ -74.081093215999942, 4.593009886000061 ], [ -74.081092019999971, 4.593005437000045 ], [ -74.081090822999954, 4.593001058000027 ], [ -74.081089626999983, 4.592996680000056 ], [ -74.081088431999945, 4.592992231000039 ], [ -74.081087235999973, 4.592987853000068 ], [ -74.081086039999946, 4.59298347400005 ], [ -74.081084842999985, 4.592979024000044 ], [ -74.081083646999957, 4.592974647000062 ], [ -74.081082451999976, 4.592970267000055 ], [ -74.081081255999948, 4.592965818000039 ], [ -74.081080058999987, 4.592961441000057 ], [ -74.081078862999959, 4.59295706100005 ], [ -74.081077666999988, 4.592952612000033 ], [ -74.08107647099996, 4.592948232000026 ], [ -74.081075273999943, 4.592943854000055 ], [ -74.081074078999961, 4.592939406000028 ], [ -74.081072882999933, 4.592935027000067 ], [ -74.081071686999962, 4.592930648000049 ], [ -74.081070491999981, 4.592926199000033 ], [ -74.081069293999974, 4.592921820000072 ], [ -74.081068098999936, 4.592917441000054 ], [ -74.081066902999964, 4.592912993000027 ], [ -74.081065706999937, 4.592908614000066 ], [ -74.081064510999965, 4.592904235000049 ], [ -74.081063314999938, 4.59289985700002 ], [ -74.081062118999967, 4.592895407000071 ], [ -74.081060923999985, 4.592891029000043 ], [ -74.081059727999957, 4.592886651000072 ], [ -74.08105853099994, 4.592882200000076 ], [ -74.081057335999958, 4.592877823000038 ], [ -74.081056070999978, 4.59287344400002 ], [ -74.08105487399996, 4.59286906400007 ], [ -74.081053677999989, 4.592864616000043 ], [ -74.081052481999961, 4.592860237000025 ], [ -74.081051285999933, 4.592855858000064 ], [ -74.081050089999962, 4.592851480000036 ], [ -74.081048892999945, 4.59284703000003 ], [ -74.081047696999974, 4.592842652000058 ], [ -74.081046431999937, 4.592838273000041 ], [ -74.081045235999966, 4.592833895000069 ], [ -74.081044039999938, 4.592829446000053 ], [ -74.081042843999967, 4.592825067000035 ], [ -74.08104164699995, 4.592820688000074 ], [ -74.081040450999978, 4.592816310000046 ], [ -74.081039185999941, 4.592811931000028 ], [ -74.08103798999997, 4.592807482000069 ], [ -74.081036791999963, 4.592803103000051 ], [ -74.081035596999982, 4.592798725000023 ], [ -74.081034400999954, 4.592794346000062 ], [ -74.081033134999984, 4.592789967000044 ], [ -74.081031937999967, 4.592785518000028 ], [ -74.081030741999939, 4.592781139000067 ], [ -74.081029545999968, 4.592776762000028 ], [ -74.081028280999988, 4.592772382000021 ], [ -74.08102708499996, 4.59276800300006 ], [ -74.081025887999942, 4.592763555000033 ], [ -74.081024691999971, 4.592759176000072 ], [ -74.081023426999934, 4.592754798000044 ], [ -74.081022229999974, 4.592750419000026 ], [ -74.081021032999956, 4.592746040000065 ], [ -74.081019837999975, 4.592741661000048 ], [ -74.081018571999948, 4.592737283000076 ], [ -74.081017376999966, 4.59273283400006 ], [ -74.081016180999939, 4.592728455000042 ], [ -74.081014913999979, 4.592724076000025 ], [ -74.081013717999951, 4.592719698000053 ], [ -74.08101252299997, 4.592715319000035 ], [ -74.081011325999953, 4.592710941000064 ], [ -74.081010059999983, 4.592706563000036 ], [ -74.081008863999955, 4.592702184000075 ], [ -74.081007668999973, 4.592697804000068 ], [ -74.081006401999957, 4.592693354000062 ], [ -74.08100520499994, 4.592688977000023 ], [ -74.081004008999969, 4.592684599000052 ], [ -74.081002742999942, 4.592680220000034 ], [ -74.081001546999971, 4.592675841000073 ], [ -74.081000349999954, 4.592671461000066 ], [ -74.080999083999984, 4.592667084000027 ], [ -74.080997887999956, 4.592662705000066 ], [ -74.080996690999939, 4.592658327000038 ], [ -74.080995426999948, 4.592653949000066 ], [ -74.080994229999988, 4.592649569000059 ], [ -74.08099303399996, 4.592645190000042 ], [ -74.080991768999979, 4.59264081200007 ], [ -74.080990572999951, 4.592636433000052 ], [ -74.080989306999982, 4.59263205600007 ], [ -74.080988109999964, 4.592627675000074 ], [ -74.080986915999972, 4.592623297000046 ], [ -74.080985648999956, 4.592618920000064 ], [ -74.080984452999985, 4.592614541000046 ], [ -74.080983255999968, 4.592610162000028 ], [ -74.080981990999987, 4.592605784000057 ], [ -74.080980794999959, 4.59260140400005 ], [ -74.080979527999943, 4.592597026000021 ], [ -74.080978331999972, 4.59259264800005 ], [ -74.080977135999944, 4.592588270000022 ], [ -74.080975869999975, 4.592583891000061 ], [ -74.080974671999968, 4.592579511000054 ], [ -74.080973406999988, 4.592575132000036 ], [ -74.08097221099996, 4.592570754000064 ], [ -74.080970944999933, 4.592566377000026 ], [ -74.080969748999962, 4.592561998000065 ], [ -74.080968551999945, 4.592557617000068 ], [ -74.080967285999975, 4.592553240000029 ], [ -74.080966089999947, 4.592548861000068 ], [ -74.080964823999977, 4.59254448300004 ], [ -74.080963628999939, 4.592540175000067 ], [ -74.080962431999978, 4.59253579500006 ], [ -74.080961165999952, 4.592531417000032 ], [ -74.080959969999981, 4.59252704000005 ], [ -74.080958702999965, 4.592522660000043 ], [ -74.080957506999937, 4.592518282000071 ], [ -74.080956239999978, 4.592513902000064 ], [ -74.080955044999939, 4.592509524000036 ], [ -74.080953778999969, 4.592505215000074 ], [ -74.080952581999952, 4.592500838000035 ], [ -74.080951386999971, 4.592496460000064 ], [ -74.080950119999954, 4.592492080000056 ], [ -74.080948924999973, 4.592487701000039 ], [ -74.080947658999946, 4.592483323000067 ], [ -74.080946461999986, 4.592479016000027 ], [ -74.080945195999959, 4.592474638000056 ], [ -74.080943998999942, 4.592470257000059 ], [ -74.080942732999972, 4.592465879000031 ], [ -74.080941535999955, 4.592461501000059 ], [ -74.080940269999985, 4.59245719300003 ], [ -74.080939074999947, 4.592452815000058 ], [ -74.080937878999976, 4.592448436000041 ], [ -74.080936611999959, 4.592444057000023 ], [ -74.080935415999988, 4.59243974900005 ], [ -74.080934149999962, 4.592435370000032 ], [ -74.080932953999934, 4.592430991000072 ], [ -74.080931686999975, 4.592426613000043 ], [ -74.080930490999947, 4.592422305000071 ], [ -74.080929224999977, 4.592417926000053 ], [ -74.080928029999939, 4.592413548000025 ], [ -74.080926761999933, 4.592409240000052 ], [ -74.080925565999962, 4.592404861000034 ], [ -74.080924300999982, 4.592400483000063 ], [ -74.080923105999943, 4.592396174000044 ], [ -74.080921839999974, 4.592391797000062 ], [ -74.080920642999956, 4.592387417000054 ], [ -74.080919376999987, 4.592383108000035 ], [ -74.080918180999959, 4.592378730000064 ], [ -74.080916914999989, 4.592374351000046 ], [ -74.080915717999972, 4.592370044000063 ], [ -74.080914521999944, 4.592365666000035 ], [ -74.080913256999963, 4.592361286000028 ], [ -74.080912060999935, 4.592356979000044 ], [ -74.080910793999976, 4.592352599000037 ], [ -74.080909596999959, 4.592348221000066 ], [ -74.080908330999989, 4.592343914000026 ], [ -74.080907134999961, 4.592339535000065 ], [ -74.080905868999935, 4.592335228000024 ], [ -74.080904671999974, 4.592330847000028 ], [ -74.080903405999948, 4.592326540000045 ], [ -74.080902209999977, 4.592322162000073 ], [ -74.08090094399995, 4.592317783000055 ], [ -74.080899747999979, 4.592313475000026 ], [ -74.080898480999963, 4.592309095000076 ], [ -74.080897284999935, 4.592304788000035 ], [ -74.080896018999965, 4.592300411000053 ], [ -74.080894821999948, 4.592296102000034 ], [ -74.080893555999978, 4.592291723000073 ], [ -74.08089235999995, 4.592287415000044 ], [ -74.080891163999979, 4.592283036000026 ], [ -74.080889899999988, 4.592278728000053 ], [ -74.080888701999982, 4.592274350000025 ], [ -74.080887435999955, 4.592270042000052 ], [ -74.080886240999973, 4.592265733000033 ], [ -74.080884974999947, 4.592261355000062 ], [ -74.080883777999986, 4.592257047000032 ], [ -74.080882512999949, 4.592252669000061 ], [ -74.080881315999989, 4.592248361000031 ], [ -74.080880050999951, 4.59224398200007 ], [ -74.08087885599997, 4.59223967500003 ], [ -74.080877586999975, 4.592235295000023 ], [ -74.080876320999948, 4.59223098700005 ], [ -74.080875054999979, 4.592226609000022 ], [ -74.080873786999973, 4.59222230000006 ], [ -74.080872520999947, 4.592217922000032 ], [ -74.080871255999966, 4.592213543000071 ], [ -74.08086998999994, 4.592209236000031 ], [ -74.080868721999934, 4.59220485700007 ], [ -74.080867384999976, 4.592200477000063 ], [ -74.08086611899995, 4.592196100000024 ], [ -74.080864783999971, 4.592191791000062 ], [ -74.080863445999967, 4.592187413000033 ], [ -74.080862180999986, 4.592183035000062 ], [ -74.080860843999972, 4.592178655000055 ], [ -74.080859506999957, 4.592174347000025 ], [ -74.080858168999953, 4.592169970000043 ], [ -74.080856761999939, 4.592165591000025 ], [ -74.080855424999982, 4.592161212000065 ], [ -74.080854088999956, 4.592156833000047 ], [ -74.080852680999953, 4.592152455000075 ], [ -74.080851274999986, 4.592148147000046 ], [ -74.08084993999995, 4.592143768000028 ], [ -74.080848531999948, 4.592139389000067 ], [ -74.080847125999981, 4.592135011000039 ], [ -74.080845716999988, 4.592130632000021 ], [ -74.080844309999975, 4.59212625300006 ], [ -74.080842832999963, 4.592121945000031 ], [ -74.080841423999971, 4.592117567000059 ], [ -74.080839946999959, 4.592113188000042 ], [ -74.080838540999935, 4.592108881000058 ], [ -74.080837063999979, 4.592104502000041 ], [ -74.080835585999978, 4.592100123000023 ], [ -74.080834107999976, 4.592095744000062 ], [ -74.080832630999964, 4.592091437000022 ], [ -74.080831152999963, 4.592087057000072 ], [ -74.080829605999952, 4.592082750000031 ], [ -74.08082812899994, 4.592078370000024 ], [ -74.08082658099994, 4.592074062000052 ], [ -74.08082503199995, 4.59206968500007 ], [ -74.080823554999938, 4.59206537600005 ], [ -74.08082193599995, 4.592061068000021 ], [ -74.080820388999939, 4.59205668900006 ], [ -74.080818841999985, 4.59205238100003 ], [ -74.080817292999939, 4.592048074000047 ], [ -74.08081567399995, 4.592043765000028 ], [ -74.08081412699994, 4.592039386000067 ], [ -74.080812507999951, 4.592035079000027 ], [ -74.080810890999942, 4.592030771000054 ], [ -74.080809271999954, 4.592026462000035 ], [ -74.080807652999965, 4.592022155000052 ], [ -74.080805965999957, 4.592017917000021 ], [ -74.080804347999958, 4.592013609000048 ], [ -74.080802658999971, 4.592009300000029 ], [ -74.080800968999938, 4.592004993000046 ], [ -74.080799350999939, 4.592000756000061 ], [ -74.080797662999942, 4.591996447000042 ], [ -74.080795904999945, 4.591992209000068 ], [ -74.080794214999969, 4.591987973000073 ], [ -74.080792526999971, 4.591983665000043 ], [ -74.080790766999939, 4.591979427000069 ], [ -74.08078901, 4.591975189000038 ], [ -74.080787250999947, 4.591970954000033 ], [ -74.080785489999982, 4.591966714000023 ], [ -74.08078373099994, 4.591962477000038 ], [ -74.080781974999979, 4.591958239000064 ], [ -74.080780143999959, 4.591954073000068 ], [ -74.080778384999974, 4.591949836000026 ], [ -74.080776554999943, 4.591945599000042 ], [ -74.080774725999959, 4.591941431000066 ], [ -74.080772896999974, 4.59193726500007 ], [ -74.080770996999945, 4.591933028000028 ], [ -74.080769167999961, 4.591928860000053 ], [ -74.080767267999988, 4.591924695000046 ], [ -74.080765437999958, 4.59192052700007 ], [ -74.080763538999975, 4.591916430000026 ], [ -74.080761637999956, 4.59191226400003 ], [ -74.080759667999985, 4.591908098000033 ], [ -74.080757769999934, 4.591903999000067 ], [ -74.080755797999984, 4.591899905000048 ], [ -74.080753898999944, 4.591895738000062 ], [ -74.080751928999973, 4.591891642000064 ], [ -74.080749957999956, 4.59188754500002 ], [ -74.080747918999975, 4.591883448000033 ], [ -74.080745948999947, 4.591879424000069 ], [ -74.080743977999987, 4.591875327000025 ], [ -74.080741936999971, 4.591871302000072 ], [ -74.080739896999944, 4.591867207000064 ], [ -74.080737854999938, 4.591863181000065 ], [ -74.080735815999958, 4.591859155000066 ], [ -74.080733703999954, 4.59185512800002 ], [ -74.080731592999939, 4.591851104000057 ], [ -74.080729553999959, 4.591847077000068 ], [ -74.080727441999954, 4.591843123000046 ], [ -74.080725331999986, 4.591839167000046 ], [ -74.080723148999937, 4.591835143000026 ], [ -74.080721038999968, 4.591831187000025 ], [ -74.080718859999934, 4.591827232000071 ], [ -74.080716676999941, 4.591823348000048 ], [ -74.080714495999985, 4.591819393000037 ], [ -74.080712313999982, 4.591815439000072 ], [ -74.08071006299997, 4.59181155400006 ], [ -74.080707881999956, 4.591807670000037 ], [ -74.080705628999965, 4.591803785000025 ], [ -74.080703377999953, 4.591799900000069 ], [ -74.080701125999951, 4.591796016000046 ], [ -74.080698803999951, 4.591792201000032 ], [ -74.080696551999949, 4.591788388000055 ], [ -74.080694230999939, 4.591784502000053 ], [ -74.080691907999949, 4.591780691000054 ], [ -74.080689584999959, 4.591776948000074 ], [ -74.080687263999948, 4.59177313400005 ], [ -74.08068487099996, 4.591769390000024 ], [ -74.080682477999972, 4.591765575000068 ], [ -74.080680086999962, 4.591761834000067 ], [ -74.080677694999963, 4.591758089000052 ], [ -74.080675300999985, 4.591754417000061 ], [ -74.080672839999977, 4.591750675000071 ], [ -74.080670445999942, 4.591747001000044 ], [ -74.080667983999945, 4.591743330000043 ], [ -74.080665520999958, 4.591739657000062 ], [ -74.080662986999982, 4.591735984000024 ], [ -74.080660524999985, 4.591732312000033 ], [ -74.080657991999942, 4.59172871100003 ], [ -74.080655457999967, 4.591725108000048 ], [ -74.080652924999981, 4.591721506000056 ], [ -74.080650322999986, 4.591717904000063 ], [ -74.080647788999954, 4.591714371000023 ], [ -74.08064518599997, 4.591710842000055 ], [ -74.08064257999996, 4.591707239000073 ], [ -74.080639908999956, 4.591703778000067 ], [ -74.080637231999958, 4.591700247000063 ], [ -74.080634558999975, 4.591696787000046 ], [ -74.080631815999936, 4.591693326000041 ], [ -74.080629070999976, 4.591689864000045 ], [ -74.080626325999958, 4.591686405000075 ], [ -74.080623580999941, 4.591682945000059 ], [ -74.080620766999971, 4.591679554000052 ], [ -74.080617882999945, 4.591676163000045 ], [ -74.08061506699994, 4.591672772000038 ], [ -74.080612182999971, 4.591669454000055 ], [ -74.080609297999956, 4.591666065000027 ], [ -74.080606341999953, 4.591662745000065 ], [ -74.080603456999938, 4.591659425000046 ], [ -74.080600430999937, 4.591656105000027 ], [ -74.08059747599998, 4.591652857000042 ], [ -74.080594448999989, 4.591649536000034 ], [ -74.080591423999977, 4.591646288000049 ], [ -74.080588397999975, 4.591643039000076 ], [ -74.080585300999985, 4.591639791000034 ], [ -74.080582275999973, 4.591636612000059 ], [ -74.080579178999983, 4.591633363000028 ], [ -74.080576012999984, 4.591630186000032 ], [ -74.080572916999984, 4.591627007000056 ], [ -74.080569749999938, 4.591623829000071 ], [ -74.08056658199996, 4.591620650000038 ], [ -74.080563346999952, 4.591617542000051 ], [ -74.080560179999964, 4.591614365000055 ], [ -74.080556941999987, 4.591611257000068 ], [ -74.080553703999954, 4.591608149000024 ], [ -74.080550397999957, 4.591605113000071 ], [ -74.08054716099997, 4.591602005000027 ], [ -74.080543853999984, 4.59159889700004 ], [ -74.080540546999941, 4.591595859000051 ], [ -74.080537167999978, 4.591592823000042 ], [ -74.080533861999982, 4.591589786000043 ], [ -74.080530481999972, 4.591586748000054 ], [ -74.080527105999977, 4.591583711000055 ], [ -74.080523728999935, 4.591580745000044 ], [ -74.080520348999983, 4.591577708000045 ], [ -74.080516899999964, 4.591574742000034 ], [ -74.080513524999958, 4.591571775000034 ], [ -74.080510075999939, 4.591568809000023 ], [ -74.080506627999966, 4.591565843000069 ], [ -74.080503109999938, 4.591562947000057 ], [ -74.080499661999966, 4.591559981000046 ], [ -74.080496141999959, 4.591557084000044 ], [ -74.08049269299994, 4.591554188000032 ], [ -74.080489173999979, 4.591551293000066 ], [ -74.080485586999941, 4.591548397000054 ], [ -74.080482067999981, 4.591545502000031 ], [ -74.080478548999963, 4.591542606000075 ], [ -74.080474959999947, 4.591539710000063 ], [ -74.080471371999977, 4.591536885000039 ], [ -74.080467853999949, 4.591534060000072 ], [ -74.080464263999943, 4.59153116300007 ], [ -74.080460604999985, 4.591528336000067 ], [ -74.080457016999958, 4.591525514000068 ], [ -74.080453427999942, 4.591522689000044 ], [ -74.080449768999983, 4.591519933000029 ], [ -74.080446177999988, 4.591517107000072 ], [ -74.080442518999973, 4.591514283000038 ], [ -74.080438859999958, 4.591511527000023 ], [ -74.080435200999943, 4.591508773000044 ], [ -74.080431540999939, 4.591505948000076 ], [ -74.080427881999981, 4.59150319400004 ], [ -74.080424221999976, 4.591500438000025 ], [ -74.080420491999973, 4.591497684000046 ], [ -74.080416833999948, 4.591494929000021 ], [ -74.080413103999945, 4.591492177000021 ], [ -74.08040944399994, 4.59148949300004 ], [ -74.080405713999937, 4.591486737000025 ], [ -74.080401983999934, 4.591484052000055 ], [ -74.080398325999965, 4.591481298000076 ], [ -74.080394596999952, 4.591478615000028 ], [ -74.080390866999949, 4.591475861000049 ], [ -74.080387136999946, 4.591473175000033 ], [ -74.080383407999989, 4.591470491000052 ], [ -74.080379678999975, 4.591467808000061 ], [ -74.080375948999972, 4.591465124000024 ], [ -74.080372147999981, 4.591462440000043 ], [ -74.080368417999978, 4.591459755000074 ], [ -74.080364688999964, 4.591457071000036 ], [ -74.080360958999961, 4.591454460000023 ], [ -74.080357158999959, 4.591451775000053 ], [ -74.080353428999956, 4.591449090000026 ], [ -74.080349699999942, 4.591446477000034 ], [ -74.080345898999951, 4.591443794000043 ], [ -74.080342167999959, 4.591441180000061 ], [ -74.080338437999956, 4.591438496000023 ], [ -74.080334638999943, 4.591435882000042 ], [ -74.080330909999986, 4.591433199000051 ], [ -74.080327179999983, 4.591430586000058 ], [ -74.08032344999998, 4.591427973000066 ], [ -74.080319649999979, 4.591425358000038 ], [ -74.080315919999975, 4.591422675000047 ], [ -74.080312189999972, 4.591420061000065 ], [ -74.080308389999971, 4.591417449000062 ], [ -74.080304660999957, 4.591414833000044 ], [ -74.080300930999954, 4.591412221000041 ], [ -74.080297200999951, 4.591409608000049 ], [ -74.080293472999983, 4.591406995000057 ], [ -74.080289741999934, 4.591404381000075 ], [ -74.080286011999988, 4.591401768000026 ], [ -74.080282281999985, 4.591399155000033 ], [ -74.080278552999971, 4.591396541000051 ], [ -74.080274822999968, 4.591393926000023 ], [ -74.080271164999942, 4.59139131400002 ], [ -74.080267434999939, 4.591388701000028 ], [ -74.080263704999936, 4.591386088000036 ], [ -74.080260045999978, 4.591383473000064 ], [ -74.080256387999952, 4.591380861000061 ], [ -74.080252657999949, 4.591378318000068 ], [ -74.080248997999945, 4.591375705000075 ], [ -74.080245336999951, 4.591373091000037 ], [ -74.080241678999982, 4.591370478000044 ], [ -74.080238018999978, 4.591367865000052 ], [ -74.080234358999974, 4.59136525200006 ], [ -74.080230700999948, 4.591362637000032 ], [ -74.080226969999956, 4.591360025000029 ], [ -74.080223309999951, 4.591357482000035 ], [ -74.080219652999972, 4.591354869000043 ], [ -74.080215921999979, 4.591352255000061 ], [ -74.080212263999954, 4.591349713000056 ], [ -74.08020853499994, 4.591347100000064 ], [ -74.080204873999946, 4.591344556000024 ], [ -74.080201145, 4.591341942000042 ], [ -74.080197414999986, 4.591339400000038 ], [ -74.080193684999983, 4.591336858000034 ], [ -74.080190025999968, 4.59133431500004 ], [ -74.080186295999965, 4.591331701000058 ], [ -74.080182564999973, 4.591329159000054 ], [ -74.08017876599996, 4.59132661600006 ], [ -74.080175034999968, 4.591324073000067 ], [ -74.080171305999954, 4.591321531000062 ], [ -74.080167575999951, 4.591319060000046 ], [ -74.080163775999949, 4.591316515000074 ], [ -74.080160045999946, 4.591313975000048 ], [ -74.080156246999934, 4.591311501000064 ], [ -74.080152516999988, 4.591308957000024 ], [ -74.080148716999986, 4.591306486000065 ], [ -74.080144986999983, 4.591303943000071 ], [ -74.080141185999935, 4.591301471000065 ], [ -74.080137385999933, 4.591299 ], [ -74.080133585999988, 4.591296456000066 ], [ -74.080129785999986, 4.59129398400006 ], [ -74.080125985999985, 4.591291511000065 ], [ -74.080122184999937, 4.591289111000037 ], [ -74.080118385999981, 4.591286639000032 ], [ -74.080114584999933, 4.591284165000047 ], [ -74.080110715999979, 4.591281765000076 ], [ -74.080106914999988, 4.591279292000024 ], [ -74.080103115999975, 4.591276892000053 ], [ -74.080099243999939, 4.591274420000047 ], [ -74.080095373999939, 4.591272016000062 ], [ -74.080091573999937, 4.591269617000023 ], [ -74.080087704999983, 4.591267214000027 ], [ -74.080083833999936, 4.59126481200002 ], [ -74.080080033999934, 4.591262411000059 ], [ -74.080076162999944, 4.591260011000031 ], [ -74.080072293999933, 4.591257678000034 ], [ -74.080068422999943, 4.591255277000073 ], [ -74.080064552999943, 4.591252947000044 ], [ -74.080060682999942, 4.591250616000025 ], [ -74.080056740999964, 4.591248286000052 ], [ -74.080052869999975, 4.591245953000055 ], [ -74.080049, 4.591243624000072 ], [ -74.080045058999985, 4.591241292000063 ], [ -74.080041188999985, 4.591238961000045 ], [ -74.08003724699995, 4.59123670200006 ], [ -74.08003337699995, 4.591234371000041 ], [ -74.080029436999951, 4.591232111000068 ], [ -74.080025495999962, 4.591229848000069 ], [ -74.080021623999983, 4.591227589000027 ], [ -74.080017683999984, 4.591225330000043 ], [ -74.080013741999949, 4.591223070000069 ], [ -74.080009799999971, 4.59122080800006 ], [ -74.080005860999961, 4.591218619000074 ], [ -74.080001918999983, 4.591216360000033 ], [ -74.079997977999938, 4.591214168000022 ], [ -74.07999396699995, 4.591211980000026 ], [ -74.079990025999962, 4.591209788000072 ], [ -74.079986084999973, 4.591207601000065 ], [ -74.079982073999986, 4.591205410000043 ], [ -74.07997813299994, 4.591203222000047 ], [ -74.079974121999953, 4.591201101000024 ], [ -74.079970181999954, 4.591198983000027 ], [ -74.079966169999977, 4.59119686300005 ], [ -74.079962157999944, 4.591194745000053 ], [ -74.079958216999955, 4.591192625000076 ], [ -74.079954205999968, 4.591190507000022 ], [ -74.079950194999981, 4.591188458000033 ], [ -74.079946183999937, 4.591186339000046 ], [ -74.07994217199996, 4.591184290000058 ], [ -74.079938160999973, 4.591182243000048 ], [ -74.079934149999985, 4.59118019400006 ], [ -74.079930138999941, 4.591178146000061 ], [ -74.079926056999966, 4.591176168000061 ], [ -74.079922044999989, 4.591174120000062 ], [ -74.079918033999945, 4.591172142000062 ], [ -74.07991395199997, 4.591170164000062 ], [ -74.079909940999983, 4.591168186000061 ], [ -74.079905860999986, 4.591166208000061 ], [ -74.079901779999943, 4.591164230000061 ], [ -74.079897767999967, 4.591162324000038 ], [ -74.079893686999981, 4.591160416000037 ], [ -74.079889604999948, 4.591158509000024 ], [ -74.079885523999963, 4.591156600000033 ], [ -74.079881440999941, 4.591154694000068 ], [ -74.079877359999955, 4.591152858000044 ], [ -74.07987327799998, 4.591150950000042 ], [ -74.079869195999947, 4.591149115000064 ], [ -74.079865113999972, 4.591147278000051 ], [ -74.079861032999986, 4.591145440000048 ], [ -74.079856950999954, 4.591143674000023 ], [ -74.07985279899998, 4.591141839000045 ], [ -74.079848716999948, 4.59114007200003 ], [ -74.079844564999973, 4.591138307000051 ], [ -74.079840482999941, 4.591136540000036 ], [ -74.079836331999957, 4.591134775000057 ], [ -74.079832248999935, 4.591133079000031 ], [ -74.079828096999961, 4.59113138500004 ], [ -74.079823944999987, 4.591129617000036 ], [ -74.079819792999956, 4.591127923000045 ], [ -74.079815641999971, 4.591126228000064 ], [ -74.079811488999951, 4.591124531000048 ], [ -74.079807337999966, 4.591122837000057 ], [ -74.079803185999936, 4.59112114200002 ], [ -74.079799033999961, 4.591119517000038 ], [ -74.079794880999941, 4.591117821000068 ], [ -74.079790658999968, 4.591116197000076 ], [ -74.079786506999938, 4.591114573000027 ], [ -74.079782284999965, 4.591112875000022 ], [ -74.079778132999934, 4.591111251000029 ], [ -74.079773908999982, 4.591109627000037 ], [ -74.079769685999963, 4.591108003000045 ], [ -74.079765463999934, 4.591106449000051 ], [ -74.079761240999972, 4.591104823000023 ], [ -74.079757090999976, 4.591103199000031 ], [ -74.079752865999978, 4.591101645000037 ], [ -74.079748644999938, 4.591100020000056 ], [ -74.079744352999967, 4.591098465000073 ], [ -74.079740129999948, 4.591096913000058 ], [ -74.079735907999975, 4.591095358000075 ], [ -74.079731684999956, 4.591093805000071 ], [ -74.079727392999985, 4.591092248000052 ], [ -74.079723170999955, 4.591090766000036 ], [ -74.079718876999948, 4.591089213000032 ], [ -74.079714653999986, 4.591087730000027 ], [ -74.079710361999958, 4.591086175000044 ], [ -74.079706138999939, 4.591084690000059 ], [ -74.079701844999988, 4.591083207000054 ], [ -74.07969755299996, 4.591081724000048 ], [ -74.079693259999942, 4.591080241000043 ], [ -74.07968903799997, 4.591078757000048 ], [ -74.079684743999962, 4.591077273000053 ], [ -74.079680451999934, 4.591075861000036 ], [ -74.079676159999963, 4.591074377000041 ], [ -74.079671865999956, 4.591072965000023 ], [ -74.079667573999984, 4.591071552000074 ], [ -74.079663211999957, 4.591070068000022 ], [ -74.07965891799995, 4.591068655000072 ], [ -74.079654624999989, 4.591067243000055 ], [ -74.079650331999972, 4.591065900000046 ], [ -74.079645968999955, 4.59106448600005 ], [ -74.079641675999937, 4.591063075000022 ], [ -74.079637382999977, 4.591061732000071 ], [ -74.07963301999996, 4.591060390000052 ], [ -74.079628726999943, 4.591058978000035 ], [ -74.079624364999972, 4.591057635000027 ], [ -74.079620001999956, 4.591056292000076 ], [ -74.079615707999949, 4.591054949000068 ], [ -74.079611342999954, 4.591053607000049 ], [ -74.079607050999982, 4.591052336000075 ], [ -74.079602687999966, 4.591050994000057 ], [ -74.079598324999949, 4.591049723000026 ], [ -74.079593961999933, 4.591048381000064 ], [ -74.079589598999974, 4.591047109000044 ], [ -74.079585304999966, 4.59104583800007 ], [ -74.079580943999986, 4.591044566000051 ], [ -74.079576578999934, 4.59104329500002 ], [ -74.079572216999964, 4.591042022000067 ], [ -74.079567852999958, 4.591040821000036 ], [ -74.079563488999952, 4.591039548000026 ], [ -74.079559125999936, 4.591038347000051 ], [ -74.079554761999987, 4.591037147000065 ], [ -74.079550327999982, 4.591035874000056 ], [ -74.079545964999966, 4.59103467400007 ], [ -74.079541601999949, 4.591033474000028 ], [ -74.079537239999979, 4.591032274000042 ], [ -74.079532876999963, 4.591031143000066 ], [ -74.079528512999957, 4.591029942000034 ], [ -74.079524079999942, 4.591028812000047 ], [ -74.079519717999972, 4.591027611000072 ], [ -74.079515352999977, 4.591026480000039 ], [ -74.079510919999962, 4.591025350000052 ], [ -74.079506554999966, 4.591024219000076 ], [ -74.07950219199995, 4.591023089000032 ], [ -74.079497758999935, 4.591021959000045 ], [ -74.079493395999975, 4.591020898000068 ], [ -74.079489031999969, 4.591019768000024 ], [ -74.079484598999954, 4.591018709000025 ], [ -74.079480237999974, 4.591017578000049 ], [ -74.079475803999969, 4.59101651800006 ], [ -74.079471439999963, 4.591015459000062 ], [ -74.079467005999959, 4.591014400000063 ], [ -74.079462641999953, 4.591013340000075 ], [ -74.079458207999949, 4.591012350000028 ], [ -74.079453844999989, 4.59101129000004 ], [ -74.079449411999974, 4.591010229000062 ], [ -74.079445047999968, 4.591009240000062 ], [ -74.079440613999964, 4.591008251000062 ], [ -74.079436250999947, 4.591007262000062 ], [ -74.079431818999979, 4.591006274000051 ], [ -74.079427454999973, 4.591005284000062 ], [ -74.079423020999968, 4.591004295000062 ], [ -74.079418586999964, 4.591003307000051 ], [ -74.079414223999947, 4.591002389000039 ], [ -74.079409790999989, 4.591001470000037 ], [ -74.079405426999983, 4.591000480000048 ], [ -74.079400993999968, 4.590999562000036 ], [ -74.079396630999952, 4.590998642000045 ], [ -74.079392195999958, 4.590997724000033 ], [ -74.079387761999953, 4.590996806000021 ], [ -74.079383399999983, 4.590995957000075 ], [ -74.079378965999979, 4.590995038000074 ], [ -74.079374602999962, 4.59099419000006 ], [ -74.079370168999958, 4.590993344000026 ], [ -74.079365806999988, 4.590992426000071 ], [ -74.079361372999983, 4.590991577000068 ], [ -74.079357008999978, 4.590990730000044 ], [ -74.079352574999973, 4.590989952000029 ], [ -74.079348210999967, 4.590989104000073 ], [ -74.079343777999952, 4.59098825500007 ], [ -74.079339413999946, 4.590987479000034 ], [ -74.079334980999988, 4.590986702000066 ], [ -74.079330616999982, 4.590985854000053 ], [ -74.079326182999978, 4.590985077000028 ], [ -74.079321820999951, 4.59098429900007 ], [ -74.079317387999936, 4.590983593000033 ], [ -74.079313023999987, 4.590982814000029 ], [ -74.079308588999936, 4.590982107000059 ], [ -74.079304155999978, 4.590981403000058 ], [ -74.079299723999952, 4.59098076500004 ], [ -74.079295289999948, 4.590980129000059 ], [ -74.079290857, 4.590979494000067 ], [ -74.07928635199994, 4.590978857000039 ], [ -74.079281918999982, 4.590978222000047 ], [ -74.079277414999979, 4.590977657000053 ], [ -74.079272979999985, 4.590977090000024 ], [ -74.079268475999982, 4.590976595000029 ], [ -74.079263971999978, 4.590976101000024 ], [ -74.079259466999986, 4.590975607000075 ], [ -74.079254962999983, 4.590975111000034 ], [ -74.079250458999979, 4.59097461600004 ], [ -74.079245954999976, 4.590974193000022 ], [ -74.079241450999973, 4.590973768000026 ], [ -74.07923694699997, 4.590973414000075 ], [ -74.079232442999967, 4.590972990000068 ], [ -74.079227868999965, 4.59097263600006 ], [ -74.079223365999951, 4.59097235400003 ], [ -74.079218861999948, 4.590972001000068 ], [ -74.079214286999957, 4.590971718000048 ], [ -74.079209782999953, 4.590971434000039 ], [ -74.079205207999962, 4.59097115000003 ], [ -74.079200703999959, 4.590970939000044 ], [ -74.079196128999968, 4.590970727000069 ], [ -74.079191554999966, 4.590970514000048 ], [ -74.079187050999963, 4.590970373000061 ], [ -74.079182475999971, 4.590970230000039 ], [ -74.079177901999969, 4.590970090000042 ], [ -74.079173325999989, 4.590969948000065 ], [ -74.079168822999975, 4.590969878000067 ], [ -74.079164248999973, 4.590969805000043 ], [ -74.079159673999982, 4.590969734000055 ], [ -74.07915509999998, 4.590969732000076 ], [ -74.079150525999978, 4.590969733000065 ] ] ], [ [ [ -74.079996187999939, 4.500254181000059 ], [ -74.079957649999983, 4.500171737000073 ], [ -74.079912816, 4.500194223000051 ], [ -74.079885682999986, 4.500124176000043 ], [ -74.079817012999968, 4.499978150000061 ], [ -74.079714965999983, 4.500006865000046 ], [ -74.079616649999934, 4.500041826000029 ], [ -74.079548603999967, 4.500062052000033 ], [ -74.079539851999982, 4.500056756000049 ], [ -74.079449182999952, 4.500016628000026 ], [ -74.079394553999975, 4.499938066000027 ], [ -74.079420458999948, 4.499852721000025 ], [ -74.079414826999937, 4.49983406900003 ], [ -74.079394552999986, 4.499765681000042 ], [ -74.079354567999985, 4.499681468000063 ], [ -74.079333729999973, 4.49958368800003 ], [ -74.079305006999959, 4.499497213000041 ], [ -74.079286985999943, 4.49940282600005 ], [ -74.079287548999957, 4.499306742000044 ], [ -74.079265021999959, 4.499217441000042 ], [ -74.079263895999986, 4.499125315000072 ], [ -74.07924587499997, 4.499036579000062 ], [ -74.079216024999937, 4.498950105000063 ], [ -74.079186740999944, 4.49886023800002 ], [ -74.07917660399994, 4.498764720000054 ], [ -74.079204760999971, 4.498678244000075 ], [ -74.079220237999948, 4.498638780000022 ], [ -74.079474018999974, 4.498539349000055 ], [ -74.079555827999968, 4.498508138000034 ], [ -74.079641556999945, 4.49847985200006 ], [ -74.079725867999969, 4.49845203600006 ], [ -74.079741255999977, 4.498446959000034 ], [ -74.07980979499996, 4.49842304200007 ], [ -74.079855749999979, 4.498407006000036 ], [ -74.079874143999973, 4.498401183000055 ], [ -74.079928052999946, 4.49838203500002 ], [ -74.07998889299995, 4.498361025000065 ], [ -74.080087903999981, 4.498326832000032 ], [ -74.080166578999979, 4.498299661000033 ], [ -74.080351056999973, 4.498235953000062 ], [ -74.080483652999987, 4.498188029000062 ], [ -74.080592235999973, 4.498148782000044 ], [ -74.080751783999972, 4.498091117000058 ], [ -74.080892412999958, 4.498039926000047 ], [ -74.080894874999956, 4.498038981000036 ], [ -74.080978434999963, 4.498006927000063 ], [ -74.081019350999952, 4.497991229000036 ], [ -74.081229668999981, 4.497918812000023 ], [ -74.08123735099997, 4.497916067000062 ], [ -74.081287938999935, 4.497897987000044 ], [ -74.081304615999954, 4.497892026000045 ], [ -74.081387880999955, 4.497862265000037 ], [ -74.081428787999982, 4.497847642000067 ], [ -74.081636617999948, 4.497772729000076 ], [ -74.081712277999941, 4.497743614000058 ], [ -74.081782846999943, 4.497716456000035 ], [ -74.081818314999964, 4.497702808000042 ], [ -74.082102059999954, 4.497587934000023 ], [ -74.082115617999989, 4.497582715000021 ], [ -74.08229993499998, 4.497511768000038 ], [ -74.082501542999978, 4.497435603000042 ], [ -74.082515232999981, 4.497426861000065 ], [ -74.082526430999962, 4.497449343000028 ], [ -74.082561156999986, 4.497539837000033 ], [ -74.082593161999966, 4.49762323300007 ], [ -74.082624255999974, 4.497704259000045 ], [ -74.082643378999933, 4.497754092000037 ], [ -74.082655281999962, 4.497784160000037 ], [ -74.082687720999957, 4.497866111000064 ], [ -74.082720291999976, 4.497948398000062 ], [ -74.082752355999958, 4.498029401000053 ], [ -74.082785430999934, 4.498112966000065 ], [ -74.082816815999934, 4.49819225400006 ], [ -74.082831245999955, 4.498228704000041 ], [ -74.082848153999976, 4.498272797000027 ], [ -74.082879963999972, 4.498355727000046 ], [ -74.082912341999986, 4.498440151000068 ], [ -74.082941350999988, 4.498515786000041 ], [ -74.082971373999953, 4.49859406500002 ], [ -74.083000893999952, 4.498671032000061 ], [ -74.083010400999967, 4.498695819000034 ], [ -74.083043995999958, 4.498774506000075 ], [ -74.082898394999972, 4.498749513000064 ], [ -74.082837419999976, 4.498740765000036 ], [ -74.082747601999984, 4.498732095000037 ], [ -74.082544970999948, 4.49875822100006 ], [ -74.082539664999956, 4.498761609000042 ], [ -74.082531281999934, 4.498766960000069 ], [ -74.082352072999981, 4.498850623000067 ], [ -74.082194020999964, 4.498918049000054 ], [ -74.081909028999974, 4.499046661000023 ], [ -74.081728576999978, 4.499126573000069 ], [ -74.08155931899995, 4.499236462000056 ], [ -74.081474691999972, 4.499287659000061 ], [ -74.081409062999967, 4.499327602000051 ], [ -74.081398775999958, 4.499333863000061 ], [ -74.081336549999946, 4.49938131600004 ], [ -74.08127183199997, 4.499438758000053 ], [ -74.081203380999966, 4.499499950000029 ], [ -74.081146129999979, 4.499553648000074 ], [ -74.081097101999944, 4.49960379700002 ], [ -74.081065277999983, 4.499651696000058 ], [ -74.081038262999982, 4.49969068300004 ], [ -74.081038951999972, 4.499695078000059 ], [ -74.081048037999949, 4.499708507000037 ], [ -74.081124947999967, 4.499822165000069 ], [ -74.081174717999943, 4.499897106000049 ], [ -74.081223247999958, 4.499963305000051 ], [ -74.081168486999957, 4.499982033000038 ], [ -74.081096689999981, 4.50000751500005 ], [ -74.081090573999973, 4.500009682000041 ], [ -74.081032651999976, 4.500030240000058 ], [ -74.080985546999955, 4.500046958000041 ], [ -74.080975186999979, 4.500050929000054 ], [ -74.080912958999988, 4.500074774000041 ], [ -74.080852560999972, 4.500097919000041 ], [ -74.080806339999981, 4.500115632000075 ], [ -74.080797905999987, 4.500118722000025 ], [ -74.080740048999985, 4.500139923000063 ], [ -74.080672667999977, 4.500164617000053 ], [ -74.080612387999963, 4.500186710000037 ], [ -74.080598506999934, 4.500191794000045 ], [ -74.080546081999955, 4.500212971000053 ], [ -74.080422657999975, 4.500257942000076 ], [ -74.080356901999949, 4.500282252000034 ], [ -74.08030605099998, 4.50030416900006 ], [ -74.080285619999984, 4.500310710000065 ], [ -74.080247559999975, 4.500322897000046 ], [ -74.080213084999968, 4.500333144000024 ], [ -74.080146756999966, 4.500352861000067 ], [ -74.080057151999938, 4.500379080000073 ], [ -74.079996187999939, 4.500254181000059 ] ] ] ] } }
]
}
